film_id,film_title,conv_id,speaker_1,speaker_2,speaker_1_gender,speaker_2_gender,num_lines,total_words,male_mentions,male_talk_score,flagged_about_man,text
m0,10 things i hate about you,conv_25,BIANCA,CHASTITY,f,f,3,12,0,0.0,0,Did you change your hair? No. You might wanna think about it
m0,10 things i hate about you,conv_26,BIANCA,CHASTITY,f,f,3,10,3,0.3,1,Where did he go?  He was just here. Who? Joey.
m0,10 things i hate about you,conv_27,BIANCA,CHASTITY,f,f,2,9,1,0.1111,1,"Great Would you mind getting me a drink, Cameron?"
m0,10 things i hate about you,conv_28,BIANCA,CHASTITY,f,f,3,48,5,0.1042,1,"He practically proposed when he found out we had the same dermatologist. I mean. Dr. Bonchowski is great an all, but he's not exactly relevant party conversation. Is he oily or dry? Combination.  I don't know -- I thought he'd be different.  More of a gentleman..."
m0,10 things i hate about you,conv_29,BIANCA,CHASTITY,f,f,3,66,4,0.0606,0,"Bianca, I don't think the highlights of dating Joey Dorsey are going to include door-opening and coat-holding. Sometimes I wonder if the guys we're supposed to want to go out with are the ones we actually want to go out with, you know? All I know is -- I'd give up my private line to go out with a guy like Joey."
m0,10 things i hate about you,conv_30,BIANCA,CHASTITY,f,f,2,17,0,0.0,0,I have to be home in twenty minutes. I don't have to be home 'til two.
m0,10 things i hate about you,conv_31,BIANCA,CHASTITY,f,f,2,12,0,0.0,0,You think you ' re the only sophomore at the prom? I did.
m0,10 things i hate about you,conv_38,BIANCA,KAT,f,f,2,7,0,0.0,0,"Where've you been? Nowhere... Hi, Daddy."
m0,10 things i hate about you,conv_39,BIANCA,KAT,f,f,2,28,0,0.0,0,I have the potential to smack the crap out of you if you don't get out of my way. Can you at least start wearing a bra?
m0,10 things i hate about you,conv_40,BIANCA,KAT,f,f,5,75,0,0.0,0,"Oh my God, does this mean you're becoming normal? It means that Gigglepuss is playing at Club Skunk and we're going. Oh, I thought you might have a date  I don't know why I'm bothering to ask, but are you going to Bogey Lowenstein's party Saturday night? What do you think? I think you're a freak.  I think you do this to torture me.  And I think you suck."
m0,10 things i hate about you,conv_41,BIANCA,KAT,f,f,3,39,0,0.0,0,"You're ruining my life'  Because you won't be normal, I can't be normal. What's normal? Bogey Lowenstein's party is normal, but you're too busy listening to Bitches Who Need Prozac to know that."
m0,10 things i hate about you,conv_42,BIANCA,KAT,f,f,2,24,0,0.0,0,Can't you forget for just one night that you're completely wretched? At least I'm not a clouted fen- sucked hedge-pig.
m0,10 things i hate about you,conv_43,BIANCA,KAT,f,f,3,46,4,0.087,0,"Like I'm supposed to know what that even means. It's Shakespeare.  Maybe you've heard of him? Yeah, he's your freak friend Mandella's boyfriend.  I guess since I'm not allowed to go out, I should obsess over a dead guy, too."
m0,10 things i hate about you,conv_44,BIANCA,KAT,f,f,2,9,0,0.0,0,You are so completely unbalanced. Can we go now?
m0,10 things i hate about you,conv_45,BIANCA,KAT,f,f,2,26,0,0.0,0,"Bianca, I need to talk to you -- I need to tell you -- I really don't think I need any social advice from you right now."
m0,10 things i hate about you,conv_46,BIANCA,KAT,f,f,2,29,0,0.0,0,"I don't get you.  You act like you're too good for any of this, and then you go totally apeshit when you get here. You're welcome."
m0,10 things i hate about you,conv_47,BIANCA,KAT,f,f,4,65,0,0.0,0,"Listen, I know you hate having to sit home because I'm not Susie High School. Like you care. I do care. But I'm a firm believer in doing something for your own reasons, not someone else ' s . I wish I had that luxury. I'm the only sophomore that got asked to the prom and I can't go, because you won ' t."
m0,10 things i hate about you,conv_48,BIANCA,KAT,f,f,8,36,4,0.1111,1,"Joey never told you we went out, did he? What? In 9th.  For a month Why? He was, like, a total babe But you hate Joey Now I do.  Back then, was a different story. As in..."
m0,10 things i hate about you,conv_49,BIANCA,KAT,f,f,3,38,4,0.1053,1,"He said everyone was doing it.  So I did it. You did what? Just once.  Afterwards, I told him I didn't want to anymore.  I wasn't ready. He got pissed.  Then he broke up with me."
m0,10 things i hate about you,conv_50,BIANCA,KAT,f,f,5,81,2,0.0247,0,"But After that, I swore I'd never do anything just because ""everyone else"" was doing it.  And I haven't since. Except for Bogey's party, and my stunning gastro-intestinal display -- Why didn't you tell me? I wanted to let you make up your own mind about him. No. you didn't!  If you really thought I could make my own decisions, you would've let me go out with him instead of helping Daddy hold me hostage."
m0,10 things i hate about you,conv_51,BIANCA,KAT,f,f,6,66,1,0.0152,0,"That's not I'm not stupid enough to repeat your mistakes. I guess I thought I was protecting you. God, you're just like him! Just keep me locked away in the dark, so I can't experience anything for myself Not all experiences are good, Bianca. You can't always trust the people you want to. I guess I'll never know, will I?"
m0,10 things i hate about you,conv_52,BIANCA,KAT,f,f,2,10,0,0.0,0,"You looked beautiful last night, you know. So did you"
m0,10 things i hate about you,conv_53,BIANCA,KAT,f,f,5,25,0,0.0,0,Let go! You set me up. I just wanted -- What? To completely damage me?  To send me to therapy forever? What? No! I just wanted
m0,10 things i hate about you,conv_54,BIANCA,KAT,f,f,2,16,0,0.0,0,Is that woman a complete fruit-loop or is it just me? It's just you.
m0,10 things i hate about you,conv_55,BIANCA,KAT,f,f,2,5,1,0.2,1,Patrick -- is that- a. Perm?
m0,10 things i hate about you,conv_114,KAT,MANDELLA,f,f,6,44,4,0.0909,0,Who's that? Patrick Verona   Random skid. That's Pat Verona? The one who was gone for a year? I heard he was doing porn movies. I'm sure he's completely incapable of doing anything that interesting. He always look so Block E?
m0,10 things i hate about you,conv_115,KAT,MANDELLA,f,f,2,14,0,0.0,0,"Mandella, eat.  Starving yourself is a very slow way to die. Just a little."
m0,10 things i hate about you,conv_116,KAT,MANDELLA,f,f,2,6,0,0.0,0,What's this? An attempted slit.
m0,10 things i hate about you,conv_117,KAT,MANDELLA,f,f,2,59,2,0.0339,0,"I realize that the men of this fine institution are severely lacking, but killing yourself so you can be with William Shakespeare is beyond the scope of normal teenage obsessions.  You're venturing far past daytime talk show fodder and entering the world of those who need very expensive therapy. But imagine the things he'd say during sex."
m0,10 things i hate about you,conv_118,KAT,MANDELLA,f,f,2,22,0,0.0,0,The people at this school are so incredibly foul. You could always go with me.  I'm sure William has some friends.
m0,10 things i hate about you,conv_119,KAT,MANDELLA,f,f,5,59,4,0.0678,0,"So he has this huge raging fit about Sarah Lawrence and insists that I go to his male-dominated, puking frat boy, number one golf team school. I have no say at all. William would never have gone to a state school. William didn't even go to high school That's never been proven Neither has his heterosexuality."
m0,10 things i hate about you,conv_120,KAT,MANDELLA,f,f,3,35,0,0.0,0,"I appreciate your efforts toward a speedy death, but I'm consuming.  Do you mind? Does it matter? If I was Bianca, it would be, ""Any school you want, precious.  Don't forget your tiara."""
m0,10 things i hate about you,conv_121,KAT,MANDELLA,f,f,2,7,0,0.0,0,You think this'll work? No fear.
m0,10 things i hate about you,conv_122,KAT,MANDELLA,f,f,2,6,1,0.1667,1,What'd he say? Who cares?
m0,10 things i hate about you,conv_123,KAT,MANDELLA,f,f,6,60,0,0.0,0,You went to the party?  I thought we were officially opposed to suburban social activity. I didn't have a choice. You didn't have a choice?  Where's Kat and what have you done with her? I did Bianca a favor and it backfired. You didn't I got drunk.  I puked.  I got rejected. It was big fun.
m0,10 things i hate about you,conv_124,KAT,MANDELLA,f,f,6,80,0,0.0,0,"Can you even imagine?  Who the hell would go to this a bastion of commercial excess? Well, I guess we're not, since we don't have dates . Listen to you!  You sound like Betty, all pissed off because Archie is taking Veronica. Okay, okay, we won't go.  It's not like I have a dress anyway You ' re looking at this from the wrong perspective.  We're making a statement. Oh, good.  Something new and different for us."
m0,10 things i hate about you,conv_125,KAT,MANDELLA,f,f,4,25,3,0.12,1,"Have you seen him? Who? William - he asked me to meet him here. Oh, honey -- tell me we haven't' progressed to full-on hallucinations."
m7,a nightmare on elm street 4: the dream master,conv_1003,ALICE,KRISTEN,f,f,4,45,0,0.0,0,"Here you are.  Where were you this morning?  Rick's looking all over for you. Have you seen Joey and Kincaid!  God, I can't find them.  I can't find them anywhere. I'm sure they're around. Yeah, I'm not so sure."
m7,a nightmare on elm street 4: the dream master,conv_1004,ALICE,KRISTEN,f,f,2,15,1,0.0667,0,"I love to dream, I just hate ones about my dad. You could do worse."
m7,a nightmare on elm street 4: the dream master,conv_1005,ALICE,KRISTEN,f,f,4,56,1,0.0179,0,"My mom taught me when I was little.  Did you ever hear of the dream master? Sounds like a game show host to me. No really, it's a fable.  The 'guardian of good' dreams.  It was like my teddy bear when I was growing up. Great, you wouldn't happen to know his phone number?"
m7,a nightmare on elm street 4: the dream master,conv_1006,ALICE,KRISTEN,f,f,3,34,0,0.0,0,"I daydream.  you have to dream about some place fun.  Remember you're in control. How'd you learn so much about dreams? When they're all you have, you kinda become an expert."
m7,a nightmare on elm street 4: the dream master,conv_1007,ALICE,KRISTEN,f,f,2,21,0,0.0,0,You what? When I used to have nightmares.  I brought my friends in to help me.  Until they all started dying.
m7,a nightmare on elm street 4: the dream master,conv_1008,ALICE,KRISTEN,f,f,2,21,0,0.0,0,"Kristen, what happened? You'll hear all kinds of stories. They'll tell you it was murder, but it wasn't."
m7,a nightmare on elm street 4: the dream master,conv_1009,ALICE,SHEILA,f,f,5,51,0,0.0,0,You in a hurry? I gotta get to the library before it closes.  Killer physics test. I know.  I hardly have any time to study. Maybe you shouldn't be working here so much.  You don't want to get stuck waiting tables for the rest of your life. I know.
m7,a nightmare on elm street 4: the dream master,conv_1010,ALICE,SHEILA,f,f,3,12,0,0.0,0,"Ohhhhbaby, I am dead on my feet. We have matching luggage. What?"
m7,a nightmare on elm street 4: the dream master,conv_1011,ALICE,SHEILA,f,f,4,35,1,0.0286,0,"You've been up all night? That obvious, huh? Then you saw him, too? Saw who? I was up all night cramming for this physics test, and I was putting this little baby together.  Look..."
m7,a nightmare on elm street 4: the dream master,conv_1028,ALICE,DEBBIE,f,f,2,8,0,0.0,0,"Rick, please. Alright, I think I see salvation..."
m7,a nightmare on elm street 4: the dream master,conv_1029,ALICE,DEBBIE,f,f,2,20,0,0.0,0,I think Sheila's more interested in dissecting bodies than just admiring them. Give her time.  Beauty is skin deep.
m7,a nightmare on elm street 4: the dream master,conv_1030,ALICE,DEBBIE,f,f,4,34,0,0.0,0,Asthma attack...what 17-year old has a fatal asthma attack?  She was gonna be a doctor. It was Freddy. Enough of that crap. I saw it. It was my dream.  I brought Sheila in...
m7,a nightmare on elm street 4: the dream master,conv_1037,ELAINE,KRISTEN,f,f,3,50,0,0.0,0,"Something the matter with the cuisine? Well Mom, I'll tell ya, when two of your friends die the same day, you let me know what it does to your appetite. You're just tired.  Don't think I haven't noticed your not sleeping.  That has to stop, honey."
m7,a nightmare on elm street 4: the dream master,conv_1038,ELAINE,KRISTEN,f,f,2,10,0,0.0,0,What's wrong with me? Your distraught.  It'll help...
m7,a nightmare on elm street 4: the dream master,conv_1039,ELAINE,KRISTEN,f,f,4,59,2,0.0339,0,"I'm sorry honey, but... Sorry!! Sorry that you and your tennis pals torched this guy who's now after me. In case you haven't been keeping score, it's his fucking banquet, and I'm the LAST COURSE!! Honey, we went over this in therapy. Mother, you've just murdered me.  Take that to your goddamn therapy..."
m7,a nightmare on elm street 4: the dream master,conv_1044,KRISTEN,NURSE,f,f,3,14,0,0.0,0,Feeling better now? Yeah.  I guess so... What happened? You had a nasty bump.
m7,a nightmare on elm street 4: the dream master,conv_1045,KRISTEN,NURSE,f,f,4,26,1,0.0385,0,"I gotta get out of here. You just stay put.  You need rest. You don't get it, he's after me... Don't worry, honey"
m13,airplane!,conv_1597,LISA,RANDY,f,f,6,34,0,0.0,0,"Hi! I'm Randy. I'm Lisa. Oh, you have a guitar! I thought maybe you'd like to hear a song. Oh, I'd love to. Okay, this is one of my favorites."
m13,airplane!,conv_1598,MRS. HAMMEN,RANDY,f,f,2,15,0,0.0,0,"Would either of you like another cup of coffee? I will, but Jim won't."
m13,airplane!,conv_1599,MRS. HAMMEN,RANDY,f,f,5,58,2,0.0345,0,"Yes? Oh, Stewardess. My husband is very sick. Can you do something, please? Well, the doctor will be with you in just a moment. One thing: do you know what he had for dinner? Yes, of course. We both had fish. Why? Oh, it's nothing to be alarmed about. We'll get back to you very quickly."
m15,aliens,conv_1825,NEWT,RIPLEY,f,f,2,18,1,0.0556,0,What did you say? Newt.  My n-name's Newt. Nobody calls me Rebecca except my dork brother.
m15,aliens,conv_1826,NEWT,RIPLEY,f,f,2,9,0,0.0,0,Casey.  She's my only friend. What about me?
m15,aliens,conv_1827,NEWT,RIPLEY,f,f,3,31,0,0.0,0,"I don't want you for a friend. Why not? Because you'll be gone soon, like the others.  Like everybody.  You'll be dead and you'll leave me alone."
m15,aliens,conv_1828,NEWT,RIPLEY,f,f,6,36,0,0.0,0,"They'd be here if they could, honey.  I know they would. They're dead. Newt.  Look at me...Newt.  I won't leave you.  I promise. You promise? Cross my heart. And hope to die?"
m15,aliens,conv_1829,NEWT,RIPLEY,f,f,4,43,0,0.0,0,"I was the best at the game. I knew the whole maze. The 'maze'?  You mean the air ducts? Yeah, you know.  In the walls, under the floor.  I was the ace.  I could hide better than anybody. You're really something, ace."
m15,aliens,conv_1830,NEWT,RIPLEY,f,f,3,23,0,0.0,0,"I guess we're not leaving, right? I'm sorry, Newt. You don't have to be sorry.  It wasn't your fault."
m15,aliens,conv_1831,NEWT,RIPLEY,f,f,2,21,0,0.0,0,Now you just lie here and have a nap.  You're exhausted. I don't want to...I have scary dreams.
m15,aliens,conv_1832,NEWT,RIPLEY,f,f,3,32,0,0.0,0,"Ripley...she doesn't have bad dreams because she's just a piece of plastic. Oh.  Sorry, Newt. My mommy always said there were no monsters.  No real ones.  But there are."
m15,aliens,conv_1833,NEWT,RIPLEY,f,f,2,13,0,0.0,0,"Yes, there are, aren't there. Why do they tell little kids that?"
m15,aliens,conv_1834,NEWT,RIPLEY,f,f,2,18,0,0.0,0,"Well, some kids can't handle it like you can. Did one of those things grow inside her?"
m15,aliens,conv_1835,NEWT,RIPLEY,f,f,8,45,0,0.0,0,"I don't know, Newt.  That's the truth. Isn't that how babies come? I mean people babies...they grow inside you? No, it's different, honey. Did you ever have a baby? Yes.  A little girl. Where is she? Gone. You mean dead."
m15,aliens,conv_1836,NEWT,RIPLEY,f,f,2,25,0,0.0,0,"Don't go!  Please. I'll be right in the other room, Newt.  And look...I can see you on that camera right up there."
m15,aliens,conv_1837,NEWT,RIPLEY,f,f,3,15,0,0.0,0,"Newt.  Newt, wake up. Wah...?  Where are...? Sssh.  Don't move.  We're in trouble."
m15,aliens,conv_1838,NEWT,RIPLEY,f,f,2,12,0,0.0,0,"Mommy...I mean, Ripley...I'm scared. I know, honey.  Me too."
m15,aliens,conv_1839,NEWT,RIPLEY,f,f,2,5,1,0.2,1,Burke!  Open the door! Look!
m15,aliens,conv_1840,NEWT,RIPLEY,f,f,3,19,0,0.0,0,Come on.  Crawl faster. DO you know how to get to the landing field from here? Sure.  Go left.
m15,aliens,conv_1841,NEWT,RIPLEY,f,f,2,10,0,0.0,0,"This way.  Come on, we're almost there! Newt, wait!"
m15,aliens,conv_1842,NEWT,RIPLEY,f,f,2,16,0,0.0,0,"I knew you'd come. Newt, I want you to hang on, now.  Hang on tight."
m15,aliens,conv_1843,NEWT,RIPLEY,f,f,2,7,0,0.0,0,"Mommy...Mommy? Right here, baby.  Right here."
m15,aliens,conv_1844,NEWT,RIPLEY,f,f,4,19,0,0.0,0,"Are we going to sleep now? That's right. Can we dream? Yes, honey.  I think we both can."
m17,an american werewolf in london,conv_2123,ALEX,MRS. HOBBS,f,f,6,75,6,0.08,0,"Miss Price. Yes, Mrs. Hobbs. Take these round now, will you please? The American boy in twenty-one is only to have these after he's eaten. Will you be sure of that? Has he been refusing food? Nothing quite as dramatic as that, Miss Price. He just doesn't eat enough of what is put before him. He suffers from nightmares. I'd think he just needs a hand to hold. Yes, Mrs. Hobbs."
m22,austin powers: international man of mystery,conv_2972,MRS. KENSINGTON,VANESSA,f,f,6,27,3,0.1111,1,"Oh, hello Vanessa. How was the flight? Great. How's Austin? He's asleep. You didn't... Oh, God no, I made him sleep on the couch."
m22,austin powers: international man of mystery,conv_2973,MRS. KENSINGTON,VANESSA,f,f,3,15,1,0.0667,0,I'm proud of you. Why? Because you managed to resist Austin Power's charms.
m22,austin powers: international man of mystery,conv_2974,MRS. KENSINGTON,VANESSA,f,f,10,163,19,0.1166,1,"Well, God knows he tried, but I've been rather firm with him, Mummy. You didn't tell me he was so obsessed with sex. It's bizarre. You can't judge him by modern standards. He's very much a product of his times. In my day he could have any woman he wanted. What about his teeth? You have to understand, in Britain in the Sixties you could be a sex symbol and still have bad teeth. It didn't matter. I just don't see it. Just wait. Once Austin gets you in his charms, it's impossible to get out. Did you ever... Of course not. I was married to your father. Did you ever want to? Austin is very charming, very debonair. He's handsome, witty, has a knowledge of fine wines, sophisticated, a world-renowned photographer. Women want him, men want to be him. He's a lover of love-- every bit an International Man of Mystery."
m22,austin powers: international man of mystery,conv_2975,MRS. KENSINGTON,VANESSA,f,f,2,25,1,0.04,0,"You didn't answer my question, Mum. I know. Let me just say this: Austin was the most loyal and caring friend I ever had."
m22,austin powers: international man of mystery,conv_2976,MRS. KENSINGTON,VANESSA,f,f,3,29,0,0.0,0,"No, it's been too long. Best to leave things alone. I'm on with a friend!  Look, I'd better go. I love you. I love you, Vanessa."
m23,the avengers,conv_3014,EMMA,VALENTINE,f,f,2,6,0,0.0,0,"Good luck ... Peter ... Emma. Thanks, Valentine ..."
m23,the avengers,conv_3015,EMMA,VALENTINE,f,f,2,12,0,0.0,0,"You. Darling Emma -- yes, we:  the true genius behind the Prospero Project ..."
m23,the avengers,conv_3016,EMMA,VALENTINE,f,f,13,106,1,0.0094,0,"A slight miscalculation -- my face was burned beyond recognition. Fortunately my research into plastics came in handy ... Dr. Darling, Peter ... all you ... An unholy trinity ... You killed my husband. For starters. Of course I had to kill the Teddy Bears, as well ... Too many cooks -- Spoil the majority shareholders. In Wonderland Weather. I planned everything, even the Ministry recruiting you ... But I found you. All the clues led me here ... Of course. I planned that, too. But -- why? You disappoint me, Emma.  Can't you guess?  For you. It was all for you ... 'Our revels now are ended.' Oh, no, Emma. They've only just begun ..."
m23,the avengers,conv_3017,EMMA,VALENTINE,f,f,3,33,0,0.0,0,"Think of this as your second wedding feast ... I'm already married ... Come, come, you're a widow -- a most attractive widow. Now I think of it, we'll need a bridesmaid. Here."
m23,the avengers,conv_3018,EMMA,VALENTINE,f,f,4,27,0,0.0,0,"You know, I believe she's actually jealous. Valentine, listen to me ... Right, bridesmaid. Now what have I left out? Oh, yes, I know: the ring. Ring?"
m23,the avengers,conv_3019,EMMA,VALENTINE,f,f,3,35,0,0.0,0,"That's better. I say, isn't this where you came in? It's impenetrable, by the way ... You're mad. Entirely. On the other hand  Mad people get things done. Let me show you --"
m23,the avengers,conv_3020,EMMA,VALENTINE,f,f,6,100,3,0.03,0,"Such as? Destruction of their local weather systems. I can zap a thousand Chernobyls into the air. The result would be ... Chaos. Transport paralysis. Crop failure.  Economic disaster. Frostbite or sunburn ... on a massive scale. You've seen a few samples... Then what's stopping you? One very small thing. A diamond 'cyclone' chip. A thousand times more information on a fraction of the size. If I possess that, my powers would be unlimited. My dear half-brother was developing it. But he suspected sabotage. He gave the chip to ... you, 'Mrs.' Peel. I want you. But also your ring."
m23,the avengers,conv_3021,EMMA,VALENTINE,f,f,6,107,0,0.0,0,"The missing piece of the jigsaw. I tried to get you to give it to me as Peter; I tried to steal it from you as Dr. Darling. As myself I'll be a bit less subtle.  With this ring my plan will be complete. How Wagnerian ... Do you mean to say you've waited all these years because you couldn't create a chip on your own? That would have amused Peter. Speaking of Peter, there's more good news: You won't even have to change your last name. You'll always be Mrs. Peel. What are my choices? Choices? I'll never marry you."
m23,the avengers,conv_3080,EMMA,FATHER,f,f,2,21,0,0.0,0,Your mission is simple. Find out how and why these agents died. I'm no spy -- where do I fit in?
m23,the avengers,conv_3081,EMMA,FATHER,f,f,2,23,0,0.0,0,"Think of it as special assignment, Mrs. Peel. With a twist. You're our chief suspect. You're saying I have no choice."
m23,the avengers,conv_3082,EMMA,FATHER,f,f,2,23,2,0.087,0,Where's Mother? Mobile HQ. In a blue funk.  Can't take chances. I'm looking after things while he's hiding out ...
m23,the avengers,conv_3083,EMMA,FATHER,f,f,2,18,3,0.1667,1,You don't believe him? It's Mother you have to convince. He's very agitated.  Wait here.
m23,the avengers,conv_3084,EMMA,FATHER,f,f,3,45,2,0.0444,0,"Emma in Wonderland. Welcome, Mrs. Peel.  We've been expecting you. We hope you'll enjoy your stay with us. Decontamination is almost complete. Decontamination -- ? And you've a new wardrobe. He does want you to look attractive.  He tells me you're very beautiful."
m24,bachelor party,conv_3181,DEBBIE,ILENE,f,f,5,71,4,0.0563,0,"If I were you, I'd worry less about the shower and more about Rick's bachelor party. Ilene, why would I want to do that? I trust Rick. Of course you do. I trusted my ex, Mel, too. Cousin, I can only talk from experience. What do you think they do at these parties, have tea and play scrabble? Ilene, Rick promised... Debbie, don't be naive. Men are pigs."
m24,bachelor party,conv_3182,DEBBIE,ILENE,f,f,4,46,3,0.0652,0,"Are you sure this is a good idea? Look, you heard what those hookers said. They were supposed to go to a bachelor party. That doesn't mean it was Rick's party. Debbie, men are pigs -- if they can have women, we can have men."
m24,bachelor party,conv_3183,DEBBIE,ILENE,f,f,4,31,0,0.0,0,"Let's go. Look, girls -- I'll stay behind and hold them off. The rest of you break for it! Ilene, are you crazy? I know what I'm doing... Go!"
m24,bachelor party,conv_3184,DEBBIE,MRS. THOMERSON,f,f,2,19,0,0.0,0,"I'm using the same caterer for the shower I had for our Christmas party last year. Great, Mom."
m24,bachelor party,conv_3185,DEBBIE,MRS. THOMERSON,f,f,2,11,3,0.2727,1,Why is Cole here? You know your father enjoys his company.
m24,bachelor party,conv_3186,DEBBIE,MRS. THOMERSON,f,f,2,14,0,0.0,0,"A strange wang right in my palm. Ilene, we don't really know that."
m24,bachelor party,conv_3187,DEBBIE,MRS. THOMERSON,f,f,2,10,0,0.0,0,"What kind of job? I'm a housewife. Quiet, Mother."
m24,bachelor party,conv_3188,DEBBIE,MRS. THOMERSON,f,f,2,13,1,0.0769,0,I hope Ilene's all right. I hope those guys are all right.
m30,big fish,conv_4033,JOSEPHINE,SANDRA,f,f,3,24,0,0.0,0,Thank you. I'll bet you need to -- Yes. Down the hall on the right. The door sticks. You have to really pull it.
m30,big fish,conv_4034,JOSEPHINE,SANDRA,f,f,2,20,0,0.0,0,I spent a week in Morocco for the story. It was incredible. We'll have to pick up a copy.
m30,big fish,conv_4035,JOSEPHINE,SANDRA,f,f,2,12,0,0.0,0,I'm going to get started on dishes. I'll help you.
m30,big fish,conv_4036,JOSEPHINE,SANDRA,f,f,2,15,1,0.0667,0,I'm going to check on him. I need to lie down for a bit.
m30,big fish,conv_4037,JOSEPHINE,SANDRA,f,f,2,23,1,0.0435,0,I'm sorry. It seems every hour I have to... I know. It was the same when I was carrying Will. Like clockwork.
m30,big fish,conv_4038,JOSEPHINE,SANDRA,f,f,3,62,3,0.0484,0,"Do you like it, being pregnant? I do. I loved it. It sounds peculiar, but I loved every minute of it. I did. Eddie was travelling a lot, so he was gone, but I felt like I always had a piece of him with me. A little part of his soul inside me. I could feel it. It was alive and kicking."
m39,the bourne supremacy,conv_5485,NICKY,PAMELA,f,f,4,22,1,0.0455,0,What kind of problems? Depression. Anger. Compulsive behaviors. They had physical symptoms -- headaches -- sensitivity to light -- Amnesia? Before this? Before Bourne? No.
m39,the bourne supremacy,conv_5486,NICKY,PAMELA,f,f,2,20,2,0.1,1,Good luck. You were his local contact. You were with him the night Conklin died. You're coming with us.
m39,the bourne supremacy,conv_5487,NICKY,PAMELA,f,f,17,188,9,0.0479,0,"I'm curious about Bourne. Your interpretation of his condition. You have specific training in the identification and diagnosis of psychological conditions? Am I a doctor, no, but... Are you an expert in amnesia? Look, what do you want me to say? I was there. I believed him. Believed what? I believed Jason Bourne had suffered a severe traumatic breakdown. So he fooled you. If you say so. Not good enough. You're the person who floated this amnesia story.  Ever feel sorry for him? For what he'd been through? You're making it out like we're friends here or something. I met him alone twice. You felt nothing? No spark? Two young people in Paris? Dangerous missions? Life and death? You mean, did I want a date? Did you? These were killers. Conklin had them all jacked up. They were Dobermans. Some women like Dobermans -- What do you want from me? I was reassigned. I'm out. See, that's a problem for me, Nicky. Whatever he's doing, we need to end it. This isn't the kind of mess you walk away from."
m39,the bourne supremacy,conv_5488,NICKY,PAMELA,f,f,3,32,5,0.1562,1,I don't think we need to keep looking for him anyway. And why is that? Because he's doing just what he said he'd do. He's coming for us.
m39,the bourne supremacy,conv_5489,NICKY,PAMELA,f,f,2,14,0,0.0,0,Is it fresh? It's got caffeine in it. That's all I know.
m39,the bourne supremacy,conv_5490,NICKY,PAMELA,f,f,3,22,4,0.1818,1,What do you think? Is he coming in? I don't know. He was sick. He wanted out. I believed him. Alright...
m39,the bourne supremacy,conv_5491,NICKY,PAMELA,f,f,3,14,1,0.0714,0,Let's give him half an hour. So? Felt promising. It's a start.
m40,braveheart,conv_5558,NICOLETTE,PRINCESS,f,f,5,59,4,0.0678,0,"When the king returns he will bury them in those new clothes. Scotland is in chaos. Your husband is secretly sending an army north. How do you know this? Last night I slept with a member of the War Council. He shouldn't be telling secrets in bed. Ah, Oui! Englishmen don't know what a tongue is for."
m40,braveheart,conv_5559,NICOLETTE,PRINCESS,f,f,2,39,7,0.1795,1,"This Scottish rebel... Wallace? He fights to avenge a woman? A magistrate wished to capture him, and found he had a secret lover, so he cut the girl's throat to tempt Wallace to fight -- and fight he did."
m40,braveheart,conv_5560,NICOLETTE,PRINCESS,f,f,2,56,9,0.1607,1,"Knowing his passion for his lost love, they next plotted to take him by desecrating the graves of his father and brother and setting an ambush at the grave of his wife. He fought his way through the trap and carried her body to a secret place! Now that is romance, Oui? ...I wouldn't know."
m41,the butterfly effect,conv_5580,ANDREA,MRS. BOSWELL,f,f,2,23,0,0.0,0,"Mrs. Treborn! I need to speak with you! I'm sorry, but can it wait til tonight? I'm already late for work --"
m41,the butterfly effect,conv_5581,ANDREA,MRS. BOSWELL,f,f,3,50,0,0.0,0,"I was going to show this to the principal, but I wanted to talk to you first. What is it? Yesterday I had all the children draw pictures of what they wanted to be when they grew up. Most of them made drawings of what their parents did, but this..."
m41,the butterfly effect,conv_5582,ANDREA,MRS. BOSWELL,f,f,4,52,3,0.0577,0,"Thank you for showing it to me first. I'll... I'll take care of it. Can I have the picture? Of course. There is one more thing, Mrs. Treborn. And I feel bad for mentioning it... What? When I asked Evan about his drawing, well, he didn't remember doing it."
m44,the cider house rules,conv_6132,CANDY,ROSE ROSE,f,f,2,20,4,0.2,1,"How is that Wally doing? Oh, he's fine! I just heard from him. He's bombing all these places..."
m44,the cider house rules,conv_6133,CANDY,ROSE ROSE,f,f,2,2,0,0.0,0,Hi... Hi...
m44,the cider house rules,conv_6134,CANDY,ROSE ROSE,f,f,3,49,2,0.0408,0,"I've got some more clothes for you-- I just keep forgetting to bring them with me. I don't need no more clothes, thank you. Rose, I know what's going on. Homer told me. I got pregnant, too--about a year ago.  I've been through this."
m44,the cider house rules,conv_6135,CANDY,ROSE ROSE,f,f,2,13,0,0.0,0,"You ain't been through what I been through, Candy. Yes, I *have*!"
m44,the cider house rules,conv_6136,CANDY,ROSE ROSE,f,f,3,18,1,0.0556,0,I know where you can go. Homer and I can take you... I can't go nowhere. Why?
m44,the cider house rules,conv_6137,CANDY,ROSE ROSE,f,f,2,27,0,0.0,0,"You can trust me. Is it Jack? It's not Jack, is it? It's *Muddy*! Is it Muddy? No. It ain't Muddy. Muddy's just..."
m50,donnie darko,conv_7014,ELIZABETH,ROSE,f,f,2,34,0,0.0,0,"I haven't been accepted yet, mother. If you think Michael Dukakis will provide for this country prior to the point when you decide to squeeze one out, then I think you're misinformed."
m50,donnie darko,conv_7015,ELIZABETH,ROSE,f,f,2,7,1,0.1429,1,Excuse me? Donnie? You're a dick.
m50,donnie darko,conv_7016,ELIZABETH,ROSE,f,f,3,16,0,0.0,0,Did you just call me a fuck-ass? That's enough. You can suck a fuck.
m50,donnie darko,conv_7017,ELIZABETH,ROSE,f,f,5,52,2,0.0385,0,No. I took a year off to be with you.  Of course I care. Don't get angry.  What? How did you know -- I didn't realise it was such a big deal. It is a big deal. I caught him flushing pills down the toilet. He knows you check the container.
m50,donnie darko,conv_7018,ELIZABETH,ROSE,f,f,2,38,0,0.0,0,"Here are the keys to the Taurus. There's plenty of groceries in the fridge. And I left money on the kitchen table. And don't forget... Don't worry, Mom. Just go, you'll miss your flight."
m51,drop dead gorgeous,conv_7033,AMBER,LORETTA,f,f,4,15,0,0.0,0,"Is Mom okay? She's alive, sweetie. Where is she?! She's right over there."
m51,drop dead gorgeous,conv_7034,AMBER,LORETTA,f,f,2,17,0,0.0,0,"Mommmm! I'll be right behind you in the hearse! Don't let that worry you, Annette!"
m51,drop dead gorgeous,conv_7035,AMBER,LORETTA,f,f,4,49,0,0.0,0,"You're what?! I -- I'm quittin' the pageant. I heard you, I was just tryin' to scare you into changin' your mind. Oh for Chrissakes, Amber, the woman clung to your tap shoes while flyin' through the air like a Goddamn lawn dart! Oh God, I'm dead..."
m51,drop dead gorgeous,conv_7036,AMBER,LORETTA,f,f,4,67,0,0.0,0,"So, what do I say? Simple. Just say, ""Mom, I know you sacrificed everything -- relationships, dreams -- your tummy, ass and thighs -- all to bring me into this world. All so I could have tap lessons and be in the pageant -- the same one you were in. But, y'know what? I'm quittin'."" There. Easy as pie. Oh my God. I'm so dead... Yeah, you betcha..."
m51,drop dead gorgeous,conv_7037,AMBER,LORETTA,f,f,2,21,2,0.0952,0,"Hell-no, she ain't quittin'. No. Mom said if I did, she'd look up my dad and marry him."
m51,drop dead gorgeous,conv_7038,AMBER,LORETTA,f,f,2,8,0,0.0,0,"""Once a carnie, always a carnie."" Oh-yah."
m51,drop dead gorgeous,conv_7039,AMBER,LORETTA,f,f,7,46,0,0.0,0,"That was your mom. She wanted you to have this. Really, Loretta? You-betcha. My mom wanted me to have this? Oh, shut up. I thought it might help you get some sleep. Loretta, never have kids. Well God-love-ya for thinkin' I still could."
m51,drop dead gorgeous,conv_7040,AMBER,LORETTA,f,f,3,57,0,0.0,0,"Oh, Mom's okay. They're just givin' her a ride back. She almost blew outta the back of Loretta's pick-up on the way over. Thank God for bunge cords. ...Yah -- well, at least, y'know, I got to perform. And Mom got to see me.  I guess number eight only worked for Diane Sawyer..."
m51,drop dead gorgeous,conv_7041,AMBER,LORETTA,f,f,7,69,1,0.0145,0,"What is wrong with you? I don't know. I just didn't wanna win like this. You stop right there. You are a good person. Good things happen to good people. Really? No. It's pure bullshit, sweetie. You're lucky as hell, so you might as well enjoy it. Let's get you a root beer float. Okay. Do you guys want some shots? I'm buyin'."
m51,drop dead gorgeous,conv_7042,AMBER,LORETTA,f,f,3,45,0,0.0,0,"I never liked her, but she didn't deserve to die in the belly of a swan like that. The whole thing's just kinda sad and lame at the same time. This came for you, sweetie. Ah! It's from State! Oh my God!"
m51,drop dead gorgeous,conv_7043,AMBER,LORETTA,f,f,5,75,0,0.0,0,"It's all the stuff I get to do. Oh my God, oh my God... Okay, okay... We get a ""personal consultation"" with a make-up artist -- Eeeh! Okay, um, there'll be a choreographer to the stars and, oh no -- No way. Oh... My... God! What? For chrissakes, spit it out. I'll be stayin' overnight at... The Airport Howard Johnsons! Right by the airport -- Oh, Amber... There's an indoor swimming pool! Ahhhh!"
m51,drop dead gorgeous,conv_7044,AMBER,LORETTA,f,f,3,19,0,0.0,0,"All right, say ""Airport Ho-Jo."" Airport Ho-Jo! I got it! Yeah, why don't ya take a..."
m51,drop dead gorgeous,conv_7045,AMBER,LORETTA,f,f,4,30,0,0.0,0,"Loretta, don't do that. I'm sorry. They're just starin'. I gotta work with these women. Okay, sweetie, that's all right. Let's go. Let's go."
m51,drop dead gorgeous,conv_7046,AMBER,LORETTA,f,f,3,35,0,0.0,0,"I just, I just can't believe it. I'm Minnesota's American Teen Princess! Our baby's going to Nationals! Lincoln, Alabama -- look out! I'm gonna be on TV! Just like Diane Sawyer."
m51,drop dead gorgeous,conv_7050,AMBER,GLADYS,f,f,2,68,0,0.0,0,"I'm lucky I have an after-school job where I can practice my talent. Oh, yeah, sure. You know, every pageant is special, but this one is extra-special to me. When I was seventeen, I don't know if you know this, but I was crowned Mount Rose's American Teen Princess. And this year... drum roll please, my lovely daughter, Rebecca Ann Leeman is competin'."
m51,drop dead gorgeous,conv_7051,AMBER,GLADYS,f,f,5,99,0,0.0,0,"Mrs. Leeman? Huh? I -- I'm wearin' this costume. I'm, uh, I'm gonna do my talent tonight. Oh really -- I don't think so.  Uh, Amber, I hate to be the bearer of bad news, but rules state that a costume must be okay'd at least a week in advance. And this...  This is why we have the rule. My goodness gracious, I couldn't allow a neckline this low on stage. We have kids in the audience. But, you -- I mean... It's not my fault. I -- I... Please? I didn't do anything wrong..."
m51,drop dead gorgeous,conv_7055,AMBER,ANNETTE,f,f,3,37,0,0.0,0,"...Yah -- 1963. Her beauty worked against her when she started as a reporter in Louisville, her hometown. Those were different times. Hey, Amber, y'get my smokes? That's my mom.  I'll get 'em in a sec."
m51,drop dead gorgeous,conv_7056,AMBER,ANNETTE,f,f,3,39,0,0.0,0,"Oh shit! They're from L.A. They wanted to see my room and film me for their movie. Oh... How quickly they grow up.  Hey, if they ask you to take off your shirt, get the money first."
m51,drop dead gorgeous,conv_7057,AMBER,ANNETTE,f,f,2,48,0,0.0,0,"Oh, Mom, it's so ugly. Ruined a brand-new pair of Lee Press- ons.  Well, I sat down for a beer and KA- BLEWEY! Next thing I know, somethin' blows through my kitchen window. Next thing I know, I'm ass up in Loretta's flower bed."
m51,drop dead gorgeous,conv_7058,AMBER,ANNETTE,f,f,2,17,0,0.0,0,"Go on! Get out! Mom, look, don't say anything. First of all, I'm not pregnant."
m51,drop dead gorgeous,conv_7059,AMBER,ANNETTE,f,f,4,57,0,0.0,0,"Mom! I ain't lettin' go ktil you tell me what's up. I'm reaching' a point where I'd kill someone for the nicotine on their fingernails. Okay. Yesterday I... I got this picture. So I kinda, y'know, I'm thinkin' no. I'm gonna, I -- I -- I'm gonna quit the pageant. What?!"
m51,drop dead gorgeous,conv_7060,AMBER,ANNETTE,f,f,2,11,0,0.0,0,"Ow! Would yous boys excuse us a second? Loretta, you too."
m51,drop dead gorgeous,conv_7061,AMBER,ANNETTE,f,f,6,144,0,0.0,0,"Nice mouth you got there, Mom, but I -- I'm not goin' through this again. You're not goin' through this again? You? You're not the one who knows how Jiffy Pop feels. Oh, c'mon... First the picture of Tammy, then Brett Clemens, now this? It's scary. Let me tell you ""scary,"" Amber. Look at me. Do you wanna look like you been rode hard and put away wet at my age? I'm a ""lifer"" here. Best I can hope for is to end up in a descent ""raisin ranch"" where they'll change me twice a day. That's it, I'm goin'... Honest to God, if I got to do it over? I'd start walkin' outta this town the minute I took my first step. Practically the only thing I wouldn't do different is have you..."
m51,drop dead gorgeous,conv_7062,AMBER,ANNETTE,f,f,4,52,0,0.0,0,"God I hope that's you and not your concussion talkin'. It's me... I just don't want this to be the thing you'd do over. This pageant's your ticket outta here. I know you can win, Amber. C'mere. I love you so much. I love you much."
m51,drop dead gorgeous,conv_7063,AMBER,ANNETTE,f,f,3,8,0,0.0,0,Bye mom. We was robbed. It's okay.
m51,drop dead gorgeous,conv_7064,AMBER,IRIS,f,f,2,39,0,0.0,0,"Okay, okay!  Listen-up. Coupla notes from last night's dress rehearsal.  Number one, Gladys says a coupla yous are gettin' sexy with your hips durin' the ""Physical Fitness"" routine... Oh my God! My -- my tap costume's gone."
m51,drop dead gorgeous,conv_7065,AMBER,IRIS,f,f,2,50,0,0.0,0,"Uh, Amber? We're not puttin' on our Talent costumes. You need to put on your ""Physical Fitness"" outfit. And let's shake a leg, ladies. No, wait. It -- it was here before the openin' number... wait. What am I sayin'? I should just ask you, Becky. Where is it?"
m51,drop dead gorgeous,conv_7066,AMBER,IRIS,f,f,2,10,0,0.0,0,I hate her! We all do. Now let's go.
m51,drop dead gorgeous,conv_7067,AMBER,IRIS,f,f,7,98,0,0.0,0,"Mrs. Clark, why are you doing this to me? Why're you pretendin' you don't know what's goin' on? Amber, I'm sorry. I really am. But you know the rules. All talent costumes hafta be okay'd by Gladys before the pageant. But, doesn't someone taking your costume so you can't compete, overrule that rule? Sorry. I -- I don't make the rules. This, this... This is bullshit! Amber Atkins! That is not American Teen Princess language! Good, 'cause this isn't an American Teen Princess Pageant -- it's, it's Nazi Germany!"
m51,drop dead gorgeous,conv_7073,AMBER,LESLIE,f,f,2,9,0,0.0,0,"Here, I didn't get any. Here, have some."
m51,drop dead gorgeous,conv_7074,AMBER,LESLIE,f,f,2,26,0,0.0,0,"So, anyone talk to Janelle? Yah -- I brought her some flowers this morning. She's in the room next to my mom. She's super happy."
m51,drop dead gorgeous,conv_7075,AMBER,LESLIE,f,f,6,40,0,0.0,0,"Amber, if I die from these fumes, will you be sure to cover the hickies on my neck? Yeah... And the bite marks on my ears? Yes... I know it doesn't matter, but on my inner thighs. Yes, Leslie!"
m51,drop dead gorgeous,conv_7081,ANNETTE,LORETTA,f,f,10,77,2,0.026,0,"What do you mean, they take out her butt? Oh, Jesus H. Christ! Are we on ""Cops"" again? You could be quiet. Hi. Hi. It's just the guys that are... you know, makin' the movie about the pageant. I told you about 'em. Oh, naw. Hi. This here's Loretta. I tell Annette, I says, ""You talk to me durin' my stories, you might as well be talkin' to the wall.""  You guys want a beer?"
m51,drop dead gorgeous,conv_7082,ANNETTE,LORETTA,f,f,5,35,0,0.0,0,"Say, yous boys been to the Leeman's? Loretta, shut it. Y'know, if you have, you got all the pictures of the winner you need. Shut it up, Loretta. Oh, Christ, it's true."
m51,drop dead gorgeous,conv_7083,ANNETTE,LORETTA,f,f,4,65,0,0.0,0,"Let's just say who should win, who deserves to win is Amber. Why don't you paint a big red target on your ass, Loretta. She's the prettiest, y'know. The best damn tapper. The most smartest... ""Most smartest?"" Oh, that's good, Loretta. Make sure you get a picture of that. ""Most smartest."" We're cuttin you off and sendin' you home."
m51,drop dead gorgeous,conv_7084,ANNETTE,LORETTA,f,f,2,30,0,0.0,0,"Well, excuse me, Annette, but I'm braggin' up your kid, here.  Amber's gonna be the next Diane Sawyer, y'know... I'll be right back. See ya later."
m51,drop dead gorgeous,conv_7085,ANNETTE,LORETTA,f,f,4,27,0,0.0,0,"They're makin' a movie, here, goddamn it. All right, they're makin' a movie. You don't know where this is gonna... I got a hairdo."
m51,drop dead gorgeous,conv_7086,ANNETTE,LORETTA,f,f,4,27,0,0.0,0,"Don't fall for it. She lives two trailers down. So? Be real easy. Go on home, Loretta. Come on. Go on, the party's over. Anyone?"
m51,drop dead gorgeous,conv_7087,ANNETTE,LORETTA,f,f,2,41,0,0.0,0,"Oh-Jesus-Mary-n-Joseph, she's pregnant!  If you are -- come back, sweetie. Mommy wants to talk, then KILL YOU! Annette, why don't you just see if there's any beer left in that can and relax a bit."
m51,drop dead gorgeous,conv_7088,ANNETTE,LORETTA,f,f,2,7,0,0.0,0,We was robbed. Okay. Take her purse.
m51,drop dead gorgeous,conv_7089,ANNETTE,LORETTA,f,f,2,10,0,0.0,0,"Annette, just use your hand. They told me to practice."
m51,drop dead gorgeous,conv_7092,COLLEEN,TERRY,f,f,6,64,0,0.0,0,I'm a mirror. Correction. This spunky monkey on my right is Terry Macey. And we are your Minnesota American Teen Princess State Board. We're also the co-founders of the Minnesota Modeling Academy. Applications are at the tiki bar. We'll wave the fifty dollar application fee if you list a friend and put her address. That's right. Okay? Mm-hm.
m51,drop dead gorgeous,conv_7093,COLLEEN,TERRY,f,f,10,45,0,0.0,0,"People, people -- wait, wait a minute, here. Uh, while we haven't ruled out sabotage from neighboring state pageants -- Iowa, Wisconsin, North Dakota... Yeah. Dakota. Ohio... That bitch from... What? Wisconsin. All right, then. The bitch. The important thing is that we have a winner..."
m51,drop dead gorgeous,conv_7104,GLADYS,IRIS,f,f,2,15,0,0.0,0,"...that filth is better left in the ""Sin Cities."" A.k.a. Minneapolis -- St. Paul."
m51,drop dead gorgeous,conv_7105,GLADYS,IRIS,f,f,3,41,0,0.0,0,"...Today's ""To Do"" list includes a trip to the Mall of America. We need outfits for the ""Physical Fitness"" number -- Nothin' too showy! Y'betcha, Iris. We still need a third judge and we need to think of a theme."
m51,drop dead gorgeous,conv_7106,GLADYS,IRIS,f,f,2,11,1,0.0909,0,"Gladys -- Gladys! Look out! Oh, my!  Hello, Father Donigan! Sidewalks, sidewalks?"
m51,drop dead gorgeous,conv_7107,GLADYS,IRIS,f,f,2,31,1,0.0323,0,"Iris, stop!  It's not his fault. The communal wine just proves too temptin' for some of them. That's why we Lutherans use grape Koolaid for the blood of Christ."
m51,drop dead gorgeous,conv_7108,GLADYS,IRIS,f,f,2,34,0,0.0,0,"Oh, there's a parking space over there. Oh, no, that's just a compact. Sorry. You'd think they'd build the parking lot of America to go with the Mall of America!"
m51,drop dead gorgeous,conv_7109,GLADYS,IRIS,f,f,3,33,0,0.0,0,"It's a two-hundred dollar fine! I said I'd move if a cripple came. Let's just run in the store and pick out some outfits. All right, let's go."
m51,drop dead gorgeous,conv_7110,GLADYS,IRIS,f,f,2,9,0,0.0,0,"Oh! What is it? ""Proud... to be... an... American."""
m51,drop dead gorgeous,conv_7111,GLADYS,IRIS,f,f,4,55,0,0.0,0,"Well, you know, I think everyone's doing really well considering the fact that she was so young. It's always hard to see the young ones called home, especially on an exploding thresher. It's just so odd and gross. You know that sometimes it's hard to understand God's great plan. Yeah."
m51,drop dead gorgeous,conv_7112,GLADYS,IRIS,f,f,3,27,0,0.0,0,"So, remember the three most important parts of a good interview... Okay, everybody, listen up! Number one, American Teen Princess' don't cross their legs like streetwalkers."
m51,drop dead gorgeous,conv_7113,GLADYS,IRIS,f,f,7,53,0,0.0,0,"Okay, I designed the float, you know. And, what's gonna happen here is that this is going to look like a glistening lake beneath the swan. Uh, Gladys? What! We need more bars! This is -- what? Enid ate a whole pan! I swear to God she can't do anything by herself."
m55,eternal sunshine of the spotless mind,conv_7495,CLEMENTINE,MARY,f,f,3,28,2,0.0714,0,"May I help you? Yeah, hi, I have a one o'clock with Dr. Mierzwiak. Clementine Kruczynski. Yes, please have a seat. He'll be right with you."
m55,eternal sunshine of the spotless mind,conv_7496,CLEMENTINE,MARY,f,f,2,3,0,0.0,0,Ms. Kruczynski? Hi.
m55,eternal sunshine of the spotless mind,conv_7497,CLEMENTINE,MARY,f,f,3,10,0,0.0,0,"How are you today? Okay, I guess. Here we are."
m56,even cowgirls get the blues,conv_7705,JELLY,SISSY,f,f,3,138,0,0.0,0,"Welcome, podner. By God, it's great to have you here. It's an honor. Sorry I took so long getting to you, but we've had a mess of hard work these past few days -- and a heap of planning to do. Er, you seem to know who I am, and maybe even what I am. Thanks for the breakfast. Oh, I know about Sissy Hankshaw, all right. I've done a little hitchhiking myself. Ah shucks, that's like telling Annie Oakley you're a sharpshooter because you once knocked a tomato can off a stump with a fieldstone. I'd heard tales about you from people I'd meet in jail cells and truckstops. I heard about your, uh, your, ah, your wonderful thumbs, and I heard how you were Jack Kerouac's girl friend..."
m56,even cowgirls get the blues,conv_7706,JELLY,SISSY,f,f,2,87,1,0.0115,0,"No, I'm afraid that part isn't true. Jack was in awe of me and tracked me down. We spent a night talking and hugging in a corn field, but he was hardly my lover. Besides, I always travel alone. Well, that doesn't matter; that part never interested me anyway. The beatnicks were before my time, and I never got anything outta the hippies but bad dope, clichés and the clap. But the example of your life helped me in my struggle to be a cowgirl."
m56,even cowgirls get the blues,conv_7707,JELLY,SISSY,f,f,4,125,0,0.0,0,"Tell me about it. About... About being a cowgirl. What's it all about? When you say the word you make it sound like it was painted in radium on the side of a pearl. Cowgirls exist as an image. A fairly common image. The idea of cowgirls especially for little girls prevails in our culture. Therefore, it seems to me, the existence of cowgirls should prevail. Otherwise, they're being fooled. In the Rodeo Hall of Fame in Oklahoma City there are just two cowgirls. Two. And both of 'em are trick-riders. Trick-riding is what cowgirls have almost always done in rodeos. Our society sure likes to see its unconventional women do tricks. That's what prostitutes call it, you know: 'tricking.'"
m56,even cowgirls get the blues,conv_7708,JELLY,SISSY,f,f,2,51,0,0.0,0,"You're political, then? No, ma'am. No way. There's girls on the Rubber Rose who are political, but I don't share their views. I got no cowgirl ideology to expound. ""Politics is for people who have a passion for changing life but lack a passion for living it."""
m56,even cowgirls get the blues,conv_7709,JELLY,SISSY,f,f,3,71,6,0.0845,0,"Did that last comment sound too profound to be coming outta my mouth? It's not original. It's something I picked up from the Chink. Really? The Chink, huh? I've gathered that you sometimes speak with him. What else have you learned from the Chink? Learned from the Chink? Oh my. Ha ha. That's hard to say. We mostly.... Uh, a lot of his talk is pretty goofy."
m56,even cowgirls get the blues,conv_7710,JELLY,SISSY,f,f,5,239,5,0.0209,0,"......Delores zonks out on peyote at least once a week, but so far her Third Vision hasn't happened. Niwetükame, the Mother Goddess has not gotten back in touch with her. Meanwhile she and Debbie are rivaling each other like a couple of crosstown high schools. Tension. Cowgirl tension! What a drag. What is Debbie's position? Debbie says that if women are to take charge again, they must do it in the feminine way; they mustn't resort to aggressive and violent masculine methods. She says it is up to women to show themselves better than men, to love men, set good examples for them and guide them tenderly toward the New Age. She's a real dreamer, that Debbie-dear. You don't agree with Debbie, then? I wouldn't say that. I expect she's right, ultimately. But I'm with Delores when it comes to fighting for what's mine. I can't understand why Delores is so uptight about the Chink; he could probably teach her a thing or two. Ee! That grass tickles, doesn't it? God knows I love women, but nothing can take the place of a man that fits. Still this is cowgirl territory and I'll stand with Delores and fight any bastards who might deny it. I guess I've always been a scrapper. Look. This scar. Only twelve years old and I was felled by a silver bullet."
m56,even cowgirls get the blues,conv_7711,JELLY,SISSY,f,f,2,38,2,0.0526,0,"That's Jellybean! FROM MEN, THE WHOOPING CRANE HAS RECEIVED NEITHER LOVE NOR RESPECT. MEN HAVE DRAINED THE CRANE'S MARSHES, STOLEN ITS EGGS, INVADED ITS PRIVACY, POLLUTED ITS FOOD, FOULED ITS AIR, BLOWN IT APART WITH BUCKSHOT."
m56,even cowgirls get the blues,conv_7712,JELLY,SISSY,f,f,4,109,0,0.0,0,"Looks like every time we get together things are in a mess. So be it. It looks serious this time, though. All these guns... are you actually prepared to kill and die for whooping cranes? Hell no, the cranes are wonderful, okay, but I'm not in this for whooping cranes. I'm in it for cowgirls. If we cowgirls give in to authority on this crane issue, then cowgirls become just another compromise. I want a finer fate than that -- for me and for every other cowgirl. Better no cowgirls at all than cowgirls compromised. How did this business get started, anyhow? Why are the birds nesting here?"
m56,even cowgirls get the blues,conv_7713,JELLY,SISSY,f,f,3,31,0,0.0,0,"No, I guess not. 'Drugged' is a stupid word. But the peyote is obviously affecting their brains. It's made them break a migratory pattern that goes back thousands of years."
m56,even cowgirls get the blues,conv_7714,JELLY,SISSY,f,f,2,50,0,0.0,0,"Every time I tell you that I love you, you flinch. But that's your problem. If I flinch when you say you love me, it's both our problems. My confusion becomes your confusion. Students confuse teachers, patients confuse psychiatrists, lovers with confused hearts confuse lovers with clear hearts...."
m57,event horizon,conv_7906,PETERS,STARCK,f,f,2,14,0,0.0,0,There's no one in the corridor but us. Not according to the computer.
m57,event horizon,conv_7907,PETERS,STARCK,f,f,2,10,1,0.1,1,He's engaged the override. Can you shut it down?
m57,event horizon,conv_7908,PETERS,STARCK,f,f,3,15,1,0.0667,0,"Yes. Yes, Justin, we heard it. Keep him talking. Do you know what it was?"
m57,event horizon,conv_7909,PETERS,STARCK,f,f,2,10,0,0.0,0,"Almost got it. Come on, Baby-bear, open this door..."
m57,event horizon,conv_7910,PETERS,STARCK,f,f,2,20,0,0.0,0,"We have to do something, oh God... Skipper, Justin just activated the door. It's on a thirty second delay..."
m57,event horizon,conv_7911,PETERS,STARCK,f,f,3,11,0,0.0,0,You got any coffee? It's cold. I don't care.
m59,fast times at ridgemont high,conv_8189,GIRL,LINDA,f,f,3,25,0,0.0,0,Are you Linda Barrett? Yes. I'm Carrie Frazier from Toys 'R Us. Judy Hinton from May Company told me I could ask you something.
m59,fast times at ridgemont high,conv_8190,GIRL,LINDA,f,f,5,64,0,0.0,0,"All right, what you want to do is go to the Free Clinic and tell the doctor that you have sex regularly -- several times a week -- and that you need Nornel One Plus Fifty's. And they don't call my parents? Not if you're over sixteen. Okay. Thanks a lot, Linda. And don't let them talk you into a diaphragm either."
m59,fast times at ridgemont high,conv_8206,LINDA,STACY,f,f,2,11,1,0.0909,0,How's it going. Do you think that guy's cute?
m59,fast times at ridgemont high,conv_8207,LINDA,STACY,f,f,5,48,5,0.1042,1,"Don't you like him? Yeah, but I fucked up. You can take it. Really. Come on, Stacy, it's your section and your man. What should I do? Just take his order, look him in the eye and if he says anything remotely funny, laugh a lot."
m59,fast times at ridgemont high,conv_8208,LINDA,STACY,f,f,7,150,9,0.06,0,"He gave me his card.  'Ron Johnson, Audio Consultant.' Should we buy a frame for that? Come on, Linda, I haven't had a boyfriend all summer. You promised when I started working at the mall that my life would change... Do you think he'll call this week? Listen, Stace, you want to know about guys? I'll tell you. They're mostly chicken. Before I met Doug I chased after every guy I thought was cute. I thought if I gave out a vibe they'd get the message and call me up. Well, guess what? They don't call. So what did you do? I called them. If I was sitting next to a guy and I wanted to sit closer, I'd sit closer. If I wanted to kiss him, I'd just do it. You want Ron Johnson? Grab him. I can't do that."
m59,fast times at ridgemont high,conv_8209,LINDA,STACY,f,f,5,74,4,0.0541,0,"Face it. With some guys you have to make the first move. A lot of guys are just... wussies. Really? Stacy, what are you waiting for? You're fifteen. I did it when I was thirteen. It's no huge thing. It's just sex. If you don't, one of the other girls will. He was hot, wasn't he? If I didn't have a fiancé in Chicago, I'd go for it."
m59,fast times at ridgemont high,conv_8210,LINDA,STACY,f,f,2,11,0,0.0,0,I can't believe I start high school tomorrow. Believe it.
m59,fast times at ridgemont high,conv_8211,LINDA,STACY,f,f,3,28,3,0.1071,1,I hear some surfer pulled a knife on Mr. Hand this morning. No way! He just called him a dick. God. People exaggerate so much at this school.
m59,fast times at ridgemont high,conv_8212,LINDA,STACY,f,f,2,10,0,0.0,0,Linda. That girl looks just like Pat Benatar. I know.
m59,fast times at ridgemont high,conv_8213,LINDA,STACY,f,f,2,19,1,0.0526,0,"Do you think guys find that attractive? Oh, give me a break, Stacy. You're much prettier than them."
m59,fast times at ridgemont high,conv_8214,LINDA,STACY,f,f,8,66,0,0.0,0,"Yeah but they look more sophisticated. You'd probably think they'd be better in bed. What do you mean 'better in bed.' You either do it or you don't. No there are variables that, like, I might not be good at. What variables? Like, you know, giving blow jobs. What's the big deal? Well I never did it. There's nothing to it."
m59,fast times at ridgemont high,conv_8215,LINDA,STACY,f,f,2,13,0,0.0,0,Just kidding. About 10cc. Oh! That's where that group got its name from.
m59,fast times at ridgemont high,conv_8216,LINDA,STACY,f,f,7,38,0,0.0,0,"Was it great? It was okay. You'll always remember your first time. It was nice. So tell me, do you like Ron? Is it serious? Come on, Linda. It's just sex. Hey! That's my line!"
m59,fast times at ridgemont high,conv_8217,LINDA,STACY,f,f,6,110,10,0.0909,0,"There... There's his car. I know he's at work tonight. He hasn't come into Swenson's since he called my house. My mother told him I was still at high school, after I told him I was nineteen. I guess I should tell him I'm fifteen. Don't you dare, you'll never hear from him again. Does Doug care that you're seventeen? Doug sees beyond that stuff to what the person inside is like. That's why I'm marrying him. If he ever calls again I'll say I'm eighteen. Boy I am so glad to be through with all these games."
m59,fast times at ridgemont high,conv_8218,LINDA,STACY,f,f,4,43,0,0.0,0,You've got to get used to working Christmas. People are always screaming and yelling... then they get home and they're all Christmasy. I think Christmas brings out the worst in people. I guess Ron hasn't called yet. Not since November.
m59,fast times at ridgemont high,conv_8219,LINDA,STACY,f,f,2,59,6,0.1017,1,"Don't you think it meant anything to him. Even if I am fifteen? Stacy. What does it matter? He's a stereo salesman. You want to marry him? You want to have kids with him? You want this guy to come home, fifty years old, and he's still got that little Pacific Stereo badge on? Come on."
m59,fast times at ridgemont high,conv_8220,LINDA,STACY,f,f,3,41,0,0.0,0,I should quit this job. I'm going to get so fat working here... nobody will ever take me out. Stacy. How many times do I have to tell you? You are really going to be beautiful... someday. Thanks a lot.
m59,fast times at ridgemont high,conv_8221,LINDA,STACY,f,f,3,24,2,0.0833,0,"What do you think of that guy who works at the theatre? You know, Mark Ratner. Oh, come on. What is he? Fifteen? Sixteen."
m59,fast times at ridgemont high,conv_8222,LINDA,STACY,f,f,3,51,1,0.0196,0,"I sent a letter to Doug today. I'll be so glad when he gets out here. You really ought to look at this, Linda. There's a drawing on every page... and all these quizzes. It's like school. Why don't you put your mother's secret book back?"
m59,fast times at ridgemont high,conv_8223,LINDA,STACY,f,f,9,91,0,0.0,0,"Listen to this... 'What are your mate's three most erogenous zones?' Okay, penis, that's one, balls... Wouldn't penis and balls be the same category? You're right. Probably penis, mouth and neck. All right! Here's another one. 'The most satisfactory lovemaking occurs when your mate climaxes first, you climax first, you and your mate climax together?' Climax together. Does that ever happen? No. But it's a nice idea. Listen to this... it says 'Most women derive pleasure from sex, but they don't have real orgasms.'"
m59,fast times at ridgemont high,conv_8224,LINDA,STACY,f,f,4,33,3,0.0909,0,How long does Doug take? I don't know. Thirty to forty minutes. What's Doug do in Chicago? He works for the airline. He'll be out here. You'll meet him.
m59,fast times at ridgemont high,conv_8225,LINDA,STACY,f,f,2,10,0,0.0,0,What do you think? I think they're both virgins.
m59,fast times at ridgemont high,conv_8226,LINDA,STACY,f,f,2,11,0,0.0,0,"I didn't ask for any help. Did you, Linda? No."
m59,fast times at ridgemont high,conv_8227,LINDA,STACY,f,f,2,15,2,0.1333,1,"God, he hardly even talks anymore. I know. He hates to have to wear uniforms."
m59,fast times at ridgemont high,conv_8228,LINDA,STACY,f,f,2,25,0,0.0,0,"Stacy! I've got water in my ears. Do you have any Q-Tips? God, I don't think so. Better look in the house."
m59,fast times at ridgemont high,conv_8229,LINDA,STACY,f,f,2,29,0,0.0,0,"God, Stacy, it's not that sad. It's just David Soul and Ricardo Montalban. I don't know, I'm just so depressed. Everything is just so... depressing."
m59,fast times at ridgemont high,conv_8230,LINDA,STACY,f,f,2,20,0,0.0,0,You have been acting very strange the last few weeks. I don't know... I just don't feel right.
m59,fast times at ridgemont high,conv_8231,LINDA,STACY,f,f,7,101,8,0.0792,0,"What do you think it is? What do you think it is? It couldn't be. It could be. I had a pregnancy test at the clinic. I'll find out Monday. I guess it was Damone. Of course it was Damone. If it was Ron Johnson, you'd be out to here! I'm not going to tell him. He's an asshole. I hate him. But it costs money to have an abortion. Even at the Free Clinic. You tell Damone to pay for it. It's the least he can do. It's the guy's responsibility too."
m59,fast times at ridgemont high,conv_8232,LINDA,STACY,f,f,4,52,1,0.0192,0,"You know, there's one thing you didn't tell me about guys. What? You didn't tell me that they can be so nice, so great... but then you sleep with them and they start acting like they're five years old. You're right. I didn't tell you that."
m59,fast times at ridgemont high,conv_8233,LINDA,STACY,f,f,8,97,12,0.1237,1,"I really thought he would show up. I waited... and waited... and waited... That little prick. Then I called his house, and his mother told me he was in the garage helping his father. That little prick. I paid for it and everything. There goes your stereo for another year. Mike Damone is a no-brain little prick. I'm not letting him get away with this. Don't do anything, Linda. I'd rather just forget about it. I don't even like the guy. Stacy, he's not a guy.  He's a little prick!"
m59,fast times at ridgemont high,conv_8234,LINDA,STACY,f,f,6,56,1,0.0179,0,"Another summer of working at Swenson's. Come on. There's lots of men around here. Keep your eyes open. You know, Linda. I've finally figured it out. It's not sex I want. Anyone can have sex. What do you want? I want romance. Romance in Ridgemont? We don't even get cable TV."
m59,fast times at ridgemont high,conv_8235,LINDA,STACY,f,f,13,97,7,0.0722,0,"Where's Doug? He's not coming. Not coming? What happened? He says he's got to stay in Chicago.  He says I should visit him sometimes. Sometime? Yeah, like maybe never. But what are you going to do? Well I might go to Dartmouth. Dartmouth?! I didn't tell anyone I applied cause I never thought I'd make it. I can't believe it! But what about Doug? There's a world of guys out there. I just wish I didn't have to date any of them. Hey -- Doug Stallworth? It's his loss."
m62,frances,conv_8571,DRAMA TEACHER,FRANCES,f,f,6,75,0,0.0,0,"This is the answer: a subscription drive to ""Voice of Action!"" First prize is a trip to Moscow! You could visit the art theatre, maybe even meet Stanislavski! But I'll never win that. Yes, yes, it's all arranged. Everyone's collecting subscriptions in your name. And the best part is: the trip returns you to New York. Really? New York, Frances! Broadway! This is your chance! You belong on the stage! Thank you."
m62,frances,conv_8661,FRANCES,LILLIAN,f,f,2,16,0,0.0,0,"Mama... I'm not hungry. You two just enjoy yourselves. After all, this is a celebration."
m62,frances,conv_8662,FRANCES,LILLIAN,f,f,3,39,1,0.0256,0,"Don't listen to him, little sister. When you're proud of what you are, you don't refuse the label, understand? Yes, Ma. And you... should be proud. You won that contest and made a name for yourself."
m62,frances,conv_8663,FRANCES,LILLIAN,f,f,2,33,0,0.0,0,"But they're using you! Oh Ma, they're not using me. It's just a chance to travel, see things. Besides, it's the only way I can get to New York."
m62,frances,conv_8664,FRANCES,LILLIAN,f,f,2,30,0,0.0,0,"I'll pay your way to New York. I'll work, I'll slave. I'll sell my vegetables to the truck farmers, or -- Oh, Mama, don't you understand?"
m62,frances,conv_8665,FRANCES,LILLIAN,f,f,4,31,0,0.0,0,"It isn't in your hands, Mama. It's my life. Yes, but important people are concerned about this. Judge Hillier spoke to Alma Styles -- I don't care. ...You will."
m62,frances,conv_8666,FRANCES,LILLIAN,f,f,2,7,0,0.0,0,"It's okay. Smile, little sister, smile."
m62,frances,conv_8667,FRANCES,LILLIAN,f,f,4,47,0,0.0,0,"It's alright now, little sister, everything's going to be just fine. Mama, what's... Shhh, shhh. You're not going to jail, Frances. The Judge has put you under my care. I'll see you get the rest you need. You're taking me home!"
m62,frances,conv_8668,FRANCES,LILLIAN,f,f,2,20,0,0.0,0,Tell them who I am! Tell them who I am! Are you crazy? Unhand that woman! That's Amelia Earhart!
m62,frances,conv_8669,FRANCES,LILLIAN,f,f,8,59,1,0.0169,0,"And here's one from nice Mr. Zeiss. He says that... Why are these all opened? Well, they needed immediate answers, Frances. It's good manners and good sense. You shouldn't be bothering yourself with these right now. Then why did you bring them? It's your fan mail, little sister. You kill me, Mama. What? Go on..."
m62,frances,conv_8670,FRANCES,LILLIAN,f,f,2,12,0,0.0,0,"Well, who have we here...? Frances, you remember my lawyer, Alma Styles?"
m62,frances,conv_8671,FRANCES,LILLIAN,f,f,2,20,0,0.0,0,"Oh Mama, I'm so... tired of that song. Please. I want you to. It would make me so happy."
m62,frances,conv_8672,FRANCES,LILLIAN,f,f,5,31,0,0.0,0,"I think I need a little air. What's wrong? Nothing. I think I'll just go out for awhile. Where are you going? For a walk, Mama. Just a walk."
m62,frances,conv_8673,FRANCES,LILLIAN,f,f,2,7,0,0.0,0,How long will you be? Not long.
m62,frances,conv_8674,FRANCES,LILLIAN,f,f,4,15,0,0.0,0,I'll have lunch ready by one. I'll be back. At one. Promise? Sure.
m62,frances,conv_8675,FRANCES,LILLIAN,f,f,2,10,0,0.0,0,"Say you promise. I promise I'll... I promise, Mama."
m62,frances,conv_8676,FRANCES,LILLIAN,f,f,4,25,0,0.0,0,"You know, the surest way to lose an appetite, is to drink, little sister. Yes, Mama. I don't want you drinking, Frances. Yes, Mama."
m62,frances,conv_8677,FRANCES,LILLIAN,f,f,3,126,0,0.0,0,"I'm back, Mama. Oh Frances, do I have news for you! Guess who -- Wait, Mama, wait. I have something to tell you. I've decided... well... I'm not going to make movies anymore. I thought that's what I wanted, and I went after it with all my soul, the way you taught me, but I was miserable, Mama, and it nearly killed me. So now... now it's over. I want a different kind of life, something... simple. I want to live someplace quiet and peaceful... in the country maybe, and I'll have dogs and cats -- I feel so light suddenly, so clear for the first time in... It's going to be okay, Mama, I know it. And I love you."
m62,frances,conv_8678,FRANCES,LILLIAN,f,f,3,73,2,0.0274,0,"Don't... talk crazy. Mama...? They want you back! Your agent called today! Don't you understand? He's sending the scripts. He wants to fly up here in a week with the publicity people! Frances, you can't do this to your fans! Why, they've been praying for you all through this nightmare. You can't turn your back on them now! Look at this fan mail I've been answering!"
m62,frances,conv_8679,FRANCES,LILLIAN,f,f,9,137,5,0.0365,0,"Haven't you heard what I said? I told him to come up! I told him you wanted to show them all that there's nothing wrong with you any more, that you're completely cured! I'm not cured. I was never sick! They had no business putting me in there! My only responsibility is to myself now! You... you selfish, selfish child. At least talk to him, hear what he has to say. No! You want to throw it all away, is that it? You had everything, little sister. Beauty... a brilliant career... a wonderful husband. You were a movie star! Mama, shut up! And now you're throwing everything away? You're gonna be a nobody! Nobody! You know what that's like?! You... You'd send me back, wouldn't you? You would."
m62,frances,conv_8680,FRANCES,LILLIAN,f,f,5,45,0,0.0,0,"Where are you going? I'm going out! You're not going anywhere! Yes, I am, and you can't stop me! You can't tell me what to do, mother. I'm a grown woman, and I can decide about my own life. Frances!"
m62,frances,conv_8681,FRANCES,LILLIAN,f,f,2,19,0,0.0,0,"Of course, she hasn't anything definite in mind. No. No, it all depends on what offers I get."
m62,frances,conv_8682,FRANCES,LILLIAN,f,f,2,22,0,0.0,0,"Oh, just leave those things for now. No, Mama, I'll take care of it. I'll wash them in the morning."
m62,frances,conv_8683,FRANCES,LILLIAN,f,f,2,36,0,0.0,0,"You know, little sister, I never resented you for refusing to see me in the... the hospital. I knew you had to manage on your own before you could come back. Thank you for understanding, Mama."
m62,frances,conv_8684,FRANCES,LILLIAN,f,f,2,29,0,0.0,0,"Little sister, I don't want you to feel any rush to get back to work. I want you to rest... for a while anyway. I will, I promise."
m62,frances,conv_8685,FRANCES,LILLIAN,f,f,4,44,0,0.0,0,"Do I go right away or do I have time to take a bath? I was hoping for a kind word, little sister. You were hoping for a kind word?! You're my mother! You're supposed to nourish me! Support me! I have!"
m62,frances,conv_8686,FRANCES,LILLIAN,f,f,3,218,0,0.0,0,"No! All you've done is try to break my spirit, try to turn me into you! But I'm not you, mother, and I never will be, and thank god for it!  That goes for you too! And frankly, I don't know how, with the two of you, I turned out as sane as I am --  Wait right there, gentlemen, I'll be with you in a minute... and believe me, I don't want to stay here one second longer than I have to!  But I've got to tell you, Lillian, that one day before you die, you will realize what you've done and hang your head in shame. In shame! But what -- No! You're not talking now. You listen. You can send me away, Lillian, you can pretend I'm crazy and pretend I'm still your little girl who can't take care of herself, but one thing you can't pretend anymore. You can't pretend I love you because I don't. I can't. Not after what you've done to me. Because you see... I'm still me... I'm trying real hard all this time to be me... and you, 'little sister', you haven't been any help at all.  Okay, boys, I'm ready."
m66,g.i. jane,conv_8998,BLONDELL,JORDAN,f,f,3,18,0,0.0,0,"B.O.Q., south side.  Take a starboard tack out the door. Thank you, ensign. No problem, lieutenant."
m66,g.i. jane,conv_8999,BLONDELL,JORDAN,f,f,5,55,1,0.0182,0,"They take you away to San Clemente Island.  Half the guys quit when they come back.  Supposed to be just hell-and-a-half. That's what I hear. Can I ask you somethin', lieutenant? How come you're doing this?  I mean, we're kinda curious. Who's ""we""? Just some of the women."
m66,g.i. jane,conv_9000,BLONDELL,JORDAN,f,f,6,158,6,0.038,0,"I don't know if there's any single reason.  But my father was Navy. And he had this old-time recruiting poster in his den.  It showed a girl trying on a sailor's uniform while saying, ""Gee, I wish I were a man! I'd join the Navy!""  Was maybe 10 years old when I first saw it, and even then it felt wrong.  Made me mad.  And I don't think a month has gone by that I haven't thought about that poster.  ""Gee, I wish I were a man."" I've been accused of that wish. The woman I saw you with... Just a friend.  We have friends, too, you know. But are there... I mean, how many... More than you'd guess.  It's just that we don't hold coffee klatches. If more then three of us get together at any one time, the guys think it's some kind of uprising."
m66,g.i. jane,conv_9001,BLONDELL,JORDAN,f,f,6,47,1,0.0213,0,"Administration, Ensign Blondell. Don't say my name. Who's...  Lieuten -- Or rank.  But can you do me a favor and pull a transfer order? Okay, but... You didn't have to do what you did.  Not for me. ""Wickwire, Thomas Dane.""  See what you can find."
m66,g.i. jane,conv_9002,BLONDELL,JORDAN,f,f,3,28,1,0.0357,0,"Got it. Who signed as his ""sponsoring officer""? Uh... don't see it.  There's no signature.  But hang on -- there's a note to ""See Addendum.""  Checking..."
m66,g.i. jane,conv_9003,BLONDELL,JORDAN,f,f,2,6,0,0.0,0,"Wow... What'd you find, Kathy?"
m66,g.i. jane,conv_9029,DEHAVEN,DEHAVEN'S AIDE,f,f,2,11,0,0.0,0,White House boys want a private meeting. I'll act surprised.
m66,g.i. jane,conv_9030,DEHAVEN,DEHAVEN'S AIDE,f,f,2,21,0,0.0,0,Think I overplayed it? Congress and the Pentagon share a lot of plumbing.  They'll never know whose leak it is.
m66,g.i. jane,conv_9031,DEHAVEN,DEHAVEN'S AIDE,f,f,4,45,0,0.0,0,"Yes? Did you hear? She made it through S.E.R.E. training.  Got a call this morning from -- Not that.  The White House just announced that it was sponsoring legislation that would, in one stroke, void all remaining elements of the 1948 Combat Exclusion Laws."
m66,g.i. jane,conv_9036,DEHAVEN,JORDAN,f,f,3,63,0,0.0,0,"So everyone I talk to says you're top drawer with silk stockings inside. Thank you, ma'am.  Um, may I ask what this is regarding? High-school pentathlete... ROTC scholarship, graduated with honors... top marks in Basic Training... and, as it just so happens, a constituent of my home state of Virginia.  Oh, the things I'll do for one extra vote."
m66,g.i. jane,conv_9037,DEHAVEN,JORDAN,f,f,10,136,1,0.0074,0,"""Coronado."" California. I know that, sir.  Ma'am.  It's just that... Beggin' your pardon, Senator, but... do you understand that this involves combat training? This is just a test case, O'Neil. But if it works out -- if you work out -- it could well change the Navy's official policy on women in combat.  Or, actually, its official non-policy.  Now who's your immediate superior there? Captain Dwyer.  Technically. My office will fill him in and help expedite.  Look forward to meeting you at the proper time.  Jumping off now... Uh, question, ma'am. Yes, dear. Would I be the only one?  The only woman? There'll be more to follow -- but yes, dear, right now you're the pick of a very large litter.  And your success would mean a lot.  Jumping, now..."
m66,g.i. jane,conv_9038,DEHAVEN,JORDAN,f,f,4,67,0,0.0,0,"Can't complain, ma'am. Hmmm.  Maybe I'll ask when I see you in person. Uh, ma'am. Gonna be visiting that all-woman's America's cup team in a few weeks -- If I were a gambler, I'd say Dennis O'Conner's days are numbered.  But they're in San Diego, so I thought I'd take a quick promenade of the base."
m66,g.i. jane,conv_9039,DEHAVEN,JORDAN,f,f,2,24,1,0.0417,0,Jordan.  I always hoped we'd get together -- though just now I'm gearing up for a child-care vote that -- Lieutenant Thomas Wickwire.
m66,g.i. jane,conv_9040,DEHAVEN,JORDAN,f,f,6,56,2,0.0357,0,"You know him. Sounds familiar. It should.  You nominated him for Spec-Recon just three days after you nominated me. Jordan.  Might we do this over lunch tomorrow?  I do very much want to talk, but now is scarcely -- Did you set me up?  Did you set me up just to see me fail? Absolutely not."
m66,g.i. jane,conv_9041,DEHAVEN,JORDAN,f,f,4,49,2,0.0408,0,"Wickwire was there to help.  To be my eyes on the inside, to make sure you were getting a fair shot.  At least that was the intent. What changed? Should probably ask him that. If I have to ask again, Senator, I'll be asking in front of cameras."
m66,g.i. jane,conv_9042,DEHAVEN,JORDAN,f,f,6,139,5,0.036,0,"So?  Isn't the President jumping on your bandwagon? What he did was light the bandwagon on fire.  Because he knows what I know -- that American families are not prepared to put their daughters in harm's way. You don't know that. In face, I do:  Roper, Harris, Gallop -- they all come back the same. What are you saying?  That a women's life is more valuable than a man's? That a women's death hurts a family more? I'm saying it's not going to happen. Not when the President is set to turn this into a third-rail issue should I choose to ever campaign against him.  He will fry me six ways to Sunday for sending daughters and young mothers off to war -- and, quite possibly, for bringing them back in body bags."
m66,g.i. jane,conv_9043,DEHAVEN,JORDAN,f,f,5,118,1,0.0085,0,"You were never going to let women serve in combat.  You always had a safety net.  Or thought you did. Jordan.  I don't expect you to fully understand this -- but sometimes there's more to be gained from the fight than the victory. So the rhetoric gets you headlines. But the reality gets you in trouble. The reality is this:  We send far too many men off to war.  I don't need to compound the problem with women.  Can you honestly tell me you wanted that life?  Squat-pissing in some third-world jungle with -- I wanted the choice.  The chance to prove myself, my skills, my work, me.  That's how it should've been."
m66,g.i. jane,conv_9044,DEHAVEN,JORDAN,f,f,7,126,5,0.0397,0,"I once promised you a fast ticket, Jordan, and I always meant to make good on that.  Come work for me.  I can always use a hard-charger on my team. You promise Wickwire a fast ticket, too? I've had no direct communication with him since this whole thing began.  And that's quite verifiable. I'm sure it is. You'll think about my offer? You know, I wonder what the SecNav would think about it.  If I spoke with him. Well, I spoke with Mr. Hayes this morning myself -- and told him the deal was off.  No more test cases. He was only too happy to oblige.  Don't play politics with me, little darlin'.  You'd be up way past your bedtime."
m67,godzilla,conv_9165,AUDREY,LUCY,f,f,2,23,1,0.0435,0,And I'm supposed to remind you to call him on all of Caiman's expense p.o.'s. Speak of the devil.
m67,godzilla,conv_9166,AUDREY,LUCY,f,f,2,13,1,0.0769,0,"My life sucks. Oh, please, your life doesn't suck. His life sucks."
m67,godzilla,conv_9167,AUDREY,LUCY,f,f,2,35,4,0.1143,1,I can't believe he put the moves on me. After everything I've done for him. He's scum! As far as he's concerned you're just a pair of breasts that talk.
m67,godzilla,conv_9168,AUDREY,LUCY,f,f,3,36,8,0.2222,1,It's Nick! I know that guy. I know him! Who is he? He was my college sweetie! Look at him. He looks so handsome on t.v. What the hell is he doing in Panama.
m67,godzilla,conv_9169,AUDREY,LUCY,f,f,2,7,1,0.1429,1,Did Romeo have a name? Nick Tatopoulos.
m67,godzilla,conv_9170,AUDREY,LUCY,f,f,2,20,3,0.15,1,"Four years. Girl, I'm surprised he didn't ask you to marry him. That's the problem. He did."
m67,godzilla,conv_9171,AUDREY,LUCY,f,f,5,65,1,0.0154,0,"What the hell are you doing? Remember my friend we saw on t.v.? Your old sweetheart? Yeah, well he just turned up in New Jersey at the military command post. Somehow all this is related to what happened down in Panama. There's a story here. I know it. You got any tape or glue? I left my forgery kit back at the office."
m67,godzilla,conv_9172,AUDREY,LUCY,f,f,3,49,1,0.0204,0,"Wish me luck! Audrey, I don't think this is a very good idea. Caiman finds out and he'll have your job. I'm tired of waiting for someone else to give me an opportunity, Luce. If there's a story here I'm going to find it."
m72,ghost world,conv_9991,ENID,ROBERTA,f,f,2,18,0,0.0,0,And what can you tell us about this... Enid. It's sort of like a diary I guess.
m72,ghost world,conv_9992,ENID,ROBERTA,f,f,5,32,1,0.0312,0,"Who is this, Enid? It's supposed to be Don Knotts. And what was your reason for choosing him as your subject? I dunno... I just like Don Knotts. I see... interesting..."
m72,ghost world,conv_9993,ENID,ROBERTA,f,f,8,169,0,0.0,0,"These are all valid comments, but I think we should see if the artist has anything to bring to this. Well, I got the idea when I was doing some research and I discovered that Cook's Chicken used to be called Coon's Chicken, and so I decided to do my project based on this discovery as kind of a comment on racism... and the way racism is whitewashed over in our culture... Did you actually do this painting? Well, no - it's more like a ""found art object."" And how do you think this addresses the subject of racism? It's complicated... I guess I'm trying to show how racism used to -- more out in the open and now it's hidden, or something... And how does an image like this help us to see that? I'm not sure... I mean...  I guess because when we see something like this it seems really shocking and we have to figure out why it's so shocking?"
m72,ghost world,conv_9994,ENID,ROBERTA,f,f,5,101,0,0.0,0,"Enid, can I talk to you for a minute? Uh-oh. Don't worry - it's nothing bad. I was just wondering what your plans were for next year? I'm not really sure - working, I guess... Well, I know this is really short notice, but I got a call from a very close friend at the Academy of Art & Design and she tells me that I'm allowed to place one student from your graduating class in a one year scholarship program... and, well, I hope you don't mind, Enid, but I took the liberty of submitting your name."
m72,ghost world,conv_9995,ENID,ROBERTA,f,f,8,55,0,0.0,0,"Hmm. As far as I know it includes housing and meals and everything... it is really quite an offer... ...wow... So what do you think? I dunno... Would I have to take classes and stuff? Well, yes... I... Let me know as soon as you can, Enid. This could be a great thing for you."
m72,ghost world,conv_9996,ENID,ROBERTA,f,f,11,161,0,0.0,0,"Enid! I'm so sorry about what happened. What do you mean? The whole business with the art show and the newspaper -- it's absolutely -- Huh? Didn't Principal Jaffee call you? I didn't check my messages... Oh my goodness... well, the whole thing is just ridiculous, and as soon as the school board is back in session next Fall I'm going to do everything I can to help you. Help me what? Well they're forcing me to give you a non-passing grade in the class because of what happened at the exhibition... but don't worry -- I'm sure I'll be able to get you your diploma in the Fall! But... can I still get that scholarship to the Art Academy? I'm sorry, Enid - you have to be an official high school graduate before I can nominate you.  I had to give it to someone else...  But I'm sure next year I can --"
m72,ghost world,conv_10016,ENID,REBECCA,f,f,4,63,0,0.0,0,"God, what a bunch of retards... I thought Chipmunk-face was never going to shut up. I know, I liked her better when she was an alcoholic crack addict! She gets in one car wreck and all of a sudden she's Little Miss Perfect and everybody loves her. It's totally sickening.  Let's see if they gave me the right diploma..."
m72,ghost world,conv_10017,ENID,REBECCA,f,f,6,60,0,0.0,0,"What?... Oh suck my fucking dick! What? These assholes are saying that I have to go to Summer school and take some stupid art class! Why? Remember that stupid hippie art teacher who failed me sophomore year? I didn't think that just because you get an ""F"" that means you have to take the class over again. You loser."
m72,ghost world,conv_10018,ENID,REBECCA,f,f,2,22,0,0.0,0,"This is so bad, it's almost good. This is so bad it's gone past good and back to bad again..."
m72,ghost world,conv_10019,ENID,REBECCA,f,f,6,35,0,0.0,0,"Just think, we'll never have to see any of these creepy faces ever again. Unless they're in your Summer school class! Shut up! Uh oh... don't turn around... What? Why? Forget it..."
m72,ghost world,conv_10020,ENID,REBECCA,f,f,2,13,0,0.0,0,"Since when is she an ""actress""? I know, she needs to die immediately."
m72,ghost world,conv_10021,ENID,REBECCA,f,f,3,28,3,0.1071,1,"Oh my god, look! Is Stacy Himmler going out with Rod Harbaugh? How perfect. He better watch out or he'll get AIDS when he date-rapes her."
m72,ghost world,conv_10022,ENID,REBECCA,f,f,3,19,0,0.0,0,"God, just think, we'll never see Dennis again. Good. God, think about that... that's actually totally depressing."
m72,ghost world,conv_10023,ENID,REBECCA,f,f,4,19,0,0.0,0,Hi. Look at these people behind you. I'm totally convinced they're Satanists. Why? Just look at them!
m72,ghost world,conv_10024,ENID,REBECCA,f,f,6,87,0,0.0,0,"So, when are we going to start looking for our apartment? Soon... I have to wait and see how this Summer class goes. Did you sign up yet? Yeah, I just picked the one that sounded the easiest. God, it's so weird that we're finally out of high school... We've been waiting for this our whole life! Now we can get our own apartment and do anything we want.  It's such a weird feeling. I know, it hasn't really hit me yet."
m72,ghost world,conv_10025,ENID,REBECCA,f,f,2,10,0,0.0,0,"Hey, look, the satanists are leaving! We should follow them!"
m72,ghost world,conv_10026,ENID,REBECCA,f,f,2,5,0,0.0,0,"Much later. In fact, never."
m72,ghost world,conv_10027,ENID,REBECCA,f,f,3,22,0,0.0,0,"What do you do if you're a satanist, anyway? You know, sacrifice virgins and stuff... That lets us off the hook."
m72,ghost world,conv_10028,ENID,REBECCA,f,f,5,51,0,0.0,0,"Maybe there's some weird secret satanic society that meets at the Quality Cafe and all of the other regular customers are in on it except for us. Or maybe not. Maybe they're slowly poisoning us or they're planning to brainwash us and -- Okay, okay! Hey, look at this..."
m72,ghost world,conv_10029,ENID,REBECCA,f,f,2,18,0,0.0,0,"""Authentic 50's diner""? Since when were there mini-malls in the 1950's? God, it's so totally pathetic."
m72,ghost world,conv_10030,ENID,REBECCA,f,f,2,20,0,0.0,0,Who can forget this great hit from the 50's? I feel as though I've stepped into a time warp!
m72,ghost world,conv_10031,ENID,REBECCA,f,f,2,8,0,0.0,0,"Hi, Al! Can we call you ""Weird Al""?"
m72,ghost world,conv_10032,ENID,REBECCA,f,f,2,9,0,0.0,0,I might actually get the pasta special. You loser!
m72,ghost world,conv_10033,ENID,REBECCA,f,f,3,28,0,0.0,0,"Did you notice all those weird things on the menu? Like ""The Salad Explosion""? I know... and instead of ""dessert"" it says ""Mindbenders."" What does that even mean?"
m72,ghost world,conv_10034,ENID,REBECCA,f,f,5,72,1,0.0139,0,"Check out the Personals... maybe our future husbands are trying to contact us. God, this paper is so boring. Who reads all this shit?  Here we go...  ""Windsurfing Doctor, Mensan IQ, maverick Sagittarius. Let's hit the clubs, make each other laugh!"" You can have that one. Okay, well here's yours...  ""Who said all the most eligible bachelors are taken? Not this one! Stunning bod, very snugglelicious ocean sunset dreamer."" Gross."
m72,ghost world,conv_10035,ENID,REBECCA,f,f,5,87,3,0.0345,0,"Jesus! Listen to this one: ""Do you remember me? Airport shuttle, June 7th. You: striking redhead with yellow dress, pearl necklace, brown shoes. I was the bookish fellow in the green cardigan who helped you find your contact lens. Am I crazy, or did we have a moment?"" God, that's so pathetic. I bet she didn't even notice him. I know. And he's like psychotically obsessing over every little detail. We should call him and pretend to be the redhead. Oh, we totally have to."
m72,ghost world,conv_10036,ENID,REBECCA,f,f,2,14,0,0.0,0,Does Oomie really like this show? Isn't it weird? It's her favorite.
m72,ghost world,conv_10037,ENID,REBECCA,f,f,4,55,0,0.0,0,So what should we do? Wait... I just want to see what's on this tape. What is this? I dunno. John Ellis always puts on all this sick stuff that I have to fast-forward past to get to the good stuff.  There's supposed to be a Don Knotts movie on here someplace.
m72,ghost world,conv_10038,ENID,REBECCA,f,f,3,23,0,0.0,0,Hey - why do you have this? You lent it to me in like tenth grade. I've been looking all over for this.
m72,ghost world,conv_10039,ENID,REBECCA,f,f,2,10,0,0.0,0,Look at how cute I am! What a little hosebag.
m72,ghost world,conv_10040,ENID,REBECCA,f,f,5,51,1,0.0196,0,"Look, that's back when I hated you. I remember every minute of that party. There's my dad with Joanie. I can never keep them all straight - was she the super-bitch? No, she was the second wife. The third one was the super-bitch - Maxine.  There! Look at her!"
m72,ghost world,conv_10041,ENID,REBECCA,f,f,5,53,5,0.0943,0,"I want to do him! I bet! Actually he reminds me of that one creep you went out with -- you always go for guys with some lame, fake shtick. What are you talking about -- who? That Larry guy -- what look was he going for? A gay tennis player from the forties? Fuck you!"
m72,ghost world,conv_10042,ENID,REBECCA,f,f,4,17,1,0.0588,0,"Hey! We forgot to call the loser! Which loser? You know, the green cardigan guy. Oh yeah."
m72,ghost world,conv_10043,ENID,REBECCA,f,f,6,54,1,0.0185,0,"You call. Why do I always have to do it? You're better at it. I remember when I first started reading these I thought DWF stood for ""dwarf!"" What does it stand for? Shh, it's his answering machine...  We hear the indistinct traces of a musical message followed by a faint BEEP."
m72,ghost world,conv_10044,ENID,REBECCA,f,f,3,29,5,0.1724,1,"God, I think Josh is too mature for us. I know, look at the way he drives... he's like an old man. Yeah, Josh, c'mon... MOVE IT!"
m72,ghost world,conv_10045,ENID,REBECCA,f,f,2,12,1,0.0833,0,"Look, maybe that's him! It's still twenty-five minutes early."
m72,ghost world,conv_10046,ENID,REBECCA,f,f,2,16,2,0.125,1,"I want to ""make love"" to him. I'm going to tell him you said that."
m72,ghost world,conv_10047,ENID,REBECCA,f,f,2,8,0,0.0,0,SHUT UP! She says she wants to MMPH!
m72,ghost world,conv_10048,ENID,REBECCA,f,f,2,12,1,0.0833,0,Is he wearing a green cardigan? What exactly is a cardigan anyway?
m72,ghost world,conv_10049,ENID,REBECCA,f,f,2,9,1,0.1111,1,It's obviously him! I can't believe it!
m72,ghost world,conv_10050,ENID,REBECCA,f,f,2,20,2,0.1,1,"What's going on now? What's he doing? Oh my god, he just ordered a giant glass of milk!"
m72,ghost world,conv_10051,ENID,REBECCA,f,f,2,16,2,0.125,1,"What's he doing now? He's still just sitting there. God, this is totally unbearable!"
m72,ghost world,conv_10052,ENID,REBECCA,f,f,2,7,1,0.1429,1,Do you think he knows? I dunno...
m72,ghost world,conv_10053,ENID,REBECCA,f,f,2,5,0,0.0,0,Are you sure? Totally! Look!
m72,ghost world,conv_10054,ENID,REBECCA,f,f,2,8,2,0.25,1,He's insane! We should follow him home.
m72,ghost world,conv_10055,ENID,REBECCA,f,f,3,29,2,0.069,0,"He doesn't even look that bummed out, really. I know... wouldn't you be totally pissed off? This kind of thing must happen to him all the time."
m72,ghost world,conv_10056,ENID,REBECCA,f,f,3,32,3,0.0938,0,"This is way too creepy. He won't see us... we'll just stalk him from a distance. I'm afraid if I see him, I'll start feeling really bad again."
m72,ghost world,conv_10057,ENID,REBECCA,f,f,2,15,0,0.0,0,"The W.C. Fields Fan Club Newsletter...  Oh my God, The National Psoriasis Foundation! Bingo!"
m72,ghost world,conv_10058,ENID,REBECCA,f,f,2,16,1,0.0625,0,"What should we do? What if he recognizes us? Come on, it's too late now..."
m72,ghost world,conv_10059,ENID,REBECCA,f,f,4,23,1,0.0435,0,"Ew, look at this... Gross! I think it's cute - look at his little weasel teeth. Ew, it's like some gross rat..."
m72,ghost world,conv_10060,ENID,REBECCA,f,f,2,17,2,0.1176,1,"That was truly pathetic. I know... I still can't get over that his name was ""Seymour."""
m72,ghost world,conv_10061,ENID,REBECCA,f,f,10,149,11,0.0738,0,"He was so excited when you bought that record -- you're a saint!... God, these apartments are super expensive... It was so cute how he had his own little bags. I thought I was going to start crying!... Do you think they're gay? What about the ""striking redhead in the yellow dress""? Oh yeah... He should totally just kill himself... Hey, here's one  ...Oh wait...  you have to share it with a non smoking feminist and her two cats... I dunno... I kind of like him... He's the exact opposite of everything I really hate... In a way he's such a clueless dork that he's almost cool... That guy is many things but he definitely isn't ""cool""... This one would be okay, but there's no kitchen... Yeah, but... you know what I mean. Not really... Forget it, I can't explain it..."
m72,ghost world,conv_10062,ENID,REBECCA,f,f,2,13,0,0.0,0,"We're not sure yet, that's why we're looking. Somewhere downtown."
m72,ghost world,conv_10063,ENID,REBECCA,f,f,2,6,0,0.0,0,"""Funky""? What, is she black now?"
m72,ghost world,conv_10064,ENID,REBECCA,f,f,6,119,0,0.0,0,"I've been thinking about when we look for our apartment how we have to try and convince people that we're like these totally rich yuppies... What are you talking about? That's who people want to rent to. It's a known fact that it's way easier to get a job and everything if you're rich... All we have to do is buy a few semi-expensive outfits and act like it's no big deal... it'll be fun. You just want an excuse to dress like some stupid fashion model without me making fun of you. Just promise you'll do it. Okay, okay, I promise... Jesus, you're out of your mind."
m72,ghost world,conv_10065,ENID,REBECCA,f,f,3,30,0,0.0,0,"What? How long have you been standing there? Did you have to buy new hair dye or did you still have some left over from eighth grade? Fuck you, bitch!"
m72,ghost world,conv_10066,ENID,REBECCA,f,f,3,24,0,0.0,0,We still have to go in there sometime. It's always closed... I bet they have tons of incredible shoes hidden in the back.
m72,ghost world,conv_10067,ENID,REBECCA,f,f,3,10,1,0.1,1,"Where are we going? Let's go hassle Josh. ""Hassle""?"
m72,ghost world,conv_10068,ENID,REBECCA,f,f,5,35,4,0.1143,1,There he is... As always. Waiting for the bus that never comes... I wonder if he's just totally insane and he really thinks a bus is coming or -- Why don't you ask him.
m72,ghost world,conv_10069,ENID,REBECCA,f,f,2,2,2,1.0,1,JOSH! JOSH!
m72,ghost world,conv_10070,ENID,REBECCA,f,f,3,20,2,0.1,1,"I'll bet he never jerks off... Yeah, he's beyond human stuff like that. Should we leave a note?"
m72,ghost world,conv_10071,ENID,REBECCA,f,f,2,15,0,0.0,0,Why are we going here? I hate this place. It'll only take a second.
m72,ghost world,conv_10072,ENID,REBECCA,f,f,4,45,0,0.0,0,"What was that all about? It's not like I'm some modern Punk dickhead... It's obviously supposed to be a 1977 Punk look, but I guess Johnny Fuckface is too stupid to get it! I didn't get it either. Everybody's too stupid!"
m72,ghost world,conv_10073,ENID,REBECCA,f,f,2,14,0,0.0,0,"How about this one? Hey, you have to see my new good luck charm."
m72,ghost world,conv_10074,ENID,REBECCA,f,f,3,21,2,0.0952,0,"Ew ... when did you get that? This morning at Seymour's garage sale. God, aren't you tired of Seymour yet?"
m72,ghost world,conv_10075,ENID,REBECCA,f,f,2,14,0,0.0,0,How about this? Forget it. I'm sure it sucks. All these movies suck.
m72,ghost world,conv_10076,ENID,REBECCA,f,f,7,70,1,0.0143,0,"Let's get out of here, this place makes me sick. We have to do something fun tonight this is my last weekend of freedom before I start my stupid job. I know a party we could go to... What? Where?! It's a surprise. I don't believe you. If I promise you there's really a party with a lot of guys, do you promise you'll go?"
m72,ghost world,conv_10077,ENID,REBECCA,f,f,2,13,0,0.0,0,"I totally, totally hate you. Aw c'mon, this is a fun party."
m72,ghost world,conv_10078,ENID,REBECCA,f,f,2,13,0,0.0,0,"I'll be right back, I'm gonna go get a beer. Wait..."
m72,ghost world,conv_10079,ENID,REBECCA,f,f,8,32,1,0.0312,0,"Give me all your money, bitch! Where did you get that? You won't believe it! Guess! Where? Anthony's II! No way... when? Just now... I went with Seymour. You cunt!"
m72,ghost world,conv_10080,ENID,REBECCA,f,f,2,11,2,0.1818,1,That guy is totally amazing. He does that every single day.
m72,ghost world,conv_10081,ENID,REBECCA,f,f,12,141,4,0.0284,0,"God, how can you stand all these assholes? I don't know... Some people are okay, but mostly I feel like poisoning everybody. At least the wheelchair guy is sort of entertaining... He's a total asshole... He doesn't even need that wheelchair, he's just totally lazy! That rules! No, it doesn't. You'll see... you get totally sick of all the creeps and losers and weirdos. But those are our people... Yeah, well...  So when are you going to get your job? I'm working on it... I've got a few leads... it's just that right now I have, all these projects that take up all my time. Like what? Nothing. Don't worry... I promise I'll get a job next week. God, I can't believe you went to Anthony's without me."
m72,ghost world,conv_10082,ENID,REBECCA,f,f,8,117,3,0.0256,0,...you don't have to make a million dollars -- just get any stupid job so we can at least start looking for an apartment. I wonder if I hang around with you because you're like my surrogate mother figure or something. Like I have this subconscious biological need to be nagged and bitched at constantly. You hang out with me because nobody else can stand to be around you. Or maybe... did you ever think that deep down we really might be lesbos? Maybe that's why we spend so much time together. You're gross.  See that guy? Which one? He gives me a total boner! He's like the biggest idiot of all time!
m72,ghost world,conv_10083,ENID,REBECCA,f,f,7,84,1,0.0119,0,"You're just jealous. Yeah, right... Believe me, at this point I'm over the fact that every single guy likes you better than me! Face it, you hate every single boy on the face of the earth! That's not true, I just hate all these obnoxious, extroverted, pseudo- bohemian losers!  Sometimes I think I act so weird because I'm crazy from sexual frustration. Haven't you heard about the miracle of masturbation? ...maybe we should be lesbos... Get away from me!"
m72,ghost world,conv_10084,ENID,REBECCA,f,f,10,160,2,0.0125,0,"Are you kidding? It's a dream job! I can't believe you got a job like that without even trying... God, I wish that was my job... Yeah, maybe it'll be okay. At least I'll get to see every movie for free, I guess... I had to lie and tell them I already graduated... When are you finally going to get your diploma? I dunno, but next week is my last class... Anyway, now we can start looking for the apartment...  Do you remember when we first came up with that whole idea of renting our own apartment? Wasn't it like eighth grade? Seventh... you wanted to move out right then! That must have been when my dad was married to Maxine... I remember our big plan was as soon as we got the apartment we were going to trick Daniel Dusentrieb into coming over and then fuck him. We were such desperate sluts back then."
m72,ghost world,conv_10085,ENID,REBECCA,f,f,2,47,0,0.0,0,"What are you talking about? What kind of loser gets fired after one day?! I told you - my manager was a total asshole! Don't worry, I'm going to get another job... and anyway, I have some ideas for how to make money in the meantime..."
m72,ghost world,conv_10086,ENID,REBECCA,f,f,3,34,0,0.0,0,"This is it? I can't believe you're selling some of this stuff. Fuck it. Everything must go! Oh my god, I remember this hat... this was during your little old lady phase..."
m72,ghost world,conv_10087,ENID,REBECCA,f,f,2,26,0,0.0,0,"What was that all about? I thought everything must go! Oh yeah right, like I'm gonna let some asshole with a goatee own Goofy Gus."
m72,ghost world,conv_10088,ENID,REBECCA,f,f,4,37,0,0.0,0,"Now are you going to get a regular job? Don't worry. If it makes you feel any better, I don't think you could've gotten more than ten bucks for all this stuff. Yeah, thanks."
m72,ghost world,conv_10089,ENID,REBECCA,f,f,4,47,2,0.0426,0,"Do you want to do something tonight? I can't, it's Seymour's birthday...  Shit! What time is it?  I have to go to the store! I was going to make him a cake... Well, are we still going shopping tomorrow? Yeah, I guess... call me..."
m72,ghost world,conv_10090,ENID,REBECCA,f,f,8,106,5,0.0472,0,"I think one of us should fuck Josh... Go ahead... No, really... God, you're really obsessed... I am not -- I just think it'd be funny to see what he'd do... I thought we decided that Josh was way too cool to be interested in sex, and that he's the only decent person left in the world and we would never want to bring him down to our level and all that... Yeah, but maybe one of us should at least try... No matter what happened it would be a big disaster... Let's just try and keep everything the way it is."
m72,ghost world,conv_10091,ENID,REBECCA,f,f,13,149,5,0.0336,0,"Look, we have to get these... I can't afford stuff like this right now. I'm sick of waiting - we need to start getting stuff if we're ever going to move.  Aren't these the greatest towels? Why do you care about this kind of stuff? Don't you want nice stuff? I can't imagine spending money on towels. You don't have to. I'll pay for all the stuff right now and you can pay me back when you finally get a job. You're insane. Do you still want to go to that thing tonight? What thing? That guy's band is playing tonight... Alien Autopsy. Oh yeah... maybe... Seymour's going on his big date tonight and I kind of want to be around when he calls, so I can hear how bad it went. God, I'm so sick of Seymour."
m72,ghost world,conv_10092,ENID,REBECCA,f,f,11,73,2,0.0274,0,"Hello? Do you still want to do something tonight? What happened to Seymour? I can't believe it - he actually scored! How repulsive! So should I come over? Actually, I'm just about to go out with some friends... What are you talking about? Who? Just some people from work... I don't believe you. Yeah well, you said you were busy... look, I'd better get going... I'll call you tomorrow."
m72,ghost world,conv_10093,ENID,REBECCA,f,f,10,78,5,0.0641,0,"Where are we? This is a weird neighborhood... It's a totally normal, average neighborhood! I just mean it's weird to me... I've never been anywhere near here in my life. Josh says this is a really good neighborhood... What? When did you see Josh?! He came into work. Why? What did he say? Nothing. When was this? I don't know! God, don't act so jealous I only talked to him for two minutes."
m72,ghost world,conv_10094,ENID,REBECCA,f,f,8,102,0,0.0,0,"Twenty-seven fifty-three... do you see it?  That must be it... Great... What?! It looks totally normal... what's wrong with it? I said ""great""... Oh yeah, I can tell you really love it! Well, what am I supposed to say? ""I can't wait to live in some depressing shit-hole in the middle of nowhere""?! There's something wrong with every single place we look at! Why don't you just come right out and tell me you don't want to move in with me?! Because you'll freak out and act like a total psycho about it."
m72,ghost world,conv_10095,ENID,REBECCA,f,f,3,45,1,0.0222,0,You're the psycho! You haven't been able to deal with anything since high school ended! You're the one who's still living out some stupid seventh-grade fantasy! FUCK YOU! Have fun living with your dad for the rest of your life!
m72,ghost world,conv_10096,ENID,REBECCA,f,f,2,7,0,0.0,0,Hello? I need to talk to you.
m72,ghost world,conv_10097,ENID,REBECCA,f,f,7,121,0,0.0,0,"I'm sorry about the other day. I don't know what's wrong with me... I really do want to move in with you. I don't know... I was thinking maybe I should live alone. I decided to rent that place we looked at. I'm moving in next week. Please let me come with you. Please please please... I don't know - I'm not sure it's a good idea. Of course it's a good idea... it's our plan. But how are you gonna pay rent and everything? You don't even have a job. I'll get a job tomorrow, I promise. If I don't, you can totally tell me to fuck off."
m72,ghost world,conv_10098,ENID,REBECCA,f,f,3,12,0,0.0,0,"So, whaddya think? It's fine. So where's all your stuff?"
m72,ghost world,conv_10099,ENID,REBECCA,f,f,6,47,0,0.0,0,There. That's all you're bringing? I'm gonna finish packing tonight... I'll bring it over tomorrow sometime. What time? I dunno... Make sure you're here by noon - we have tons of stuff to do... Oh yeah! I have to show you something else!
m72,ghost world,conv_10100,ENID,REBECCA,f,f,4,42,3,0.0714,0,"Hi. Oh, hi... I almost didn't recognize you -- I think I need to get glasses; you're all blurry! You're lucky then, you can't see the veins on that guy's biceps. Actually, he's a really nice guy."
m72,ghost world,conv_10101,ENID,REBECCA,f,f,2,8,0,0.0,0,Do you want anything? Maybe an orange juice.
m72,ghost world,conv_10102,ENID,REBECCA,f,f,2,6,0,0.0,0,Wow... finally. It just came yesterday...
m72,ghost world,conv_10108,ENID,MAXINE,f,f,2,67,0,0.0,0,"It's really quite something to see you all grown up like this, Enid.  I'd love to hear about what you're doing. I can't help but feel that I had some small part in how you turned out...  What are you studying? You were always such a smart little girl. I'm taking a remedial high school art class for fuck-ups and retards."
m72,ghost world,conv_10109,ENID,MAXINE,f,f,5,68,3,0.0441,0,"May I ask what you're doing? Shhh! I want to know what you think you're doing, staying out all night and worrying your father to death! Oh yeah, like he even noticed. Listen, young lady... I know you don't like me -- I don't really care whether you do or not -- but I will not allow you to treat your father the way you do."
m72,ghost world,conv_10181,MARGARET,ROBERTA,f,f,5,137,0,0.0,0,"I think that Phillip and Enid can help us to see that there are-many different ways we can express ourselves.  We can do things like these cartoons that are amusing as a sort of light entertainment or we can do work that is more serious in scope and feeling and that deals with issues; emotional, spiritual, political; of great importance. I hope that you will each have the tools to do that type of work by the end of this class.  Who is responsible for this? I am. Talk to us about it... It's my response to the issue of a woman's right to choose... it's something I feel super-strongly about. Isn't this a wonderful piece, class? This definitely falls into that higher category of art I was speaking of earlier."
m72,ghost world,conv_10182,MARGARET,ROBERTA,f,f,2,13,0,0.0,0,"What do we have here, Margaret? It's a tampon in a teacup..."
m72,ghost world,conv_10183,MARGARET,ROBERTA,f,f,7,114,0,0.0,0,"I can see that... now what can you tell us about it? First of all, what kind of sculpture is this? It's a ""found object""... that's when an artist takes an ordinary object and places it in an artistic context and thus it becomes art. Very good. Now, what can you tell us about it in regard to your artistic intent? I guess I see the teacup as a symbol for womanhood, because of tea parties in the olden days, but instead of tea I was trying to kind of confront people with this... like... This shocking image of repressed femininity! Right, exactly! I think it's really a wonderful piece, Margaret!"
m78,grand hotel,conv_11015,GRUSINSKAYA,SUZETTE,f,f,2,39,0,0.0,0,"Always the performance -- every day the performance -- time for the performance.  I think, Suzette, I have never been so tired in my life.  Veronal didn't even help me to sleep. Madam Grusinskaya's car is to be brought."
m78,grand hotel,conv_11016,GRUSINSKAYA,SUZETTE,f,f,5,39,0,0.0,0,"I can't dance tonight -- It will pass -- it will pass -- come. Let us cancel the engagement. But, Madam. cannot do that. Now is the time to cancel to stop entirely. I feel it -- everything tells me -- enough -- enough."
m78,grand hotel,conv_11017,GRUSINSKAYA,SUZETTE,f,f,2,25,0,0.0,0,Mon Dieu -- the pearls -- if they were to break -- The pearls won't break -- they hold together and bring me bad luck ---- I hate them!
m78,grand hotel,conv_11018,GRUSINSKAYA,SUZETTE,f,f,2,52,4,0.0769,0,"Orchids come again, Madam -- no card -- I think perhaps they are from the same young man -- he is at the end of the corridor -- tall -- he walks like a soldier -- Madam must have noticed how often he is in the elevator with us. Last night for instance -- Oh, Suzette -- Suzette -- Sshh -- quiet."
m78,grand hotel,conv_11019,GRUSINSKAYA,SUZETTE,f,f,2,16,0,0.0,0,"Ah, oui -- the car is here for Madam. Send it away -- I shan't need it."
m78,grand hotel,conv_11020,GRUSINSKAYA,SUZETTE,f,f,2,10,0,0.0,0,"Oh, come, Madam -- please come. All right, Suzette -- quickly -- hurry."
m78,grand hotel,conv_11021,GRUSINSKAYA,SUZETTE,f,f,2,6,0,0.0,0,"Good morning, Suzette. Good morning, Madam."
m78,grand hotel,conv_11022,GRUSINSKAYA,SUZETTE,f,f,5,32,0,0.0,0,"Madam has slept well? Oh, yes, Suzette. Madam will dress now, it is late. Five minutes, Suzette, come back in five minutes. I'll ring. Yes, madam Suzette knows all about it."
m78,grand hotel,conv_11023,GRUSINSKAYA,SUZETTE,f,f,6,77,0,0.0,0,"Madam should sleep. I've done my hair differently -- do you like that? When a lady falls in love she does her hair differently. In the middle of the night -- those flowers make me think of a funeral. Laurels and tube-roses.  Oh, think, Suzette -- the Villa and the sun at Tremezzo -- quiet -- simple -- happy -- we'll have a guest, Suzette. Yes, Madam. And now Madam will sleep. It is not long 'till the train. Goodnight, Suzette."
m78,grand hotel,conv_11024,GRUSINSKAYA,SUZETTE,f,f,2,15,1,0.0667,0,"Madam, it is Mr. Meierheim -- he is waiting downstairs. Where is Pimenov? Where is Pimenov?"
m80,halloween h20: 20 years later,conv_11233,KERI,MOLLY,f,f,4,61,0,0.0,0,"Molly, of all the people... if I can't trust my resident assistant, then what? I know.  I'm really, really sorry, Miss Tate.  Please let me keep the job... it's the only way I can afford to stay here. Okay, tell you what... you can still be the school R.A., but no dance tomorrow night. Okay... thank you."
m80,halloween h20: 20 years later,conv_11234,KERI,MOLLY,f,f,3,7,1,0.1429,1,Linda!  He killed Linda! Who?! Michael Meyers!
m84,harold and maude,conv_11605,CANDY,MRS. CHASEN,f,f,2,15,0,0.0,0,"Hello, I'm Candy Gulf. How do you do. I'm Mrs. Chasen. Come in."
m84,harold and maude,conv_11606,CANDY,MRS. CHASEN,f,f,6,34,0,0.0,0,"You are at the University, Candy? Yes, I am. And what are you studying? Poli. Sci. With a home ec minor. Eh, Poli Sci? Political Science. It's all about what's going on."
m84,harold and maude,conv_11607,CANDY,MRS. CHASEN,f,f,2,51,2,0.0392,0,"He seems very nice. Is Harold interested in, eh, what's going on? I think it's such a super thing to study. And then, of course, I can always fall back on home ec. Yes, that's good planning. Tell me, are you a regular, Candy, in this computer club?"
m84,harold and maude,conv_11608,CANDY,MRS. CHASEN,f,f,2,81,4,0.0494,0,"I think I should mention, Candy, that Harold does have his eccentric moments. Oh, <u>yes</u>? Well, that's all right. I've got a brother who's a real cut-up, too. I'll never forget the time we had this old TV set with no parts in it. Well, Tommy stuck his head behind it and started giving a newscast before the whole family. We were all hysterical. And here's little Tommy pretending to be Walter Cronkite."
m84,harold and maude,conv_11613,EDITH,MRS. CHASEN,f,f,2,32,4,0.125,1,"This way, Edith. Harold is out by the garage. He has a new car and he has been tuning it up. He's very mechanical. What kind of a car is it?"
m84,harold and maude,conv_11614,EDITH,MRS. CHASEN,f,f,3,33,3,0.0909,0,"Oh. It looks like a hearse.  Very nice. Compact. Edith, I'd like you to meet my son, Harold. Harold, this is Edith... eh? Fern. I'm very pleased to make your acquaintance."
m84,harold and maude,conv_11615,EDITH,MRS. CHASEN,f,f,6,56,0,0.0,0,"And what do you do, my dear? I'm a file clerk - Harrison Feed and Grain. How interesting. Not very. Oh. Well, what is it exactly that you do? I'm in charge of all the invoices for the southwest. We supply, for example, most of the egg farmers in Southern California. So you can imagine."
m84,harold and maude,conv_11616,EDITH,MRS. CHASEN,f,f,6,72,0,0.0,0,"Edith was just telling me about her job. I'm a file clerk. Yes. Henderson Feed and Grain. Harrison. Harrison Feed and Grain... At Hamilton and Fourth... I'm in charge of the invoices... And I type up the schedule for the trucking fleet... She supplies the whole southwest with chicken feed. Well, not all the southwest. Although we do have a large business... Barley was very big last week...  Fifteen hundred..."
m85,hellbound: hellraiser ii,conv_11742,KIRSTY,TIFFANY,f,f,4,22,0,0.0,0,I have to go back. Or it'll never stop. What are you talking... I've got to finish it. Finish what?
m85,hellbound: hellraiser ii,conv_11743,KIRSTY,TIFFANY,f,f,2,13,0,0.0,0,I'm scared. No. Don't let it. You've come this far.
m85,hellbound: hellraiser ii,conv_11744,KIRSTY,TIFFANY,f,f,2,7,0,0.0,0,Well... G'bye. It's been Hell.
m87,hellraiser,conv_11901,JULIA,KIRSTY,f,f,5,19,0,0.0,0,Kirsty. Hi. I got soaked. There's a towel in the bathroom. Which is where? Just to your left.
m87,hellraiser,conv_11902,JULIA,KIRSTY,f,f,4,22,2,0.0909,0,What happened? Just an accident. He's all right. Will you drive? He needs stitches. Sure. The keys are in the kitchen.
m87,hellraiser,conv_11903,JULIA,KIRSTY,f,f,5,26,1,0.0385,0,Kirsty? It's very late. Where's Daddy? What's the problem? I have to see my father. Of course. There's no need to shout.
m87,hellraiser,conv_11904,JULIA,KIRSTY,f,f,5,30,0,0.0,0,"You look terrible. Have you had an accident? I was here this afternoon. This afternoon. I saw everything. I'm sorry, I don't follow. What was there to see?"
m87,hellraiser,conv_11905,JULIA,KIRSTY,f,f,2,6,0,0.0,0,"No, damn you -- Oh my God."
m87,hellraiser,conv_11952,KIRSTY,NURSE,f,f,4,17,0,0.0,0,You're awake. Good girl. What happened to me? I'll get the doctor. Wait a moment --
m87,hellraiser,conv_11953,KIRSTY,NURSE,f,f,2,11,0,0.0,0,Who brought me in here? I won't be a moment.
m87,hellraiser,conv_11954,KIRSTY,NURSE,f,f,5,77,6,0.0779,0,"What a pretty tune. My father doesn't answer. I have to go find him. I'm afraid you'll have to wait until the police have spoken to you. Keep trying your father; he'll answer eventually. I called another friend of mine and he's coming over. Will you let him in? Of course. This isn't a prison you know.  Look if you'd prefer to tell ME what happened, instead of a policeman --"
m87,hellraiser,conv_11955,KIRSTY,NURSE,f,f,2,7,0,0.0,0,You wouldn't believe me. Try me.
m87,hellraiser,conv_11956,KIRSTY,NURSE,f,f,2,13,1,0.0769,0,"Well, if you change your mind. What's this friend's name? Steve."
m90,his girl friday,conv_12580,HILDY,MRS. BALDWIN,f,f,4,78,2,0.0256,0,"Mother! Don't you mother me! Playing cat-and- mouse with my poor boy! Keeping him looked up -- making us miss two trains -- and supposed to be married tomorrow! Mother, I can explain everything. I'll go with you in five minutes and -- You don't have to go with me at all! Just give me my son's money and you can stay here forever as far as I'm concerned. Stay with that murderer you caught!"
m90,his girl friday,conv_12581,HILDY,MRS. BALDWIN,f,f,2,27,2,0.0741,0,"I don't know what she's talking about. I never said any such thing. I'm quoting my son, and he has never lied to me."
m90,his girl friday,conv_12582,HILDY,MRS. BALDWIN,f,f,3,19,1,0.0526,0,"Mother! That man there! Mother! Oh, I'm so glad to see you! Are you all right? Tell me."
m90,his girl friday,conv_12596,HILDY,MOLLIE,f,f,4,38,1,0.0263,0,"Come on, Mollie. This is no place for you. They're not human! They're newspaper men, Mollie. They can't help themselves. The Lord made them that way. It wasn't the Lord! It was the devil!"
m90,his girl friday,conv_12597,HILDY,MOLLIE,f,f,2,13,0,0.0,0,"Where are they gone? You know where they are? Wait a minute, Mollie."
m90,his girl friday,conv_12598,HILDY,MOLLIE,f,f,3,33,3,0.0909,0,"They got him surrounded some place -- gonna shoot him like a dog! Mollie, they haven't got him. You gotta help me, Mollie! We've got to do something! What do you mean?"
m90,his girl friday,conv_12599,HILDY,MOLLIE,f,f,3,13,0,0.0,0,"What's that? Quiet, Mollie! There's somethin' funny going on around here."
m90,his girl friday,conv_12600,HILDY,MOLLIE,f,f,2,9,2,0.2222,1,They'll get him! They'll get him! Ssh!
m90,his girl friday,conv_12601,HILDY,MOLLIE,f,f,2,20,0,0.0,0,I'm coming!  Keep dead quiet. Don't even breathe. I'll be right here. I won't leave you.
m90,his girl friday,conv_12602,HILDY,MOLLIE,f,f,2,9,0,0.0,0,What's the idea? Never mind! Just play dead.
m90,his girl friday,conv_12603,HILDY,MOLLIE,f,f,2,4,0,0.0,0,"Hey -- Shut up, you!"
m90,his girl friday,conv_12604,HILDY,MOLLIE,f,f,2,10,0,0.0,0,"Are you all right, now? Yeah, I'm feelin' fine."
m91,hope and glory,conv_12693,DAWN,GRACE,f,f,3,41,1,0.0244,0,"I doubt if a few bombs would wake up Dawn on a Sunday morning. This phoney war get's on my nerves. If we're going to have a war, I wish they'd get it started. Just ignore her, Mac."
m91,hope and glory,conv_12694,DAWN,GRACE,f,f,3,18,0,0.0,0,You know it? It must be an old one. Ancient. Have you finished your homework? After this dance.
m91,hope and glory,conv_12695,DAWN,GRACE,f,f,2,9,2,0.2222,1,He always knows. Half the time he's bluffing.
m91,hope and glory,conv_12696,DAWN,GRACE,f,f,3,27,0,0.0,0,"What would we do if a German came into the house? Don't be silly, Dawn. Well, why do you always bring the carving knife in here?"
m91,hope and glory,conv_12697,DAWN,GRACE,f,f,3,46,0,0.0,0,"Tell me the truth. You had to get married, didn't you? Because of me. The ideas you get in your head. That's why you never liked me. I'm different from you. Well, everything's different now, so it doesn't matter. So there."
m91,hope and glory,conv_12698,DAWN,GRACE,f,f,2,34,0,0.0,0,"I won't have this vulgar talk in my house. It's only a joke, Mummy. I'm fifteen. I'm still at school. I want to be a nun when I grow up."
m91,hope and glory,conv_12699,DAWN,GRACE,f,f,4,24,0,0.0,0,"And where do you think you're going? Out. You go to bed this minute and take off that lipstick. No, I won't."
m91,hope and glory,conv_12700,DAWN,GRACE,f,f,2,22,3,0.1364,1,"I want him. I want him so much. I'll kill myself if I can't have him. There, there, my baby."
m91,hope and glory,conv_12701,DAWN,GRACE,f,f,2,29,2,0.069,0,"You better bring him home, if you really love him. Don't kill love. You'll regret it for the rest of your life. Who said anything about love?"
m91,hope and glory,conv_12702,DAWN,GRACE,f,f,3,25,3,0.12,1,"What is it, pet? He's being posted. I was terrible to him. Don't leave it like that. Go after him. Swallow your pride."
m91,hope and glory,conv_12703,DAWN,GRACE,f,f,4,54,6,0.1111,1,"What did he say? He said I was right. I shouldn't wait for him. I was better to make a clean break. I think it's very sensible in the circumstances. Now he's gone and made me fall in love with him, which I never wanted to do. I told him that."
m91,hope and glory,conv_12704,DAWN,GRACE,f,f,2,17,0,0.0,0,I don't believe this is happening to me. It's not. It's happening to me.
m91,hope and glory,conv_12705,DAWN,GRACE,f,f,2,17,0,0.0,0,"It looks a bit fishy to me. Could we salt them, or smoke them, do you think?"
m91,hope and glory,conv_12706,DAWN,GRACE,f,f,2,17,0,0.0,0,"Now take deep breaths, and push. Why? It's coming on its own. It doesn't hurt."
m91,hope and glory,conv_12707,GRACE,GRANDMA,f,f,3,14,0,0.0,0,"Is it peace in out time? No, Mother! It's War! War! Or what?"
m91,hope and glory,conv_12708,GRACE,GRANDMA,f,f,3,26,0,0.0,0,"Did they say how long it would take to get new ration books, Grace? Up to six weeks, I think. How are we going to cope?"
m91,hope and glory,conv_12709,GRACE,GRANDMA,f,f,2,41,0,0.0,0,"...such nice boys with straw boaters and blazers. All the punts lit up with Chinese lanterns. Like fireflies. And the gramophone going on one of the boats. Always the Charleston, the Charleston, the Charleston. Oh, you girls. Wasn't it lovely?"
m91,hope and glory,conv_12724,GRACE,MOLLY,f,f,2,20,0,0.0,0,It's not fair on them. It's selfish to keep them with you. My aunt in Australia has offered..
m91,hope and glory,conv_12725,GRACE,MOLLY,f,f,2,19,0,0.0,0,It's so far way. I couldn't bear it. Kids don't care. You're thinking of yourself.
m91,hope and glory,conv_12726,GRACE,MOLLY,f,f,2,20,0,0.0,0,"I didn't mean it like that, Grace. Why does it always come out wrong? I know you mean well."
m91,hope and glory,conv_12727,GRACE,MOLLY,f,f,2,32,0,0.0,0,"God, how I hate all this scrimping and squalor. I don't mind it. It was harder before the war. Trying to keep up appearances. Now it's patriotic to be poor."
m91,hope and glory,conv_12728,GRACE,MOLLY,f,f,2,35,0,0.0,0,"I don't know how you cope, Grace. Three kids, army pay. On your own. You know something, Molly? I like it on my own. I never got used to sharing a bed, not really."
m91,hope and glory,conv_12729,GRACE,MOLLY,f,f,2,27,3,0.1111,1,Molly! Well! I'm not talking about Mac. He hasn't toughed me for ages. And not often ever. My life started when Mac went on nights.
m91,hope and glory,conv_12730,GRACE,MOLLY,f,f,4,20,0,0.0,0,"You're having me on, Molly. Am I? Maybe I am. You've been drinking. Your tipsy. Tipsy, topsy, turvy."
m91,hope and glory,conv_12731,GRACE,MOLLY,f,f,2,21,0,0.0,0,"I'm so glad you could come. Here we are, all together again. Happy as can be. In the old groove."
m92,house of 1000 corpses,conv_12738,BABY,MOTHER,f,f,3,36,5,0.1389,1,"Tiny's home. What about R.J.? Oh, he was already gone before I seen him... but Tiny saw him and said he said he was going out to the yard to get a new wheel."
m92,house of 1000 corpses,conv_12739,BABY,MOTHER,f,f,2,11,1,0.0909,0,"Ma, Tiny's in. Go tell him to get your Grandpa."
m92,house of 1000 corpses,conv_12740,BABY,MOTHER,f,f,2,15,0,0.0,0,I'll cut your fucking tits off and shove 'em down your throat. Baby! Stop!
m92,house of 1000 corpses,conv_12741,BABY,MOTHER,f,f,2,13,0,0.0,0,"Come on, ma... this bitch's got it coming. No, I told you..."
m92,house of 1000 corpses,conv_12742,BABY,MOTHER,f,f,3,24,2,0.0833,0,"Drink up, it's party time. Enjoy your last night...  ...where's Otis? Oh, he's coming, he got something real special this year."
m92,house of 1000 corpses,conv_12743,BABY,MOTHER,f,f,2,8,0,0.0,0,Who's your Daddy! Who's your Daddy!
m92,house of 1000 corpses,conv_12744,BABY,MOTHER,f,f,2,23,1,0.0435,0,"Take his gag out, it's more fun with the screaming. Yeah, I like the screaming too... it's so much more exciting."
m92,house of 1000 corpses,conv_12758,BABY,MARY,f,f,2,32,3,0.0938,0,"No! He's one of God's creatures, he can't help it if he's dumb... I'm just crazy about animals. The animals have got nothing to do with it."
m92,house of 1000 corpses,conv_12759,BABY,MARY,f,f,2,7,0,0.0,0,I'd like to see that. Nice.
m92,house of 1000 corpses,conv_12760,BABY,MARY,f,f,8,52,0,0.0,0,"Can I help you with something? I was just wondering. Wondering what? Are you two gals all funny with each other? What? You know... a couple of queers. Do you believe this fucking girl? I was just wondering, cause you got a pissy look about you... like a real pussy licking bitch."
m92,house of 1000 corpses,conv_12761,BABY,MARY,f,f,3,22,0,0.0,0,"What the hell are you laughing about? I just pictured the tire sitting in a chair watching TV. Oh, wonderful.  Fucking psycho."
m92,house of 1000 corpses,conv_12762,BABY,MARY,f,f,2,5,1,0.2,1,"He walks, duh. Fucking great."
m92,house of 1000 corpses,conv_12763,BABY,MARY,f,f,4,26,0,0.0,0,"Take that, you fucking slut!  Fucking redneck whore! You shouldn't a done that. Why? You gonna do something about it? Yeah, I'll do something."
m92,house of 1000 corpses,conv_12818,DENISE,MOTHER,f,f,2,37,0,0.0,0,"Huh? Oh, hi. You really don't have a phone? No, none. I had one once, back in '57 maybe... I don't know. Really ain't nobody we wanna be jaw flapping at around here no more."
m92,house of 1000 corpses,conv_12819,DENISE,MOTHER,f,f,3,52,3,0.0577,0,"No, he's just joking. We don't really have any plans other than spending the night at my Dad's house...  ...which is where we were headed when our car broke down. That's nice. Yeah, I guess I'll just help him hand out candy to the trick or treaters."
m92,house of 1000 corpses,conv_12820,DENISE,MOTHER,f,f,2,14,1,0.0714,0,How long is that gonna take? He should be back in a couple hours.
m92,house of 1000 corpses,conv_12821,DENISE,MOTHER,f,f,2,20,2,0.1,1,"Tiny ain't got no car, he ain't even got a bicycle. How's he get around out here?"
m92,house of 1000 corpses,conv_12822,DENISE,MOTHER,f,f,2,33,0,0.0,0,"You sure you don't need any help in there? No dear, I'm fine. Now what kind of host would I be if I put my guests to this kind of work."
m92,house of 1000 corpses,conv_12823,DENISE,MOTHER,f,f,5,112,8,0.0714,0,"You'll have to forgive Tiny, he can't hear so much. Oh. Yeah, my poor baby. It's his Daddy's fault. I mean Earl was a good man... I mean he never hit me or nothing, but one day he just got up and went pure devil on us all. What happened? Oh, I'm sorry, it's none of my business. He tried to burn the house down, said it was possessed by the spirits. Tiny was sleeping in the basement where the fire started. I don't think Earl ever meant to harm us... but Tiny was badly burnt, his ears were destroyed and most of his skin."
m92,house of 1000 corpses,conv_12839,DENISE,MARY,f,f,10,102,0,0.0,0,"Come on sleeping beauty, time to go to work. Sleeping. Rise and shine. No please, let me sit this one out. Let's go. You're the one who wanted to be a photographer. I resign. Too late. You're in for life, let's move it out Private Shutterbug. Christ, I hope this isn't more crappy folk art. It's so quaint... it's so primal... it's so crap. Aw, it ain't crap... it's... cute.  ...and really who are we to judge the artistic merit of the tin-can Mona Lisa? Aw, shit...  I gotta pee anyway."
m92,house of 1000 corpses,conv_12840,DENISE,MARY,f,f,4,49,1,0.0204,0,"I swear I've aged five years since this trip started. Tell me about it. God, I hate falling asleep in the afternoon. Now I'll be up all night...  ...ugh, my back is killing me. Yeah, hey how far do you think we are from your Dad's?"
m92,house of 1000 corpses,conv_12841,DENISE,MARY,f,f,7,119,0,0.0,0,"It will be nice to have a few days off to regenerate. This trip is fun, but it's starting to get brutal. Yeah, I hit burn out mode back at that old stripper lady's place. Watching her dance around with those ratty-looking animals was ridiculous. I know, that was some crazy shit. I never in a million years would have believed it if I hadn't seen it. A decent meal every once in a while wouldn't hurt either, this road food is crap. If I never eat at another Waffle House again, I can die a happy girl. Scattered, smothered and covered. Exactly... well, I guess a couple more photos won't kill me."
m92,house of 1000 corpses,conv_12842,DENISE,MARY,f,f,3,35,6,0.1714,1,"Geez, he never gets tired does he. Never. I swear to God he never sleeps, he goes to bed after me, wakes up before me. He's always working on 10. Maybe he's a cyborg."
m92,house of 1000 corpses,conv_12843,DENISE,MARY,f,f,2,27,1,0.037,0,"Let's just skip it. It is probably nothing anyway. Aw Christ, Jerry. We can't see anything now, it's too dark. Let's forget it."
m92,house of 1000 corpses,conv_12844,DENISE,MARY,f,f,2,22,0,0.0,0,"Stick her in the front, if you want to pick her up so bad. She's soaked. She looks like she stinks."
m92,house of 1000 corpses,conv_12845,DENISE,MARY,f,f,3,22,0,0.0,0,"Don't even say it. You got to be fucking joking. God damn it, I knew this witch-hunt was fucking bullshit."
m92,house of 1000 corpses,conv_12846,DENISE,MARY,f,f,2,11,0,0.0,0,I think I'm going fucking crazy. I can't believe...
m92,house of 1000 corpses,conv_12847,DENISE,MARY,f,f,2,18,0,0.0,0,"She said we look like pussy lickers or some shit like that. Yeah, she said we looked queer."
m92,house of 1000 corpses,conv_12848,DENISE,MARY,f,f,2,13,0,0.0,0,How long has it been? I don't know... about half an hour.
m92,house of 1000 corpses,conv_12849,DENISE,MARY,f,f,3,15,0,0.0,0,What was that? What? I didn't hear anything. Wait... quiet. Turn off the radio.
m92,house of 1000 corpses,conv_12850,DENISE,MARY,f,f,4,21,0,0.0,0,"I don't hear anything. Shhhhhh, quiet. I still don't. Turn on the headlights. See if anything is out there."
m92,house of 1000 corpses,conv_12851,DENISE,MARY,f,f,2,12,0,0.0,0,Jesus Christ. I think I'm gonna have a fucking heart attack.
m92,house of 1000 corpses,conv_12852,DENISE,MARY,f,f,2,20,1,0.05,0,"Excuse me, may I please use your phone? Bill, why don't you ask her... she's your special friend."
m92,house of 1000 corpses,conv_12853,DENISE,MARY,f,f,2,11,0,0.0,0,A couple hours! Can't Tiny drive us to a phone?
m92,house of 1000 corpses,conv_12854,DENISE,MARY,f,f,2,25,0,0.0,0,"Don't be such a fucking smart ass. Yeah, it's really your fault that we're stuck in this shithole in the first place."
m92,house of 1000 corpses,conv_12874,MARY,MOTHER,f,f,3,35,0,0.0,0,"Oh, I get it... I guess you think you're too good for the simple pleasures of Halloween. No, just a little too old. Oh really, well I hope something changes your mind some day."
m92,house of 1000 corpses,conv_12875,MARY,MOTHER,f,f,3,54,0,0.0,0,"I know you're my guests and welcome but I'd please advise you to keep from cussing while in my house, thank you. Sorry. Well, even though I know it seems childish to you all. Tonight is Halloween eve and it special to us so you are all invited to stay for dinner."
m92,house of 1000 corpses,conv_12876,MARY,MOTHER,f,f,2,12,0,0.0,0,"I suggest you kids leave now. Don't worry, I'm gone."
m102,intolerable cruelty,conv_14163,MARYLIN,RAMONA,f,f,2,7,0,0.0,0,So who'd you hire? Ruth Rabino.
m102,intolerable cruelty,conv_14164,MARYLIN,RAMONA,f,f,4,37,1,0.027,0,You should have tried to get pregnant Marylin -- solidify your position. No. You like kids. I can't have a baby with a man I don't love... And I can't submit a child to divorce.
m102,intolerable cruelty,conv_14165,MARYLIN,RAMONA,f,f,4,104,6,0.0577,0,"It was like that scene in The Godfather. Frankie Pentangeli is called to testify against the Family. And he's in court, and he looks into the spectators gallery, and sees his Brother. They brought the brother from Sicily. And Frankie can't say a word. He can't testify. That's what it was like seeing Pat in there. I couldn't even have Ruth cross examine her. Why do you think she did it? Maybe she wanted a free trip to LA. Maybe they offered her money. Massey is very seductive. Who knows. Maybe they put a horse head in her bed?"
m102,intolerable cruelty,conv_14166,MARYLIN,RAMONA,f,f,2,22,1,0.0455,0,"I begged you to have a baby! In the Godfather, after the courtroom scene, Frankie Pentangeli opens his veins in the bathtub."
m102,intolerable cruelty,conv_14167,MARYLIN,RAMONA,f,f,2,7,0,0.0,0,You're vulnerable. It's about time.
m102,intolerable cruelty,conv_14168,MARYLIN,RAMONA,f,f,2,9,0,0.0,0,You said 'yes' didn't you? I said yes.
m102,intolerable cruelty,conv_14169,MARYLIN,RAMONA,f,f,2,15,0,0.0,0,Is Tong older than Ming? I think Ming is older than Tong.  What is this?
m102,intolerable cruelty,conv_14170,MARYLIN,RAMONA,f,f,3,19,2,0.1053,1,"Well. He said to ""make the house mine."" Oh boy. If he only knew. Yeah. I guess. You know --"
m102,intolerable cruelty,conv_14171,MARYLIN,RAMONA,f,f,2,10,0,0.0,0,It sounded like a bell. I'll be right back.
m102,intolerable cruelty,conv_14235,MARYLIN,SARAH,f,f,3,39,1,0.0256,0,You want to come out to the beach house tomorrow? I didn't know Barry had a beach house. Neither did I until my lawyer found it -- quite a paper trail -- he had it in the dog's name.
m102,intolerable cruelty,conv_14236,MARYLIN,SARAH,f,f,4,36,1,0.0278,0,"She's a legend. Didn't she do Kravis or a Pearlman? She definitely did a Factor. She did a Harriman. Wow. In the words of my Private Investigator, we're going to nail his ass."
m102,intolerable cruelty,conv_14237,MARYLIN,SARAH,f,f,4,22,3,0.1364,1,Miles Massey. Of Massey Myerson? Do you know him? By reputation. He got Ann Rumsey that cute little island of George's.
m102,intolerable cruelty,conv_14238,MARYLIN,SARAH,f,f,2,11,0,0.0,0,Who's she? Now? She's a night manager at McDonalds.
m102,intolerable cruelty,conv_14239,MARYLIN,SARAH,f,f,2,8,1,0.125,1,Maybe. We do have a man for you.
m102,intolerable cruelty,conv_14240,MARYLIN,SARAH,f,f,2,21,1,0.0476,0,Please. I'm not seeing anyone until this is over. One husband at a time. I wish I had your discipline.
m102,intolerable cruelty,conv_14241,MARYLIN,SARAH,f,f,4,49,4,0.0816,0,"I don't know what his game is. He dismissed every one of Ruth's proposals. And Sarah, we weren't unreasonable. Well what does he want? I don't know. Ruth kept her cool, but I could tell she was surprised. He has a reputation for being tough."
m102,intolerable cruelty,conv_14242,MARYLIN,SARAH,f,f,2,5,0,0.0,0,"Lilly's up. Oh, God!"
m102,intolerable cruelty,conv_14243,MARYLIN,SARAH,f,f,2,5,0,0.0,0,Every week -- I'm dying.
m102,intolerable cruelty,conv_14244,MARYLIN,SARAH,f,f,5,52,4,0.0769,0,"Anyway, even Rex seemed perplexed by his intransigence. If I didn't know better, I'd swear Massey had some personal investment in my ruination. So where are you now? Well, if he continues to maintain this position -- we're in court. Shit. Get this! He called and invited me to dinner."
m102,intolerable cruelty,conv_14245,MARYLIN,SARAH,f,f,2,42,3,0.0714,0,"That stinks. They left you with absolutely nothing. It makes you wonder about the entire legal system. Like Rodney King. They bought her speech. If I was only in it for Rex's money, he shouldn't have to give me any."
m102,intolerable cruelty,conv_14246,MARYLIN,SARAH,f,f,3,41,0,0.0,0,"Nothing specific, but I'll have my own place soon. So, Marylin. Is that what you said when you were a little girl? Probably. Every woman in my life was divorced at least twice. What was I supposed to say. Anthropologist?"
m102,intolerable cruelty,conv_14247,MARYLIN,SARAH,f,f,2,19,0,0.0,0,"You're not... No. I'll see some blood before this is over, but it won't be mine."
m102,intolerable cruelty,conv_14248,MARYLIN,SARAH,f,f,2,10,2,0.2,1,Sarah Sorkin. Ramona Barcelona -- this is Miles Massey. Hello Miles.
m102,intolerable cruelty,conv_14249,MARYLIN,SARAH,f,f,2,13,0,0.0,0,"But Marylin, without this, you're completely exposed. I want to be exposed."
m102,intolerable cruelty,conv_14250,MARYLIN,SARAH,f,f,2,10,0,0.0,0,Is this Ming? It's not Ming. It's Tong.
m102,intolerable cruelty,conv_14251,MARYLIN,SARAH,f,f,3,22,0,0.0,0,I can't do this anymore. Let's get some lunch. What about rugs? I thought we were stopping at Mansour? Right.
m102,intolerable cruelty,conv_14252,MARYLIN,SARAH,f,f,10,86,7,0.0814,0,"What? He's not what I expected. He's very -- he's so -- happy. But you're going through with it? Yes, yes, it's just -- you know I've never been the first wife. Rex was married before me. So what? Miles is different. He's still so idealistic. Well, that's about to change big time. He has no cynicism or anger. For once I'm not the repository of rage at some other woman. Soon, you'll have your own rage! I guess."
m102,intolerable cruelty,conv_14290,RAMONA,SARAH,f,f,4,46,3,0.0652,0,"I've been trying to nail George's for years, but he's very careful. I'll just keep having children. I think I'm pregnant, by the way. Ramona! Don't get Mia Farrow on us. Three is not Farrow. Who's Rex's guy?"
m102,intolerable cruelty,conv_14291,RAMONA,SARAH,f,f,2,14,4,0.2857,1,George was so impressed he hired him when he divorced his second. Muriel Rumsey.
m102,intolerable cruelty,conv_14292,RAMONA,SARAH,f,f,2,18,0,0.0,0,It's not so bad these days. Kids like joint custody. Two sets of toys. Maybe next time.
m102,intolerable cruelty,conv_14293,RAMONA,SARAH,f,f,3,36,7,0.1944,1,Thorstenson Gieselensen. He just separated from his third. He's in fish. He is fish. She's keeping his name. And one of his planes. And all seven of his children And only two are hers.
m102,intolerable cruelty,conv_14294,RAMONA,SARAH,f,f,2,29,0,0.0,0,"That doesn't make sense. It's like punishing you for being goal oriented. Well, you can live here as long as you want. Do you have any plans?"
m103,it happened one night,conv_14304,ANDREWS,ELLIE,f,f,2,28,0,0.0,0,What's this about not eating? I don't want to eat!  And there's one more thing I don't want! Definitely! That's to see you.
m103,it happened one night,conv_14305,ANDREWS,ELLIE,f,f,4,45,0,0.0,0,Know what my next move is? No more cigarettes. Why don't you put me in chains? I might. All right! Put me in chains! Do anything you want!  But I'm not going to eat a thing until you let me off this boat!
m103,it happened one night,conv_14306,ANDREWS,ELLIE,f,f,7,94,2,0.0213,0,"Come on, Ellie. Stop being silly. You know I'm going to have my way. I won't stand for it! I won't stand for your running my life! Why do you insist on it! You ought to know why. Because Yes. I know.  Because I'm your daughter and you love me. Because you don't want me to make any mistakes. Because Because marrying that fool King Westley is You're wasting your time. I'm already married to him. Not so far as I'm concerned, you're not.  Yes?"
m103,it happened one night,conv_14307,ANDREWS,ELLIE,f,f,5,70,1,0.0143,0,"Smart, aren't you! So subtle. If Gandhi had a chef like Paul, it would change the whole political situation in India. You can't tempt me.  Do you hear? I won't eat! Please. I can't fight on an empty stomach. Remember what Napoleon said. I hope you're not comparing yourself to Napoleon. He was a strategist. Your idea of strategy is to use a lead pipe."
m103,it happened one night,conv_14308,ANDREWS,ELLIE,f,f,19,279,12,0.043,0,"Where are you taking me? South America. South America! We leave Miami in an hour. Soon's we get some supplies aboard. You'll have a corpse on your hands! That what You'll have. I won't eat a thing while I'm on this boat. In that event, we won't need so many supplies. What do you expect to accomplish by all this? I'm already married! I'll get it annulled. You'll never do it! You can't do it! I'll do it if it takes every penny I've got. I'll do it if I have to bribe that musical comedy Justice of the Peace! I'll do itif I have to prove that you were dragged in, staggering drunk. You probably were.  Mmmmmm. This filet mignon is divine! What've you got against King Westley? Nothing much. I just think he's a fake, that's all. You only met him once . That was enough. Do you mind handing me the ketchup? You talk as if he were a gigoloor something. Never mindI'll get it myself.  Gigolo? Why, you took the word right out of my mouth. Thanks. He's one of the best fliers in the country. Right now he's planning a trip to Japan. You're going to finance him, I suppose. Why not?  Look what he's doing for aviation. It takes courage to do what he does. And character! At least he's accomplished something worthwhile. I suppose you'd like to have me marry a business man. Well, I hate business menparticularly if you're a shining example."
m103,it happened one night,conv_14309,ANDREWS,ELLIE,f,f,3,63,3,0.0476,0,"Your whole life is devoted to just one thing. To accumulate more money. At least there's romance in what he's doing. He's no good, Ellie, and you know it. You married him only because I told you not to. You've been telling me what not to do since I was old enough to remember.  I'm sick of it!"
m103,it happened one night,conv_14310,ANDREWS,ELLIE,f,f,5,54,0,0.0,0,"A time will come when you'll thank me for this. I won't thank you! I'll never thank you! Please don't shout. I'll shout to my heart's content! I'll scream if I want to. Ah! Coconut layer cake. Nice and gooey, too. Just the way I like it."
m103,it happened one night,conv_14311,ANDREWS,ELLIE,f,f,9,50,2,0.04,0,"Ellie Oh, hello, Dad. I knocked several times. Sorry. Must have been day-dreaming. Well, everything's set. Creating quite a furor, too. Great stunt King's going to pull. Stunt? Landing on the lawn in an autogyro. Oh, yes. I heard. Yes. Personally, I think it's silly, too."
m103,it happened one night,conv_14312,ANDREWS,ELLIE,f,f,6,112,3,0.0268,0,"What's the matter, Ellie? What's wrong? Nothing. You've been acting so strangely since you returned. I'mI'm worried. I haven't bothered to ask you any questionsI  Isn't all this what you wanted?  You haven't changed your mind about King, have you? Oh, no. If you have, it isn't too late. You know how I feel about him. But I want to make you happy. You gave me such a scareIwhen I couldn't find you.  You know, the old pump isn't what it used to be. Sorry, Dad. I wouldn't hurt you for the world. You know that."
m103,it happened one night,conv_14313,ANDREWS,ELLIE,f,f,24,265,17,0.0642,0,"I haven't seen you cry since you were a baby. This must be serious.  Where'd you meet him? On the road. Now, don't tell me you fell in love with a bus driver! No. Who is he? I don't know very much about him.  Except that I love him. Well, if it's as serious as all thatwe'll move heaven and earth to It'll do no good.  He despises me. Oh, come now He despises everything I stand for. He thinks I'm spoiled and pampered, and selfish, and thoroughly insincere. Ridiculous! He doesn't think so much of you either. Well! He blames you for everything that's wrong about me. Thinks you raised me stupidly. Fine man to fall in love with. He's marvelous! Well, what are we going to do about it? Where is he? I don't know. I'd like to have a talk with him. It's no use, Dad. I practically threw myself at him. Well, under the circumstances, don't you think we ought to call this thing off? No, I'll go through with it. But that's silly, child. Seeing how you feel, why It doesn't matter.  I don't want to stir up any more trouble. I've been doing it all my life. I've been such a burden to youmade your life so miserableand mine, too. I'm tired, Dad. Tired of running around in circles. He's right, that's what I've been doing ever since I can remember."
m103,it happened one night,conv_14314,ANDREWS,ELLIE,f,f,3,69,4,0.058,0,"Yes, I guess I have.  I don't want to hurt anybody any more. I want to get away from all this front page publicity. It suddenly strikes me as being cheap and loathsome. I can't walk out on King now. It'll make us all look so ridiculous.  Besides, what difference does it make?  I'll never see Peter again. Is that his name? Yes. Peter Warne."
m103,it happened one night,conv_14315,ANDREWS,ELLIE,f,f,6,28,5,0.1786,1,"Peter Warne! Why? Do you know him? Oh, nono. You haven't heard from him, have you, Dad? Why, no . . . Don't be silly. Oh, please, Dad"
m103,it happened one night,conv_14316,ANDREWS,ELLIE,f,f,5,51,6,0.1176,1,Looks like that was his only interest in me. The reward. I'm sorry you read it. Are you going to see him? I suppose so. Certainly!  Pay him off. He's entitled to it. He did an excellent job. Kept me thoroughly entertained. It's worth every penny he gets.
m103,it happened one night,conv_14317,ANDREWS,ELLIE,f,f,2,30,4,0.1333,1,"I'll be going.  Ellie swallows her drink and starts pouring herself another, as King enters. Well, if it isn't the groom himself! You're just in time, King."
m105,jackie brown,conv_14646,AMY,JACKIE,f,f,2,15,0,0.0,0,"Can I help you? Yes, you have a suit I've had my eye on."
m105,jackie brown,conv_14647,AMY,JACKIE,f,f,2,41,0,0.0,0,"This looks pretty good on me. Are you kidding, it looks great. You wear this to a business meeting, you're the badass in the room. But you can go out dancing in this too. It's a total power suit."
m105,jackie brown,conv_14648,AMY,JACKIE,f,f,3,33,0,0.0,0,I think I'm gonna just get this for today. I'm in kind of a hurry. Would you mind ringing this up while I change out of it? Not a problem. Thanks.
m105,jackie brown,conv_14649,AMY,JACKIE,f,f,2,23,0,0.0,0,"I'm sorry, I just decided to stay in the suit -- get out of that damn uniform. Oh, that's not a problem."
m105,jackie brown,conv_14744,JACKIE,PUBLIC DEFENDER,f,f,8,162,1,0.0062,0,"You tell those guys they'll have to do one helluva lot better than that before I'll even say 'hi' to them. Well, that's the State's offer. If you plead to possession and tell L.A.P.D. what they want to know, your bond will be set at one-thousand dollars. If you don't, L.A.P.D. will request one at twenty-five thousand based on your prior record and risk of flight. If you don't post it or don't know anyone who can, you'll spend six to eight weeks in County before your arraignment comes up. Who's side are you on? I beg your pardon? What if I plead guilty? And cooperate? You might get probation. If I don't cooperate? With the prior? You could get anywhere from a year to five depending on the judge. You want to think about it? You got two minutes before we're up."
m105,jackie brown,conv_14745,JACKIE,SHERONDA,f,f,2,13,1,0.0769,0,He say we like the same thing as married. Do you live together?
m105,jackie brown,conv_14746,JACKIE,SHERONDA,f,f,2,7,0,0.0,0,Most of the times. Not every day?
m105,jackie brown,conv_14747,JACKIE,SHERONDA,f,f,2,16,1,0.0625,0,"Sometimes every day, for a while. Then you don't see him for a few days?"
m105,jackie brown,conv_14748,JACKIE,SHERONDA,f,f,4,25,1,0.04,0,"Yes'm. You know what's in the bag you're taking? He say is a surprise. Well, Sheronda, it was nice talking to you."
m105,jackie brown,conv_14768,JACKIE,MELANIE,f,f,5,36,1,0.0278,0,"Oh, hi. Buy ya a beer? I'm waiting for the phone. Good luck. That guy's been in there since I got here. Well, I guess I better look for another one, then. Thanks, anyway."
m105,jackie brown,conv_14769,JACKIE,MELANIE,f,f,2,3,0,0.0,0,Sure. Great...  ...Wanda!
m105,jackie brown,conv_14770,JACKIE,MELANIE,f,f,4,19,0,0.0,0,Killian's. Better get me another Sam's.  Join me in a Jaeger shot? Uh-uh. Gimme one anyway.
m105,jackie brown,conv_14771,JACKIE,MELANIE,f,f,4,52,5,0.0962,0,"How long you been with Ordell? This time? Almost a year. I've known him forever. What were you two fighting about? He told me to go outside.  ""You may leave us now."" It's all part of his pathetic attempt to be ""the man."" You know Mr. Walker don't you?"
m105,jackie brown,conv_14772,JACKIE,MELANIE,f,f,2,16,2,0.125,1,"Mr. Walker's my buddy. Ask him about Ordell. That coke was yours, wasn't it?"
m105,jackie brown,conv_14773,JACKIE,MELANIE,f,f,2,32,3,0.0938,0,"He said he didn't know about it. You believe that? Yeah, well, I guess you have to trust him.  I'd have second thoughts on that, but then I know 'em."
m105,jackie brown,conv_14774,JACKIE,MELANIE,f,f,5,32,4,0.125,1,He killed a guy who works for him the other day. Beaumont Livingston? You already knew that? Kinda. So tell me. Having all that money in your flight bag -- Is it tempting?
m105,jackie brown,conv_14775,JACKIE,MELANIE,f,f,6,59,1,0.0169,0,"You think I'm kidding? Dreaming. You know how easy it would be? He won't be anywhere near that mall. Pull one more switch, up front. That's it. Half-a-million dollars. Need help? Keep it between us girls? What's that fucker ever done for us? I don't think so, but thanks for the beer."
m105,jackie brown,conv_14776,JACKIE,MELANIE,f,f,7,27,0,0.0,0,"Jackie? Hi, Melanie. Are you getting that black suit? Yeah, do you like it? It looks good on you. Do you got something for me? You betcha."
m105,jackie brown,conv_14777,JACKIE,MELANIE,f,f,3,40,1,0.025,0,I put a little cherry on top. You're right. What the hell he ever do for us? Thanks. Now be careful with that bag. You don't want it ripping open on you in the middle of the store.
m109,juno,conv_15408,BREN,ULTRASOUND TECH,f,f,2,19,0,0.0,0,"What? I'm not made of stone. Well, there we have it. Would you like to know the sex?"
m109,juno,conv_15409,BREN,ULTRASOUND TECH,f,f,2,31,0,0.0,0,"Wait, what's that supposed to mean? I just see a lot of teenage mothers come through here. It's obviously a poisonous environment for a baby to be raised in."
m109,juno,conv_15410,BREN,ULTRASOUND TECH,f,f,9,91,0,0.0,0,"They could be utterly negligent. Maybe they'll do a far shittier job of raising a kid than my dumbass stepdaughter ever would. Have you considered that? No... I guess not. What is your job title, exactly? Excuse me? I said, what-is-your-job-title, Missy? I'm an ultrasound technician, ma'am. Well I'm a nail technician, and I think we both ought to stick to what we know. What are you talking about? You think you're special because you get to play Picture Pages up there?"
m109,juno,conv_15411,BREN,MAC,f,f,2,12,2,0.1667,1,"Nails? Really? No, I mean the father! Who's the father, Juno?"
m109,juno,conv_15412,BREN,MAC,f,f,8,168,4,0.0238,0,"Just tell it to me straight, Bren. Do you think this is my fault? Her mother's fault? I think kids get bored and have intercourse. And I think Junebug was a dummy about it. But we have to move on from here and help her figure it out. I'm not ready to be a Pop-Pop. You're not going to be a Pop-Pop. And Juno's not going to be a ma. Somebody else is going to find a precious blessing from Jesus in this garbage dump of a situation. I friggin' hope. Did you see it coming when she sat us down here? Oh God yeah. But I was hoping she was expelled or into hard drugs. That was my first instinct too. Or D.W.I. Anything but this. And I'm going to punch that Bleeker kid in the weiner the next time I see him. Oh Mac, no! He's a sweet kid. You know it wasn't his idea."
m109,juno,conv_15413,BREN,JUNO,f,f,2,53,0,0.0,0,"Juno? Did you happen to barf in my urn? Mac, you know that nice urn by the front door, the one I got up in Stillwater? I found some weird blue shit, I mean stuff, gunk, in there this morning. I would never barf in your urn, Brenda. Maybe L.B. did it."
m109,juno,conv_15414,BREN,JUNO,f,f,4,35,0,0.0,0,"I have no idea how to spit this out. Hon, did you get expelled? No. The school would probably contact you in the event of my expulsion. Well, I was just asking. It seemed plausible."
m109,juno,conv_15415,BREN,JUNO,f,f,2,18,0,0.0,0,"Oh, God... But I'm going to give it up for adoption. I already found the perfect people."
m109,juno,conv_15416,BREN,JUNO,f,f,3,43,0,0.0,0,"But they have a real lawyer and everything. I'm going to meet with them next weekend. Junebug, that is a tough, tough thing to do. Probably tougher than you can understand right now. Well, I'm not ready to be a mom."
m109,juno,conv_15417,BREN,JUNO,f,f,5,80,0,0.0,0,"No. Well, you're a brave young lady. You're made of stronger stuff than I thought. You're a little Viking! Cool it. First things first, we have to get you healthy. You need prenatal vitamins. Incidentally, they'll do incredible things for your nails, so that's a plus. Oh, and we need to schedule a doctor's appointment. Find out where you're going to deliver. The term ""deliver"" is so weird. Can we not say ""deliver""?"
m109,juno,conv_15418,BREN,JUNO,f,f,6,115,4,0.0348,0,"Where the hell have you been, Junebug? I drove to St. Cloud to show Mark and Vanessa the ultrasound. And I wound up staying for a couple of hours. A couple of hours? Why are you going up there in the first place? They said they wanted to know about this stuff. They said to keep them updated, so I did! You could have sent it to them. Why would you drive an hour out to East Jesus, Nowhere? I don't know, I just did. And while we were waiting for Vanessa, Mark and I watched The Wizard of Gore and he burned me some CDs of weird music. He's kind of cool."
m109,juno,conv_15419,BREN,JUNO,f,f,5,94,2,0.0213,0,"That was a mistake, Juno. Mark is a married stranger. You overstepped a boundary. Listen, Bren-duhhh, I think you're the one overstepping boundaries. You're acting like you're the one who has to go through this and get huge and push a baby out of your vag for someone else. Besides, who cares if he's married? I can have friends who are married. It doesn't work that way, kiddo. You don't know squat about the dynamics of marriage. You don't know anything about me! I know enough."
m109,juno,conv_15420,BREN,JUNO,f,f,4,49,0,0.0,0,"We don't even have a dog! Yeah, because you're allergic to their saliva. I've made a lot of sacrifices for you, Juno. And in a couple years you're going to move out -- and I'm getting Weimaraners. Wow, dream big! Oh, go fly a kite."
m109,juno,conv_15421,BREN,JUNO,f,f,4,72,0,0.0,0,"Ow, ow, fuckity-ow. Bren, when do I get that Spinal Tap thing? It's called a spinal block, and you can't have it yet, honey. The doctor said you're not dilated enough. You mean I have to wait for it to get even worse? Why can't they just give it to me now? Well, honey, doctors are sadists who like to play God and watch lesser people scream."
m109,juno,conv_15422,BREN,JUNO,f,f,2,21,1,0.0476,0,"Shit.  Hey, can we give my kid the damn spinal tap already? It really didn't hurt that bad having him."
m109,juno,conv_15423,GERTA,JUNO,f,f,4,36,0,0.0,0,"So, Juno. First off, how far along are you? I'm a junior. No, I mean in your pregnancy. Oh. Uh, my stepmom took me to the doctor yesterday and they said I was twelve weeks."
m109,juno,conv_15424,GERTA,JUNO,f,f,3,38,0,0.0,0,"Yeah. Yeah! The way people used to do it. Quick and dirty, like ripping off a Band-Aid. Well, then we agree a traditional closed adoption would be best for all involved, then? Shit, yeah. Close it up."
m109,juno,conv_15467,JUNO,SU-CHIN,f,f,9,110,0,0.0,0,"Uh, hi Su-Chin. Oh, hi Juno. How are you? Good. I'm good.  Did you finish that paper for Worth's class yet? No, not yet. I tried to work on it a little last night, but I'm having trouble concentrating. You should try Adderall. No thanks. I'm off pills. Wise move. I know this girl who had a huge crazy freakout because she took too many behavioral meds at once. She took off her clothes and jumped into the fountain at Ridgedale Mall and she was like, ""Blaaaaah! I'm a kraken from the sea!"" I heard that was you. Well, it was nice seeing you."
m109,juno,conv_15468,JUNO,SU-CHIN,f,f,2,20,0,0.0,0,"Juno! Your baby probably has a beating heart, you know. It can feel pain. And it has fingernails. Really? Fingernails?"
m109,juno,conv_15469,JUNO,VANESSA,f,f,2,16,0,0.0,0,"Hi! I'm Vanessa. You must be Juno and Mr. MacGuff. I'm Vanessa. Vanessa, right?"
m109,juno,conv_15470,JUNO,VANESSA,f,f,2,6,0,0.0,0,Can I take your coats? Sure.
m109,juno,conv_15471,JUNO,VANESSA,f,f,2,41,0,0.0,0,"Wicked pic in the Penny Saver, by the way. Super classy. Not like those other people with the fake woods in the background. Like I'm really going to fall for that, you know? You found us in the Penny Saver?"
m109,juno,conv_15472,JUNO,VANESSA,f,f,2,20,1,0.05,0,"I'll get drinks. What would everyone like? I've got Pellegrino, Vitamin Water... A Maker's Mark, please. Up."
m109,juno,conv_15473,JUNO,VANESSA,f,f,6,83,0,0.0,0,"Oh, that's marvelous. So you're almost into your second trimester, then? Yeah, apparently. I'm having it on May 4. The tough part's almost over for you. I mean, my girlfriends always tell me the first couple months are the hardest. Yeah, but I hardly noticed it. I'm more worried about the part where I have to start wearing jeans with an elastic panel in the front. I think pregnancy is beautiful. Well, you're lucky it's not you."
m109,juno,conv_15474,JUNO,VANESSA,f,f,4,61,0,0.0,0,"Well, shall we start looking over the paperwork? Gerta has already drafted some preliminary documents. Can I use the facilities first? Being pregnant makes you pee like Seabiscuit. Sure. The powder room down here is being re-tiled, but you can use the master bath upstairs. Go up, then turn left and on your right... Room with a toilet, got it."
m109,juno,conv_15475,JUNO,VANESSA,f,f,2,27,0,0.0,0,"Oh. Sure. Of course you'd want to know how your kid is cooking. So, then, you really think you're going to go ahead with this?"
m109,juno,conv_15476,JUNO,VANESSA,f,f,3,50,0,0.0,0,"I'm going to say I'm 104% sure. Oh really? Look, if I could give it to you now, I would. But it probably looks like a Sea Monkey at this point, so I think we should leave it in there for a while until it gets cuter, you know?"
m109,juno,conv_15477,JUNO,VANESSA,f,f,4,25,0,0.0,0,"Juno! God, you startled me. What are you doing here? What's wrong? Nothing... Then what's going on? I went to the doctor today."
m109,juno,conv_15478,JUNO,VANESSA,f,f,2,20,0,0.0,0,Is the baby okay? Sure. It's the right size and everything. I even saw its phalanges today! Check this...
m109,juno,conv_15479,JUNO,VANESSA,f,f,2,7,0,0.0,0,What... This is the baby. Your baby.
m109,juno,conv_15480,JUNO,VANESSA,f,f,3,32,0,0.0,0,"Oh my God... Doesn't it look like it's waving? It's kind of like it's saying ""Hi, Vanessa. Will you be my mommy?"" Yeah. Yeah, it kind of does."
m109,juno,conv_15481,JUNO,VANESSA,f,f,2,61,0,0.0,0,"Oh it's just some stuff I picked up. For, you know, the baby. Babies need a lot of things. I want everything to be just right. I thought people got all that stuff at baby showers. When my stepmom had my sister I remember she got about a million presents. They were all lame though, so I wasn't jealous."
m109,juno,conv_15482,JUNO,VANESSA,f,f,3,61,0,0.0,0,"Um, I think people are kind of unsure about the situation because it's not, you know, set in stone. What do you mean? You mean...  Do you think I'm going to flake out on you? No, no, I don't think that, Juno. It's just that, we went through a situation before where it didn't work out."
m109,juno,conv_15483,JUNO,VANESSA,f,f,2,42,1,0.0238,0,"Right. Well, Juno, your parents must be wondering where you are. You might want to head home. Naah. I'm already pregnant, so they figure nothing worse could happen to me. I gotta bounce anyway. It was nice seeing you guys again."
m109,juno,conv_15484,JUNO,VANESSA,f,f,2,17,0,0.0,0,"Well hi Vanessa! What brings you to the mall today? Just, you know, shopping with my girlfriends."
m109,juno,conv_15485,JUNO,VANESSA,f,f,4,31,0,0.0,0,"No... Please excuse Leah. She's mentally challenged. Oh, okay. So... how are you feeling? Happy? Oh, you mean like, physically. I'm good. Look, I have a snooze button now!"
m109,juno,conv_15486,JUNO,VANESSA,f,f,2,31,0,0.0,0,"Um... Juno, can I -- Can I touch it? Are you kidding? Everyone at school is always grabbing at my belly. I'm like a legend. They call me the Cautionary Whale."
m109,juno,conv_15487,JUNO,VANESSA,f,f,3,13,0,0.0,0,Oh my God -- It moved! I felt it! Elbow. Wow! It's magical.
m109,juno,conv_15488,JUNO,VANESSA,f,f,2,6,0,0.0,0,Juno? What's going on? Nothing.
m109,juno,conv_15489,JUNO,VANESSA,f,f,2,19,1,0.0526,0,Mark? Why is Juno crying? I'm not crying. I'm allergic to fine home furnishings. See you later.
m109,juno,conv_15490,JUNO,PUNK RECEPTIONIST,f,f,3,13,0,0.0,0,"Hi. I'm here for the big show? Your name, please? Juno MacGuff."
m109,juno,conv_15491,JUNO,PUNK RECEPTIONIST,f,f,4,33,1,0.0303,0,Would you like some free condoms? They're boysenberry. No thank you. I'm off sex. My partner uses these every time we have intercourse. They make his balls smell like pie. Congrats.
m109,juno,conv_15492,JUNO,MAC,f,f,2,56,3,0.0536,0,"You should have seen this octopus furnace. I had to get out my Hazmat suit just to get up in there... My dad used to be in the Army, but now he's just your average HVAC specialist. He and my mom got divorced when I was five. She lives on a Havasu reservation in Arizona..."
m109,juno,conv_15493,JUNO,MAC,f,f,2,44,0,0.0,0,"So Juno, how did your maneuver go last night? Which maneuver, sir? The one in which I moved an entire living room set from one lawn to another, or the one in which I cleared a sixty-four ounce blue slushie in ten minutes?"
m109,juno,conv_15494,JUNO,MAC,f,f,3,44,0,0.0,0,"Do you need a large sum of money? Legal counsel? No, no, I'm definitely not asking for anything. Except maybe mercy. Like, it would be really great if nobody hit me. What have you done, Junebug? Did you hit someone with the Previa?"
m109,juno,conv_15495,JUNO,MAC,f,f,3,65,1,0.0154,0,"They say they're going to pay my medical expenses and everything. I promise this will all be resolved in thirty-odd weeks, and we can pretend it never happened. You're pregnant? I'm so sorry, you guys. If it's any consolation, I have heartburn that's like, radiating down to my kneecaps and I haven't gone number two since Wednesday. Morning!"
m109,juno,conv_15496,JUNO,MAC,f,f,2,22,0,0.0,0,"Who is the kid? The baby? I don't know anything about it yet. I only know it's got fingernails, allegedly."
m109,juno,conv_15497,JUNO,MAC,f,f,2,12,3,0.25,1,What? Paulie Bleeker? I didn't know he had it in him!
m109,juno,conv_15498,JUNO,MAC,f,f,2,22,1,0.0455,0,"Okay, this is no laughing matter. No, it's not. Paulie is virile, by the way. He was very good in... chair."
m109,juno,conv_15499,JUNO,MAC,f,f,2,25,0,0.0,0,"Did you say you were thinking about adoption? Yeah, well, there's this couple who've been trying to have a baby for five years."
m109,juno,conv_15500,JUNO,MAC,f,f,2,26,0,0.0,0,"Damn skippy, you're not! You don't even remember to give Liberty Bell her breathing meds. Once! And she didn't die, if you recall!"
m109,juno,conv_15501,JUNO,MAC,f,f,2,24,0,0.0,0,I thought you were the kind of girl who knew when to say when. I have no idea what kind of girl I am.
m109,juno,conv_15502,JUNO,MAC,f,f,2,34,0,0.0,0,"She's joking. Junebug has a wonderful sense of humor, which is just one of her many genetic gifts. I also have good teeth. No cavities. We finally got fluoridated water in Dancing Elk."
m109,juno,conv_15503,JUNO,MAC,f,f,2,40,0,0.0,0,"Excuse me? Well, no... I'm not going to sell the baby. I just want it to grow up with people who are ready to love it and be parents. I'm in high school, dude. I'm ill-equipped."
m109,juno,conv_15504,JUNO,MAC,f,f,20,234,3,0.0128,0,"Hi Dad. Hey, big puffy version of Junebug. Where have you been? Dealing with stuff way beyond my maturity level. Where is everyone? Bren took Liberty Bell to her tot ice skating class. Tot ice skating? Tots can't ice skate. Liberty Bell's still getting the hang of stairs. No, but you know Bren. She dreams big. Yeah, she does. You look a little morose, honey. What's eating you? I'm losing my faith in humanity. Think you can narrow it down for me. I guess I wonder sometimes if people ever stay together for good. You mean like couples? Yeah, like people in love. Are you having boy trouble? I gotta be honest; I don't much approve of you dating in your condition, 'cause... well, that's kind of messed up. Dad, no! Well, it's kind of skanky. Isn't that what you girls call it? Skanky? Skeevy? Please stop now. Tore up from the floor up? Dad, it's not about that. I just need to know that it's possible for two people to stay happy together forever. Or at least for a few years. It's not easy, that's for sure. Now, I may not have the best track record in the world, but I have been with your stepmother for ten years now, and I'm proud to say that we're very happy."
m109,juno,conv_15505,JUNO,MAC,f,f,2,34,0,0.0,0,"I sort of already have. Well, of course. Your old D-A-D! You know I'll always be there to love and support you, no matter what kind of pickle you're in."
m109,juno,conv_15506,JUNO,MAC,f,f,4,12,0,0.0,0,What?! Either I just pissed my pants or... Or... Thundercats are go!
m109,juno,conv_15511,JUNO,LEAH,f,f,18,189,0,0.0,0,"Yo-yo-yiggity-yo. I am a suicide risk. Is this Juno? No it's Morgan Freeman. Got any bones that need collecting? Only the one in my pants. Dude, I'm pregnant. Maybe it's just a food baby. Did you have a big lunch? It's not a food baby. I took three pregnancy tests today. I am definitely up the spout. How did you even generate enough pee for three pregnancy tests? I drank like ten tons of Sunny Delight. Anyway, yeah. I'm pregnant. And you're shockingly cavalier. Is this for real? Like for real, for real? Unfortunately, yes. Oh my God! Oh shit! Phuket Thailand! That's the kind of emotion I was looking for in the first take. Well, are you going to go to Havenbrooke or Women Now for the abortion? You need a note from your parents for Havenbrooke. I know. Women Now, I guess. The commercial says they help women now. Want me to call for you? I called for Becky last year. Eh, I'll call them myself. But I do need your help with something very urgent."
m109,juno,conv_15512,JUNO,LEAH,f,f,2,13,1,0.0769,0,"Heavy lifting can only help you at this point. That is sick, man."
m109,juno,conv_15513,JUNO,LEAH,f,f,4,43,1,0.0233,0,"So, you were bored? Is that how this blessed miracle came to be? Nah, it was a premeditated act. The sex, I mean, not getting pregnant. When did you decide you were going to do Bleeker? Like, a year ago, in Spanish class."
m109,juno,conv_15514,JUNO,LEAH,f,f,2,20,1,0.05,0,"Aha! You love him. It's extremely complicated, and I'd rather not talk about it in my fragile state."
m109,juno,conv_15515,JUNO,LEAH,f,f,2,14,2,0.1429,1,"So, what was it like humping Bleeker's bony bod? It was magnificent, man!"
m109,juno,conv_15516,JUNO,LEAH,f,f,10,251,2,0.008,0,"What are you doing here, dumbass? I thought I was supposed to pick you up at four. I couldn't do it, Leah! It smelled like a dentist in there. They had these really horrible magazines, with, like, spritz cookie recipes and bad fiction and water stains, like someone read them in the tub. And the receptionist tried to give me these weird condoms that looked like grape suckers, and she told me about her boyfriend's pie balls, and Su-Chin Kuah was there, and she told me the baby had fingernails. Fingernails! Oh, gruesome. I wonder if the baby's claws could scratch your vag on the way out? I'm staying pregnant, Le. Keep your voice down dude, my mom's around here somewhere. She doesn't know we're sexually active. What does that even mean? Anyway, I got to thinking on the way over. I was thinking maybe I could give the baby to somebody who actually likes that kind of thing. You know, like a woman with a bum ovary or something. Or some nice lesbos. But then you'll get huge. Your chest is going to milktate. And you have to tell everyone you're pregnant. I know. Maybe they'll canonize me for being so selfless. Maybe they'll totally shit and be super mad at you and not let you graduate or go to Cabo San Lucas for spring break. Bleeker and I were going to go to Gettysburg for spring break."
m109,juno,conv_15517,JUNO,LEAH,f,f,4,77,0,0.0,0,"Well, maybe you could look at one of those adoption ads. I see them all the time in the Penny Saver. There are ads? For parents? Oh yeah! ""Desperately Seeking Spawn."" They're right by the ads for like, iguanas and terriers and used fitness equipment. It's totally legit. Come on, Leah. I can't scope out wannabe parents in the Penny Saver! That's tacky. That's like buying clothes at the Pump n' Munch."
m109,juno,conv_15518,JUNO,LEAH,f,f,2,10,0,0.0,0,"The Penny Saver sucks. Yeah, but it sucks for free."
m109,juno,conv_15519,JUNO,LEAH,f,f,9,174,3,0.0172,0,"Look at this one ""Wholesome, spiritually wealthy couple have found true love with each other.""  ""All that's missing is your bastard."" There's a guy in here who's giving away a piano. Free for the hauling! We should put it in Bleeker's yard. You're not listening to me. No, I heard you. I just can't give the baby to people who describe themselves as ""wholesome."" I'm looking for something a little edgier. What did you have in mind, a family of disturbed loners who are into gunplay and incest? I was thinking a graphic designer, mid-thirties, and his cool Asian wife who dresses awesome and plays bass. But I'm trying to not be too particular. All right, how about this one? ""Healthy, educated couple seeking infant to join our family of five. You will be compensated. Help us complete the circle of love."" Yeesh, they sound like a cult. Besides, they're greedy bitches. They already have three kids! Hey, Juno. Juno! Look at this one."
m109,juno,conv_15520,JUNO,LEAH,f,f,2,18,1,0.0556,0,"Best to just tell them, man. Rip off the Band-Aid and let it bleed. I'm pregnant."
m109,juno,conv_15521,JUNO,LEAH,f,f,4,52,0,0.0,0,"Check out Baby Big-Head. That kid is scary! Hey, I'm a sacred vessel. All you've got in your belly is Taco Bell! Touche. It is really weird looking. It's like it's not even real. I can't believe there are saps who actually cry at these things."
m109,juno,conv_15522,JUNO,LEAH,f,f,2,13,0,0.0,0,"Aw, please Junebug? No way. No, I definitely don't want to know."
m109,juno,conv_15523,JUNO,LEAH,f,f,2,23,0,0.0,0,"How do you know I'm so poisonous? Like, what if the adoptive parents turn out to be evil molesters? Or stage parents!"
m109,juno,conv_15524,JUNO,LEAH,f,f,2,12,0,0.0,0,"Yum. This pretzel tastes like a friggin' donut! Share the love, Tits!"
m109,juno,conv_15525,JUNO,LEAH,f,f,2,3,0,0.0,0,Hly shht! What?
m109,juno,conv_15526,JUNO,LEAH,f,f,2,12,0,0.0,0,That's her. That's Vanessa Loring. Of the Penny Saver Lorings?
m109,juno,conv_15527,JUNO,LEAH,f,f,3,21,0,0.0,0,No way! She's pretty. You sound shocked or something. I just thought she'd look really old in real life.
m109,juno,conv_15528,JUNO,LEAH,f,f,2,11,0,0.0,0,"She's gonna steal that kid for her collection. Right, seriously."
m109,juno,conv_15529,JUNO,LEAH,f,f,2,17,0,0.0,0,"I want a huge cookie. And like, a lamb kebob. Simultaneously. God, Spermy. Must you always feed?"
m109,juno,conv_15530,JUNO,LEAH,f,f,5,67,0,0.0,0,"God, you're getting huge. How many months has it been now? Almost eight. You wouldn't believe how weird I look naked. I wish my funbags would get bigger. Trust me, you don't. I actually have to wear a bra now. And I have to rub this nasty cocoa butter stuff all over myself or my skin could get stretched too far and explode. Hot!"
m109,juno,conv_15531,JUNO,LEAH,f,f,2,14,0,0.0,0,"God, why is everyone always staring at me? Well, you are kind of... convex."
m109,juno,conv_15532,JUNO,LEAH,f,f,5,51,1,0.0196,0,"Wow, someone's been actually doing her geometry homework for once! I don't have a choice. Keith's been grading me really hard lately. Please do not refer to Mr. Conyers as ""Keith,"" okay? My barf reflex is already heightened these days. Keith's hot. Eww, he's all beardy!"
m109,juno,conv_15533,JUNO,LEAH,f,f,12,200,9,0.045,0,"Did you hear Bleek is going to prom with Katrina De Voort? Katrina? Pfft, no way. He doesn't like Katrina. It must be a pity date. He asked her. I heard they were going to Benihana, then the prom, then to Vijay's parents' cabin. Bleeker told me Katrina's whole house reeks of soup! Oh, it totally does. I was there for her birthday about four years ago and it was like Lipton Landing. But you know, boys have endured worse things for nookie. There's no way in hell they're having sex or even holding hands. I wouldn't be so sure about that. He did it with you. He's a man now. Yeah, well, Bleek trusted me. We're best friends. Are you jealous? I thought you said you didn't care what he did. I'm not jealous, and I don't care. I just know he doesn't like Katrina and I don't think he should toy with her emotions like that. She seems so nice and all. Okay Juno, I'm really convinced. Prom is for wenises, anyway. Once you're old enough to go, it's not cool anymore."
m109,juno,conv_15534,MAC,VANESSA,f,f,2,21,0,0.0,0,Hello. Thank you for having me and my irresponsible child over to your home. Oh no. Thank you. Come on in.
m109,juno,conv_15535,MAC,VANESSA,f,f,4,34,0,0.0,0,"You don't say. Well, haven't you ever felt like you were born to do something? Yes. Heating and air conditioning. Well, I was born to be a mother. Some of us are."
m109,juno,conv_15536,MAC,VANESSA,f,f,4,23,0,0.0,0,So. What's that thing? A Pilates machine? What do you make with that? You don't make anything. It's for exercising.
m111,kids,conv_15745,JENNIE,RUBY,f,f,4,33,5,0.1515,1,Telly says was up. I knew he wouldn't want to speak to me. That dick. You still mad at him? Of course. How am I gonna forgive him after what he did?!
m111,kids,conv_15746,JENNIE,RUBY,f,f,8,37,0,0.0,0,"The pain. The fucking pain! And you feel like you're being ripped open inside. You are being ripped open. I know. Did you bleed? I didn't bleed. You didn't? No, I didn't bleed."
m111,kids,conv_15747,JENNIE,RUBY,f,f,2,9,0,0.0,0,Hell yeah. I love. I love sex. Foreplay. Foreplay.
m111,kids,conv_15748,JENNIE,RUBY,f,f,3,25,0,0.0,0,Right. You're like it's just this instinct. It's like this animal instinct is taking over you. It's like... Passion... Boom!!! Boom!!!
m111,kids,conv_15749,JENNIE,RUBY,f,f,2,36,3,0.0833,0,"Yep, yep. But he has to know what he's doing and where he's going. Because they can like touch you for hours and they won't ever know. Hell yeah, they don't know."
m111,kids,conv_15750,JENNIE,RUBY,f,f,3,15,0,0.0,0,Like where are your erogenous zones? Mine? Mine are like my neck and my chest.
m111,kids,conv_15751,JENNIE,RUBY,f,f,6,72,0,0.0,0,"I hate sucking dick! Yeah. 'Cause they fucking shoot you in the eye, the face, the ear. And sometimes it takes a long time, and you're fucking gagging. Yeah. And then it hits that little thing.  That little punch bag. What is it? The tonsils. The esophagus, whatever. Yeah. And you're not getting anything out of it. And it's like. How much more can I bob here? You know."
m111,kids,conv_15752,JENNIE,RUBY,f,f,2,5,0,0.0,0,Wish me luck. Good luck.
m111,kids,conv_15753,JENNIE,RUBY,f,f,4,48,3,0.0625,0,"Shh. Come on, it's gonna be OK. That's it. I'm gonna have to tell my little brother, I'm gonna die. I can't make him his lunches anymore. Come on. Don't cry. We'll work it out. I only did it once and..."
m111,kids,conv_15754,JENNIE,RUBY,f,f,3,18,2,0.1111,1,I gotta go. I gotta find Telly. Don't go anywhere. Stay with me. I gotta find him.
m111,kids,conv_15755,JENNIE,RUBY,f,f,2,10,1,0.1,1,I'm coming. No. I just gotta go find him.
m117,legally blonde,conv_16390,BROOKE,ELLE,f,f,3,37,0,0.0,0,I'm a Delta Gamma and I'm a huge fan of yours! You took my class in LA. You had the best high kick I've ever seen. Are you one of my lawyers? Sort of.
m117,legally blonde,conv_16391,BROOKE,ELLE,f,f,3,28,2,0.0714,0,Are you okay? You look so sad... and so orange. I'm glad it's you and not Donovan. He means well. He's really brilliant and all.
m117,legally blonde,conv_16392,BROOKE,ELLE,f,f,2,14,0,0.0,0,"Elle, I can't. You don't understand. Who could better understand than me?"
m117,legally blonde,conv_16393,BROOKE,ELLE,f,f,4,20,0,0.0,0,It's so shameful... Whatever it is -- it could save you. That's just it -- it would ruin me! How?
m117,legally blonde,conv_16394,BROOKE,ELLE,f,f,2,35,0,0.0,0,I have made my fortune on my ability to teach women how to perfect their bodies with the Brooke's Butt Buster workout. I know! You helped me go from a six to a four!
m117,legally blonde,conv_16395,BROOKE,ELLE,f,f,2,39,1,0.0256,0,"No! I'm a fraud! But it's not like normal people can have this ass! If my fans knew, I'd lose everything. I've already lost my husband. I rather be in jail then lose my reputation!"
m117,legally blonde,conv_16396,BROOKE,ELLE,f,f,2,40,2,0.05,0,I'm not having an affair with Enrique -- you know a Delta Gamma would never sleep with a man who wears a thong! I just liked watching him bend over to clean the filter -- I believe you! Don't worry.
m117,legally blonde,conv_16397,BROOKE,ELLE,f,f,3,23,1,0.0435,0,What's going on? Enrique's gay. I'm sure of it. He did leave a Cher tape in the pool house once --
m117,legally blonde,conv_16399,CHUTNEY,ELLE,f,f,6,64,3,0.0469,0,"Okay -- Ms. Windham, when you uh arrived back at the house? Was your father there? Not that I saw. But like I said, I went straight upstairs to take a shower. And when you came downstairs, what happened? I saw Brooke standing over his body, drenched in his blood. But Mrs. Windham didn't have a gun? No, she'd stashed it by then."
m117,legally blonde,conv_16400,CHUTNEY,ELLE,f,f,4,31,1,0.0323,0,"Did you hear a shot fired? No. I was in the shower. So at some point in the -- twenty minutes you were in the shower, your father was shot? I guess."
m117,legally blonde,conv_16401,CHUTNEY,ELLE,f,f,2,19,0,0.0,0,"But you didn't hear the shot, because you were in the shower. Yes. I was washing my hair."
m117,legally blonde,conv_16402,CHUTNEY,ELLE,f,f,4,38,0,0.0,0,"Miss Windham, can you tell us what you'd been doing earlier in the day? I got up, went to Starbucks, went to the gym, got a perm, and came home. Where you got in the shower. Yes."
m117,legally blonde,conv_16403,CHUTNEY,ELLE,f,f,2,13,0,0.0,0,"Yes, Your Honor. Had you ever gotten a perm before, Miss Windham? Yes."
m117,legally blonde,conv_16404,CHUTNEY,ELLE,f,f,3,53,0,0.0,0,"How many, would you say? Two a year since I was twelve. You do the math. You know, a girl in my sorority, Tracy Marcinko, got a perm once. Even though we all told her not to. Curls really weren't the right look for her --  She didn't have your bone structure."
m117,legally blonde,conv_16405,CHUTNEY,ELLE,f,f,3,60,0,0.0,0,"Chutney, why is it that Tracy Marcinko's curls were ruined when she got hosed down? Because they got wet. That's right. Because isn't the first cardinal rule of perm maintenance that you are forbidden to wet your hair for at least twenty-four hours after getting a perm at the risk of de-activating the ammonium thiglycolate?"
m117,legally blonde,conv_16406,CHUTNEY,ELLE,f,f,3,93,2,0.0215,0,"And if you in fact, heard the gunshot, then Brooke Windham wouldn't have had time to hide the gun before you got downstairs. Which would mean that you would've had to have found Mrs. Windham with a gun in her hand to make your story sound plausible. Isn't that right? She's younger than I am. Did she tell you that? How would you feel if your father married someone younger than you? You, however, had time to hide the gun, didn't you, Chutney? After you shot your father?"
m117,legally blonde,conv_16430,ELLE,PAULETTE,f,f,2,6,0,0.0,0,You can't even imagine. Spill.
m117,legally blonde,conv_16431,ELLE,PAULETTE,f,f,5,77,2,0.026,0,"After you went to all that trouble? Well, what am I supposed to do? He's engaged! She's got the family six- carat on her bony, unpolished finger. You're asking the wrong girl. I'm with my guy eight years and then one day it's ""I met someone else. Move out."" What'd you do? Cried a lot and gained twenty pounds. Dewey kept the trailer and my precious baby Rufus. I got jackcrap."
m117,legally blonde,conv_16432,ELLE,PAULETTE,f,f,7,83,5,0.0602,0,"I didn't even get to go to his birthday party. No! What could I do?  He's a man who followed his pecker to greener pastures. I'm a middle- aged high-school dropout with stretch marks and a fat ass. Happens every day. At least to women like me. That's terrible! So, what's this Sarah got that you don't? Three tits? She's from Connecticut. She belongs to his stupid country club. Is she as pretty as you?"
m117,legally blonde,conv_16433,ELLE,PAULETTE,f,f,2,18,0,0.0,0,"Is she? She could use some mascara and some serious highlights, but she's not completely unfortunate-looking."
m117,legally blonde,conv_16434,ELLE,PAULETTE,f,f,2,20,3,0.15,1,"Could I be anymore goddamn spastic?  So you're sure, this Warner guy is ""the one""? Definitely! I love him!"
m117,legally blonde,conv_16435,ELLE,PAULETTE,f,f,2,66,5,0.0758,0,"You showed up Warner in class? You're supposed to be showing up Sarah. I couldn't help it! It was the most fun I've had since I've been in law school. Not only was I good enough for Warner -- I was better than him. He has to see serious I am now. Even Donovan was impressed, and he's a total hard-ass."
m117,legally blonde,conv_16436,ELLE,PAULETTE,f,f,3,11,0,0.0,0,"You ready? No. Yes, you are. Go -- you can do this."
m117,legally blonde,conv_16437,ELLE,PAULETTE,f,f,3,22,4,0.1818,1,"God, that felt great! Look at him. He's still scratching his head. Which must be a nice vacation for his balls..."
m117,legally blonde,conv_16438,ELLE,PAULETTE,f,f,2,45,1,0.0222,0,"I feel so bad for her. I mean, she's in jail! And she's innocent. But I'm the only one who believes her. Donovan totally thinks she's guilty. That's because men are big, fat retards who don't -- Oh, my God..."
m117,legally blonde,conv_16439,ELLE,PAULETTE,f,f,5,56,2,0.0357,0,"So, this is the only interaction you two have ever had? No. Sometimes I say ""Okay"" instead of ""Fine"". Have you ever considered asking him if he'd like a cold beverage? Or perhaps a neck massage? What's the point?  Look at me. I am. And I'm looking at a beautiful, fabulous, sexy woman."
m117,legally blonde,conv_16440,ELLE,PAULETTE,f,f,2,16,0,0.0,0,"Good one. Trust me. You've got the equipment, you just need to read the manual."
m117,legally blonde,conv_16441,ELLE,PAULETTE,f,f,5,90,7,0.0778,0,"And after they set his nose, he came back for his truck and I offered to drive for him since he was still on pain-killers and we spent the whole afternoon together! He was unconscious for part of it, but it was really fun! I'm so happy for you! How'd it go at the trial? Great. Donovan actually said the words ""Good work, Ms. Woods"". He takes me seriously! Can you believe it? Of course I can believe it. You're going to make a great lawyer."
m117,legally blonde,conv_16442,ELLE,PAULETTE,f,f,2,128,2,0.0156,0,"You can't go home! What's the point of staying? All people see when they look at me is blonde hair and big boobs. No one's ever going to take me seriously. The people at law school don't, Warner doesn't -- I don't even think my parents take me seriously. They wanted me to grow up and become a Victoria's Secret model who marries a rock star. Now, for the first time, it seemed like someone expected me to do something better with my life than wear underwear for a living. But I was kidding myself -- Donovan didn't see me as a lawyer. He saw me as a piece of ass just like everyone else. It turns out, I am a joke."
m117,legally blonde,conv_16454,ELLE,MARGOT,f,f,2,22,2,0.0909,0,Can someone please tell Rick that he is not the only Sigma Chi with a big penis? You guys are so sweet!
m117,legally blonde,conv_16455,ELLE,MARGOT,f,f,2,23,0,0.0,0,Why else would she have flown in from Newport? It's not like she'd Fed Ex a six carat diamond. You think?
m117,legally blonde,conv_16456,ELLE,MARGOT,f,f,3,28,0,0.0,0,"Too demure? I think you should go with red. It's the color of confidence. Well, I don't want to look like I know what's coming..."
m117,legally blonde,conv_16457,ELLE,MARGOT,f,f,2,36,2,0.0556,0,What if -- you know -- it's not the night? Why else would he be taking you to The Ivy? You've been dating for a year -- it's not like he's trying to impress you.
m117,legally blonde,conv_16458,ELLE,MARGOT,f,f,2,37,4,0.1081,1,I don't know! Everything was normal at first and then he said he needed someone more --  Serious! Serious?! Who the hell does he think he is? You're the most popular month on the USC calendar!
m117,legally blonde,conv_16459,ELLE,MARGOT,f,f,2,12,0,0.0,0,"We still love you. Sisters forever! Thank you. I love you, too."
m117,legally blonde,conv_16460,ELLE,MARGOT,f,f,2,14,0,0.0,0,"Honey, stop! You have to leave this room -- it's been a week. So?"
m117,legally blonde,conv_16461,ELLE,MARGOT,f,f,3,40,2,0.05,0,"Once Warner sees me as a serious law student, he'll want me back. It's a completely brilliant plan! But isn't it kind of hard to get into law school? I have the highest GPA in Delta Gamma!"
m117,legally blonde,conv_16462,ELLE,MARGOT,f,f,3,16,0,0.0,0,Here. You're gonna need this. Your scrunchie? My lucky scrunchie. It helped me pass Spanish.
m117,legally blonde,conv_16463,ELLE,MARGOT,f,f,2,39,0,0.0,0,"Elle, do you know what happened on ""Days of Our Lives"" yesterday? Why, yes, Margot, I do. Once again, we joined Hope in the search for her identity. As you know, she's been brainwashed by the evil Stefano --"
m117,legally blonde,conv_16464,ELLE,MARGOT,f,f,6,23,0,0.0,0,It's Elle!  Guess what I'm doing right this second? Power yoga? Picking out my wedding dress! What?! Josh proposed! No way --
m117,legally blonde,conv_16465,ELLE,MARGOT,f,f,2,17,1,0.0588,0,Keep June first open -- you're one of my bridesmaids. And give Warner our love. I will...
m117,legally blonde,conv_16466,ELLE,MARGOT,f,f,2,11,0,0.0,0,"Oh, how sweet! You made friends with a nerdy girl. Margot!"
m117,legally blonde,conv_16467,ELLE,MARGOT,f,f,2,61,1,0.0164,0,"Speaking of which, can you please put on some party clothes? You look like someone rolled you in something sticky and dragged you through a K- Mart. I can't believe you guys are actually here -- but this case is important. I'll make it up to you after finals, okay? I -- promise. I really want to do a good job."
m117,legally blonde,conv_16468,ELLE,MARGOT,f,f,2,8,0,0.0,0,"Hello! You're like, a lawyer. Not yet."
m117,legally blonde,conv_16496,ELLE,SERENA,f,f,2,24,3,0.125,1,"But I'm not positive it's gonna happen tonight -- Helloo... he just had lunch with his grandmother. You know he got ""The Rock""."
m117,legally blonde,conv_16497,ELLE,SERENA,f,f,4,31,0,0.0,0,"No -- it's just -- not me. I'm canceling the mixer. We'll blacklist Sigma Chi. Thank you, Serena, but I don't think it'll do any good. What happened?"
m117,legally blonde,conv_16498,ELLE,SERENA,f,f,2,16,1,0.0625,0,"Oh, he is so over on this campus. I just don't understand what went wrong --"
m117,legally blonde,conv_16499,ELLE,SERENA,f,f,3,25,0,0.0,0,How could this happen? I don't know! I don't know anything any more!  I just need to be by myself. Are you sure?
m117,legally blonde,conv_16500,ELLE,SERENA,f,f,2,11,0,0.0,0,"Girls -- I'm going to Harvard! What, like on va-kay?"
m117,legally blonde,conv_16501,ELLE,SERENA,f,f,2,12,0,0.0,0,Calvin Klein's spring line is atrocious. Don't you agree? Absolutely!
m117,legally blonde,conv_16502,ELLE,SERENA,f,f,7,55,1,0.0182,0,"Almost. Well, hurry up so you can come home! We miss you! I miss you guys! The people here are so vile! Hardly anyone even talks to me unless it's to say something that's not nice. Law school sucks! Oh, my God! I completely forgot to tell you! What? I got bangs! Really --"
m117,legally blonde,conv_16503,ELLE,SERENA,f,f,2,30,0,0.0,0,What're you doing here?! We're on our way to the bridal show in New York so we thought we'd rescue you from law school for the night.
m117,legally blonde,conv_16504,ELLE,SERENA,f,f,2,16,2,0.125,1,You guys -- I can't. We're in the middle of a trial. Where's Warner?
m117,legally blonde,conv_16505,ELLE,SERENA,f,f,2,20,0,0.0,0,"I wish we could stay longer, but I have a game. I can't believe you're a Laker Girl!"
m117,legally blonde,conv_16506,ELLE,PROFESSOR DONOVAN,f,f,3,12,0,0.0,0,Neither. Why not? I'd rather have a client who's innocent.
m117,legally blonde,conv_16507,ELLE,PROFESSOR DONOVAN,f,f,2,13,0,0.0,0,Yes? Ms. Woods? I changed my mind. I'd pick the dangerous one.
m117,legally blonde,conv_16508,ELLE,PROFESSOR DONOVAN,f,f,5,24,0,0.0,0,"I did? You're applying for my internship, aren't you? I don't know -- You should. Do you have a resume? I do."
m117,legally blonde,conv_16509,ELLE,PROFESSOR DONOVAN,f,f,2,17,0,0.0,0,"It's pink. And engraved... Gives it that extra little something, doesn't it?  See you tomorrow!"
m117,legally blonde,conv_16510,ELLE,PROFESSOR DONOVAN,f,f,2,40,0,0.0,0,Maiden name -- Daniels.  You know her? She was a Delta Gamma! Not in my pledge class or anything -- she graduated five years ahead of me. But I used to take her class at the LA Sports Club. She's amazing!
m117,legally blonde,conv_16511,ELLE,PROFESSOR DONOVAN,f,f,3,36,1,0.0278,0,"Amazing how? She could make you drop three pounds in one class. She's completely gifted! Well, in all likelihood, she's completely guilty as well. She was seen standing over her husband's dead body."
m117,legally blonde,conv_16512,ELLE,PROFESSOR DONOVAN,f,f,3,32,2,0.0625,0,His twenty-seven year old daughter and the pool boy. Maybe she found him like that. That's the story she'll be telling the jury. We just have to prove it.
m117,legally blonde,conv_16513,ELLE,PROFESSOR DONOVAN,f,f,2,12,0,0.0,0,"You don't really believe she's innocent? Of course, I do!"
m117,legally blonde,conv_16539,MARGOT,SERENA,f,f,2,5,0,0.0,0,Elle? Where's the Rock?
m117,legally blonde,conv_16540,MARGOT,SERENA,f,f,2,9,0,0.0,0,Is it a Kappa? It's not a Theta --
m117,legally blonde,conv_16541,MARGOT,SERENA,f,f,3,33,2,0.0606,0,"Oh, God. What if Josh doesn't think I'm serious enough? Helloo... you let him have anal sex with you.  Helloo... you let him videotape you diddling yourself. You're right. Phew!"
m117,legally blonde,conv_16542,MARGOT,SERENA,f,f,2,14,0,0.0,0,"What's the thing that always makes us feel better, no matter what? Cunnilingus?"
m117,legally blonde,conv_16543,MARGOT,SERENA,f,f,2,17,0,0.0,0,Let's all go! Road trip! Wait -- Cecil has a condo in Tahoe. Let's go there!
m117,legally blonde,conv_16544,MARGOT,SERENA,f,f,2,18,0,0.0,0,"Why?! I mean, I know you're upset and all, but can't you just take a sedative?"
m117,legally blonde,conv_16545,MARGOT,SERENA,f,f,2,16,0,0.0,0,"You passed Spanish because you gave Professor Montoya a hand-job after the final. Yeah, luckily."
m117,legally blonde,conv_16546,MARGOT,SERENA,f,f,2,8,2,0.25,1,There he is! Pull up next to him!
m121,little nicky,conv_17168,ANGEL,CHRISTA,f,f,2,24,0,0.0,0,"Oh. My. God. I can't believe you're here. Welcome. Can I just tell you, I am so excited right now. So excited."
m121,little nicky,conv_17169,ANGEL,CHRISTA,f,f,2,22,1,0.0455,0,"I remember that night, you had like four daiquiris. Try four and a half. At first I totally didn't like him."
m121,little nicky,conv_17170,ANGEL,CHRISTA,f,f,2,15,0,0.0,0,"I'll call her later. You know, we saw you save your girlfriend's life."
m121,little nicky,conv_17171,ANGEL,CHRISTA,f,f,2,13,1,0.0769,0,All these good people have totally been led astray. Show him Central Park.
m121,little nicky,conv_17172,ANGEL,CHRISTA,f,f,2,23,0,0.0,0,"She goes to Parson's, right? I would totally love to go there. But I hear it's really hard to get in."
m123,lost highway,conv_17519,MARIAN,RAQUEL,f,f,5,58,4,0.069,0,Did you see that about the guy who chopped up his wife into a million pieces? How could I miss it? The TV won't quit with that stuff. They're gonna cook him. Andy's from Utah. He says there you have a choice... You can die by hanging or by firing squad. Which would you choose?
m123,lost highway,conv_17520,MARIAN,RAQUEL,f,f,4,56,0,0.0,0,"Andy would go for this, don't you think?... Firing squad, definitely. Do they aim for the head or for the heart? The heart, I guess. I wouldn't... The brain would know what's going on. Your heart would be ripped open trying to pump blood, blood pouring into the chest cavity. Savage pain, Marian."
m128,malcolm x,conv_18318,LOUISE,MISS DUNNE,f,f,11,95,2,0.0211,0,"It's the same questions, Mrs. Little. Since the death of your husband -- Murder. -- there is a serious question as to whether -- These are my children. Mine. And they ain't no question. None. I think sometimes, Mrs. Little, candor is the only kindness. All of your children are delinquent, Mrs. Little, and one, at least, Malcolm is a thief. Get out. Your control over your children, therefore -- Did you hear me?! You'll regret this, Mrs. Little. If you don't move out through that door, you're going to be past all regretting."
m130,marty,conv_18526,CATHERINE,MRS. PILLETTI,f,f,2,14,0,0.0,0,Hey! What are you doing here? I came to see you. How you feel?
m130,marty,conv_18527,CATHERINE,MRS. PILLETTI,f,f,5,63,0,0.0,0,"I gotta pain in my left side, and my leg throbs like a drum. I been getting a pain in my shoulder. I gotta pains in my shoulder too. I have a pain in my hip, and my right arm aches so much I can't sleep. It's a curse to be old. How you feel? I feel fine. That's nice."
m130,marty,conv_18528,CATHERINE,MRS. PILLETTI,f,f,9,107,10,0.0935,0,"We gotta postcard from my son Nickie and his bride. They're inna big hotel in Florida on their honeymoon. Everything is very nice. That's nice. I gotta letter from my husband's cousin in Abruzzi. His mother died. Oh. Do you remember Emilio DiGiorgio, owned the tavern in Abruzzi? I don't think I remember him. Well, he died. You know who else died? Who? You know the old man upstairs in this house. Old Irishman, always drunk. He got pleurisy. He was inna hospital two weeks. He died yesterday. Well, I always like to visit you, Catherine, because you always got such cheerful news."
m130,marty,conv_18529,CATHERINE,MRS. PILLETTI,f,f,9,98,2,0.0204,0,"I wake up this morning, I hear the baby crying. So I wake up. I come in their room. That girl is shaking her hand atta baby. I said, ""You brute! Don't you strike that baby! That's my son's baby!"" It's her baby too, you know. That's my son Thomas's baby. Well, it ain't your baby. Did I tell you she threw the bottle- a milk at me? You told me. She's a witch, that one. I tell you what happen yesterday? What happen? She gave me the evil eye."
m130,marty,conv_18530,CATHERINE,MRS. PILLETTI,f,f,3,33,1,0.0303,0,"Ufa! I keep one eye open when I sleep, because she's gonna come in, stab me in my bed. Catherine, I want you come live in my house with Marty and me."
m130,marty,conv_18531,CATHERINE,MRS. PILLETTI,f,f,8,146,9,0.0616,0,"Ah? You son Thomas and Virginia, they come to my house this afternoon... Who? Your son Thomas and his wife Virginia... When was this? This afternoon, about four, five o'clock. What they say? You know what they say. They say things are no good in this house. Catherine, your son is married. Leave him in peace. He wantsa be alone with his wife. They don't want no old lady sitting inna balcony. Now I tell you what I think. I want you come live with me in my house with Marty and me. In my house, you have your own room. You don't have to sleep onna couch inna living room like here. We will cook inna kitchen and talk like when we were girls. You are dear to me, and you are dear to Marty. We are pleased for you to come."
m130,marty,conv_18532,CATHERINE,MRS. PILLETTI,f,f,2,92,6,0.0652,0,"My son Thomas came to see you this afternoon, and he said to you he wants to cast his mother from his house? Catherine, don't make an opera outta this. The three-a you anna baby live in three skinny rooms. You are an old goat, and she has an Italian temper. She is a good girl, but you drive her crazy. Catherine, you are no fool. You know this is no good, an old woman living with a husband and wife. Two women inna same kitchen, anna house burns down."
m130,marty,conv_18533,CATHERINE,MRS. PILLETTI,f,f,4,41,0,0.0,0,"So I am an old garbage bag, put inna street. Oh, Catherine, please! Don't make a tragedy. You come to my house where you know you be happier yourself. It pains that they should do this. I know it pains."
m130,marty,conv_18534,CATHERINE,MRS. PILLETTI,f,f,3,153,1,0.0065,0,"Catherine, you are very dear to me. We have cried many times together. When my husband died, I would have gone insane if it were not for you. I ask you to come to my house, because I can make you happy. Please come to my house. These are the worst years. I tell you. It's gonna happen to you. I'm afraida look inna mirror. I'm afraid I'm gonna see an old lady with white hair, like the old ladies inna park, little bundles inna black shawl, waiting for the coffin. I'm fifty- six years old. What am I to do with myself? I have strength in my hands. I wanna cook. I wanna clean. I wanna make dinner for my children. Am I an old dog to lie in fronta the fire til my eyes close? These are the terrible years, Theresa! Terrible years! Catherine, my sister..."
m130,marty,conv_18535,CATHERINE,MRS. PILLETTI,f,f,9,131,12,0.0916,0,"Hey, I come home from your house last night, Marty was here with a girl. Who? Marty. Your son Marty? Well, what Marty you think is gonna be here in this house with a girl? Were the lights on? Oh sure.  This girl is a college graduate. They're the worst. College girls are one step from the streets. They smoke like men inna saloon. My son Joseph, his wife, you know, she types onna typewriter. One step from the streets, I tell you. Mrs. Pilletti ponders this philosophy for a moment. That's the first time Marty ever brought a girl to this house. She seems like a nice girl. I think he has a feeling for this girl. You heard him sing. He been singing like that all morning."
m130,marty,conv_18536,CATHERINE,MRS. PILLETTI,f,f,4,132,4,0.0303,0,"Well, that's all. You will see. Today, tomorrow, inna week, he's gonna say to you, ""Hey, Ma, it's no good being a single man. I'm tired-a running around."" Then he's gonna say, ""Hey, Ma, wadda we need this old house? Why don't we sell this old house, move into a nicer parta town? A nice little apartment?"" I don't sell this house, I tell you that. This is my husband's house. I had six children in this house. You will see. A coupla months, you gonna be an old lady, sleeping onna couch in her daughter-in-law's house. Catherine, you are a blanket of gloom. Wherever you are, the rain follows. Someday, you gonna smile, and we gonna declare a holiday."
m130,marty,conv_18558,CLARA,MRS. PILLETTI,f,f,3,45,0,0.0,0,"Siddown, siddown. You want some chicken? We got some chicken in the ice box. No, Mrs. Pilletti. We were just going home. Thank you very much anyway. Well, siddown a minute. I just come inna house. I'll take off my coat. Siddown a minute."
m130,marty,conv_18559,CLARA,MRS. PILLETTI,f,f,5,168,2,0.0119,0,"No, thank you, really, Mrs. Pilletti. It's a very sad business, I tell you. A woman, fifty-six years old, all her life, she had her own home. Now she's just an old lady, sleeping on her daughter-in-law's couch. It's a curse to be a mother, I tell you. Your children grow up and then what is left for you to do? What is a mother's life but her children? It is a very cruel thing when your son has no place for you in his home. Couldn't she find some sort of hobby to fill out her time? Hobby! What can she do? She cooks and she cleans. You gotta have a house to clean. You gotta have children to cook for. These are the terrible years for a woman, the terrible years. You mustn't feel too harshly against her daughter-in-law. She also wants to have a house to clean and a family to cook for."
m130,marty,conv_18560,CLARA,MRS. PILLETTI,f,f,6,116,0,0.0,0,"You don't think my sister Catherine should live in her daughter-in-law's house? Well, I don't know the people, of course, but as a rule, I don't think a mother-in-law should live with a young couple. Where do you think a mother-in-law should go? I don't think a mother should depend so much upon her children for her rewards in life. Well, maybe that's what they teach you in New York University. In real life, it don't work out that way. You wait till you are a mother. It's silly of me to argue about it. I don't know the people involved."
m130,marty,conv_18561,CLARA,MRS. PILLETTI,f,f,2,16,0,0.0,0,"It was very nice meeting you, Mrs. Pilletti. I hope I'll see you again. Sure."
m130,marty,conv_18562,CLARA,MRS. PILLETTI,f,f,2,4,0,0.0,0,"Goodnight, Mrs. Pilletti. Goodnight."
m130,marty,conv_18615,MRS. PILLETTI,VIRGINIA,f,f,5,217,1,0.0046,0,"He coming home right now. So what happened, Aunt Theresa, about the milk bottle was my mother-in- law, she comes inna kitchen, Aunt Theresa, and she begins poking her head over my shoulder here and poking her head over my shoulder there, so then she begins telling me how I waste money and how I can't cook, and how I'm raising my baby all wrong, so she got me so nervous, I spilled some milk I was making for the baby... She was here, you know, Wednesday, and I said, ""Catherine, my sister..."" So she say, ""You're spilling the milk."" So she kept talking about these coupla drops of milk I spilled, so she got me so mad, so I said, ""Mama, you wanna see me really spill some milk?"" So I took the bottle, and I threw it against the door. I didn't throw it at her. That's just something she made up. She goes around telling everybody I threw the bottla milk at her. I didn't throw it anywheres near her. Well, I was sorry right away, you know, but she ran outta the house. Well, I don't know what you want me to do, Virginia. If you want me, I'll go talk to her tonight."
m130,marty,conv_18616,MRS. PILLETTI,VIRGINIA,f,f,6,132,5,0.0379,0,"Sure. Aunt Theresa, you got this big house here. I mean, you got this big house just for you and Marty. And I thought maybe Tommy's mother could come here and live with you and Marty. Well... Because I called up Tommy's brother Joe, and I said, ""Joe, she's driving me crazy. Why don't you take her for a couple of years?"" And he said, ""Oh no!"" I know I sound like a terrible woman... No, Virginia, I know how you feel. I just can't stand it any more! Every minute of the day! Do this! Do that! I don't have ten minutes privacy with my husband! We can't even have a fight! We don't have no privacy! Everybody's miserable in our house!"
m130,marty,conv_18617,MRS. PILLETTI,VIRGINIA,f,f,4,24,0,0.0,0,"I'm sorry we gotta rush like this... That's all right, that's all right... On accounta... I'm gonna see you tonight..."
m130,marty,conv_18618,MRS. PILLETTI,VIRGINIA,f,f,2,104,0,0.0,0,"We didn't tell her anything yet. We thought that we'd leave it to you. We thought you'd put it like how you were lonely, and why don't she come to live with you. Because that way it looks like she's doing you a favor, insteada we're throwing her out, and it won't be so cruel on her. Do you want Tommy and me to stay here with you? I think it be a better idea if you and Thomas go out, because otherwise she's gonna start a fight with you, and everybody's gonna be yelling."
m130,marty,conv_18619,MRS. PILLETTI,VIRGINIA,f,f,2,15,0,0.0,0,"Listen, let's go downa Kaplans' apartment. They told us to come down. Sure, sure."
m132,meet john doe,conv_18867,ANN,MOTHER,f,f,13,202,2,0.0099,0,"Stick a fork through me! I'm done. I'll never get this speech right. Oh, yes you will, Ann dear . . . you're very clever. Yeah, I know. What are you looking for? Your purse. I need ten dollars. What for? I gave you fifty just the other day. Yes, I know, dear, but Mrs. Burke had her baby yesterday. Nine pounds! And there wasn't a thing in the houseand then this morning the Community Chest lady came around and And the fifty's all gone, huh? Who's the ten for? The Websters. The Websters! You remember those lovely people your father used to take care of? I thought I'd buy them some groceries. Oh, Ann, dear, it's a shame, those poor You're marvelous, Ma. You're just like Father used to be. Do you realize a couple of weeks ago we didn't have enough to eat ourselves? Well, yes, I know, dear, but these people are in such need and we have plenty now. If you're thinking of that thousand dollars, forget it. It's practically gone. We owed everybody in town. Now, you've just gotta stop giving all your money away."
m132,meet john doe,conv_18868,ANN,MOTHER,f,f,9,223,8,0.0359,0,"Oh, I'm sorry, Ma. Oh, don't pay any attention to me. I guess I'm just upset about all this. Gee whiz, here I am with a great opportunity to get somewhere, to give us security for once in our lives, and I'm stuck. If I could put this over, your Mrs. Burke can have six babies! Do you mean the speech you're writing? Yeah, I don't know. I simply can't get it to jell!  I created somebody who's gonna give up his life for a principle, hundreds of thousands of people are gonna listen to him over the radio and, unless he says something that's, well, that's sensational, it's just no good! Well, honey, of course I don't know what kind of a speech you're trying to write, but judging from the samples I've read, I don't think anybody'll listen. What? Darling, there are so many complaining political speeches. People are tired of hearing nothing but doom and despair on the radio. If you're going to have him say anything, why don't you let him say something simple and real, something with hope in it? If your father were alive, he'd know what to say. Oh, yes, Father certainly would. Wait a minute . . . Huh?"
m132,meet john doe,conv_18869,ANN,MOTHER,f,f,4,55,4,0.0727,0,"That's your father's diary, Ann. Father's . . . I never knew he had a diary. There's enough in it for a hundred speeches, things people ought to hear nowadays. You be careful of it, won't you dear?  It's always helped keep your father alive for me. You bet I will, Ma."
m137,monkeybone,conv_19439,ALICE,JULIE,f,f,2,29,1,0.0345,0,"Now don't pick a fight. I'm staying over. Oh, poor Buster. He hasn't been fed in a day and a half. Let me get some food..."
m137,monkeybone,conv_19440,ALICE,JULIE,f,f,2,10,0,0.0,0,Special occasion? I don't know. I guess it was...
m137,monkeybone,conv_19441,ALICE,JULIE,f,f,4,25,2,0.08,0,Who did this? Stu. That was right about the time we met. When he first came in to the sleep lab? Yeah...before your time.
m137,monkeybone,conv_19442,ALICE,JULIE,f,f,2,54,6,0.1111,1,"Jesus, honey...he always joked about you <u>curing</u> him, but I never realized what you cured him <u>from</u>. He hadn't gotten a good night's sleep in years. The nightmares would wake him up, and he'd start right in painting... <i></i> That boy looked like pluperfect hell."
m137,monkeybone,conv_19443,ALICE,JULIE,f,f,4,52,3,0.0577,0,"How do you get from <u>here</u> - to <u>there</u>? Switch hands. What? I'm serious. It was bicameral disjunction - right brain and left brain out of balance. He was a rightie, so I made him switch the pencil to his left hand. Just to see what'd come out."
m137,monkeybone,conv_19444,ALICE,JULIE,f,f,3,57,7,0.1228,1,"Monkeybone? Left-handed, he was <u>funny</u>. He'd been doing all this scary, intense work...then he found out he could draw this stuff, and make me laugh, and he liked that. <i></i> And then the nightmares just...stopped. Wow - two guys in the same brain. - Which one did you fall in love with?"
m137,monkeybone,conv_19445,ALICE,JULIE,f,f,3,18,0,0.0,0,What's the maximum safe dose? Most we've ever used is half a CC. Five CC's.
m137,monkeybone,conv_19446,ALICE,JULIE,f,f,3,76,9,0.1184,1,"The thing is, I'm responsible for the way he's acting. It's the nightmare juice. It's got to be. Julie, that stuff probably saved his life. I can't explain this, Alice, but I'm not so sure it did. It's as if...he's <u>not Stu</u> any more. The Stu I love is gone! <i></i> He spends all his time in the garage. He says he's...autographing."
m137,monkeybone,conv_19447,ALICE,JULIE,f,f,2,37,0,0.0,0,"""4/17: Subject, when unaware of observation, prefers to hold eating utensils...with feet. Successfully carves turkey roll holding eating utensils...with feet."" They had a case like that at Johns Hopkins. Wires got crossed between hands and feet."
m137,monkeybone,conv_19504,JULIE,KIMMY,f,f,7,97,8,0.0825,0,"Oh, Julie...my poor Stu...my poor baby brother... When'd you get in? An hour ago. <i></i> I tried to prepare myself, but I didn't know he would be like, like <u>this</u>. I can't even bear to look at him... How about you? You're okay? I'm fine, Kimmy. Fine. I had so much I always wanted to say to him. At least he had a chance to give you the ring. The ring... Grandmama's ring. The <u>engagement</u> ring. He asked me to send it to him -"
m137,monkeybone,conv_19505,JULIE,KIMMY,f,f,4,80,5,0.0625,0,"Kimmy, he doesn't know what's going on. He doesn't even know he's in a - Please, Julie. This is not easy for me. Our father took a <u>long</u> time to die. A long time. It just about killed us all. And Stu and I made a pact that when our time came - we wouldn't let it drag out. It's too soon even to - <u>talk</u> about that! Give me a date, Doctor."
m137,monkeybone,conv_19506,JULIE,KIMMY,f,f,2,27,0,0.0,0,"Kimmy! What's the matter? This is hard for me, Julie...very hard...but it's been three months now, and... <i></i> I gave the order."
m140,mr. deeds goes to town,conv_19760,AMY,JANE,f,f,3,16,2,0.125,1,Since he was born. Yes. Elsie Taggart was the midwife. He was a seven-months baby.
m140,mr. deeds goes to town,conv_19761,AMY,JANE,f,f,2,5,0,0.0,0,Most every day. Sometimes twice.
m140,mr. deeds goes to town,conv_19762,AMY,JANE,f,f,2,8,1,0.125,1,"They think he's pixilated. Oh yes, pixilated."
m140,mr. deeds goes to town,conv_19763,AMY,JANE,f,f,2,3,0,0.0,0,Pixilated. Uh-huh.
m140,mr. deeds goes to town,conv_19764,AMY,JANE,f,f,3,17,4,0.2353,1,"He walks in the rain, without his hat, and talks to himself. Sometimes he whistles. And sings."
m140,mr. deeds goes to town,conv_19765,AMY,JANE,f,f,4,40,5,0.125,1,"For no reason, I guess. He always does it. We always run into the house when we see him coming. Never can tell what he's going to do. He sure is pixilated. Oh, yes - he's pixilated all right."
m140,mr. deeds goes to town,conv_19766,AMY,JANE,f,f,2,9,1,0.1111,1,"Why, you own it, Longfellow. Yes, you own it."
m140,mr. deeds goes to town,conv_19767,AMY,JANE,f,f,2,8,1,0.125,1,"Why, you've always been pixilated, Longfellow. Always."
m140,mr. deeds goes to town,conv_19768,AMY,JANE,f,f,2,11,0,0.0,0,"Why, everybody in Mandrake Falls in pixilated - except us. Uh-huh."
m140,mr. deeds goes to town,conv_19769,AMY,JANE,f,f,2,4,0,0.0,0,"Oh, yes. Yes, indeedy."
m140,mr. deeds goes to town,conv_19770,AMY,JANE,f,f,2,7,2,0.2857,1,He's still pixilated. He sure is.
m140,mr. deeds goes to town,conv_19814,BABE,MABEL,f,f,2,6,0,0.0,0,"What's the matter, hon? Nothing."
m140,mr. deeds goes to town,conv_19815,BABE,MABEL,f,f,4,28,0,0.0,0,"What's up, Babe? Something's eating you. No. It's nothing. My unfailing instinct tells me something's gone wrong with the stew. Don't be ridiculous."
m140,mr. deeds goes to town,conv_19816,BABE,MABEL,f,f,2,50,0,0.0,0,"You haven't gotten very far, have you? That's where you were an hour ago. Come on, let's knock off and go down to Joe's. The gang's waiting for us. I can't write it, Mabel! I don't know what's the matter with me."
m140,mr. deeds goes to town,conv_19817,BABE,MABEL,f,f,16,185,15,0.0811,0,"Good night. Mabel, that guy's either the dumbest, the stupidest, the most imbecilic idiot in the world - or he's the grandest thing alive. I can't make him out. Uh-huh. I'm crucifying him. People have been crucified before. Why? Why do we have to do it? You started out to be a successful newspaper woman, didn't you? Yeah, then what? Search me. Ask the Gypsies. Here's a guy that's wholesome and fresh. To us he looks like a freak. You know what he told me tonight? He said when he gets married he wants to carry his bride over the threshold in his arms. The guy's balmy. Is he? Yeah, I thought so, too. I tried to laugh, but I couldn't. It stuck in my throat. Aw, cut it out, will you? You'll get me thinking about Charlie again. He's got goodness, Mabel. Do you know what that is? Huh? No - of course you don't. We've forgotten. We're too busy being smart-alecks.  Too busy in a crazy competition for nothing."
m140,mr. deeds goes to town,conv_19818,BABE,MABEL,f,f,3,18,1,0.0556,0,"You're a fool, Babe. I just couldn't stand seeing him again. Running away is no solution."
m140,mr. deeds goes to town,conv_19819,BABE,MABEL,f,f,4,56,5,0.0893,0,What'll I tell him if he calls up? Tell him I had to leave suddenly. I got a job in China - some place. You're acting like a school girl. What else can I do? Keeping this up is no good. He's bound to find out sometime.  At least I can save him that .
m140,mr. deeds goes to town,conv_19820,BABE,MABEL,f,f,2,13,0,0.0,0,"Just a minute. No, you don't. We're not going out tonight."
m140,mr. deeds goes to town,conv_19821,BABE,MABEL,f,f,2,13,0,0.0,0,Why there she is!  Of course she's home.  Stupid of me . . . Hello.
m146,nick of time,conv_20814,LYNN,MS. JONES,f,f,2,14,0,0.0,0,"You stole that. No, I didn't. I confiscated it. There's a difference."
m146,nick of time,conv_20815,LYNN,MS. JONES,f,f,3,37,0,0.0,0,"Hey, would you look at this crazy car? Everybody has their own radio. What do you think of that? Everybody does? Yep. And you can listen to it without anybody else listening. Let's try it out."
m146,nick of time,conv_20816,LYNN,MS. JONES,f,f,3,16,0,0.0,0,"This is what they call the jack. Hi, Jack! Laughs. It goes in that little hole."
m146,nick of time,conv_20817,LYNN,MS. JONES,f,f,2,26,1,0.0385,0,He's going to help the police. Your daddy is going to be a hero. My daddy is going to be a hero? Like Power Rangers?
m146,nick of time,conv_20818,LYNN,MS. JONES,f,f,5,36,0,0.0,0,"That's pretty good. I've done much better ones than this. You have, huh? Oh, yes. I'll show you. I have much more colors at home. That's good.  That's good, sweetie pie."
m146,nick of time,conv_20819,LYNN,MS. JONES,f,f,2,13,0,0.0,0,"Where are we going? Not very far, honey-pie. Not far at all."
m146,nick of time,conv_20820,LYNN,MS. JONES,f,f,3,23,0,0.0,0,"I'm not a baby. You're a big girl, huh? I'm not a big girl but I'm not a baby."
m146,nick of time,conv_20821,LYNN,MS. JONES,f,f,5,23,0,0.0,0,Close your eyes. Why? I've got something for you. A surprise? You ask too many questions. You want the surprise or not?
m147,the night of the hunter,conv_20879,ICEY SPOON,WILLA HARPER,f,f,3,50,1,0.02,0,"Willa Harper there is certain plain facts of life that adds up just like two plus two makes four and one of them is this: No woman is good enough to raise growin' youngsters alone! The Lord meant that job for two! Icey, I don't want a husband. Fiddlesticks!"
m147,the night of the hunter,conv_20880,ICEY SPOON,WILLA HARPER,f,f,13,133,10,0.0752,0,"That feller's just achin' to settle down with some nice woman and make a home for himself. It's awful soon after Ben's passing. If ever I saw a Sign from Heaven! John don't like him much. Pearl dotes on him. The boy worries me. It's silly, but it's like there was something still between him and his Dad. What he needs is a dose o' salts! There's something else. What? The money, Icey. I declare, you'll let that money haunt you to your grave, Willa Harper! I would love to be satisfied Harry Powell don't think I've got that money somewhere. You'll come right out and ask that Man of God!  Mr. Paow-well!  Clear that evil mud out of your soul!"
m147,the night of the hunter,conv_20881,ICEY SPOON,WILLA HARPER,f,f,3,17,0,0.0,0,"You go set down by the River. Oh, Icey, I'm a sight! Get along with you."
m147,the night of the hunter,conv_20882,ICEY SPOON,WILLA HARPER,f,f,2,14,0,0.0,0,That boy's as stubborn and mulish as a sheep! It's a shame!
m147,the night of the hunter,conv_20967,RACHEL COOPER,RUBY,f,f,2,23,2,0.087,0,"Pearl and John! Not this time! It was just one youngin -- a little boy babe. And do you know who he was, children?"
m147,the night of the hunter,conv_20968,RACHEL COOPER,RUBY,f,f,9,50,2,0.04,0,"I been bad! Ruby, you didn't have no money to buy this. You'll whip me! When did I ever? This man down at the Drugstore... The Drugstore? Miz Cooper. I never went to sewin' lessons all them times. What you been up to? I been out with men."
m147,the night of the hunter,conv_20969,RACHEL COOPER,RUBY,f,f,4,44,5,0.1136,1,"This gentleman warn't like them! He just give me a sody and the book. Now who was this? He never asked me for nothin'. He must have wanted somethin', Ruby. A man don't waste time on a girl unless he gets something."
m147,the night of the hunter,conv_20970,RACHEL COOPER,RUBY,f,f,3,12,2,0.1667,1,What'd you all talk about? Pearl and John. John and Pearl!
m147,the night of the hunter,conv_20971,RACHEL COOPER,RUBY,f,f,3,7,2,0.2857,1,Miz Cooper! What? The man! The man!
m148,a nightmare on elm street,conv_21022,MARGE,NANCY,f,f,3,28,1,0.0357,0,"Apparently he was crazy jealous. Nancy said they'd had a fight, Rod and Tina. It wasn't that serious... Maybe you don't think murder's serious --"
m148,a nightmare on elm street,conv_21023,MARGE,NANCY,f,f,3,24,0,0.0,0,"Where you think you're going? School. I could hear you tossing and turning all night, kiddo. You've no business going to school."
m148,a nightmare on elm street,conv_21024,MARGE,NANCY,f,f,2,17,0,0.0,0,"Did you sleep? I'll sleep in study hall, promise. I'd rather keep busy, you know?"
m148,a nightmare on elm street,conv_21025,MARGE,NANCY,f,f,2,8,0,0.0,0,Right home after. Right home after. See you.
m148,a nightmare on elm street,conv_21026,MARGE,NANCY,f,f,4,15,0,0.0,0,"Nancy, don't fall asleep in there. I won't. Get into bed. I will."
m148,a nightmare on elm street,conv_21027,MARGE,NANCY,f,f,5,53,0,0.0,0,"What? You're not falling asleep, are you? You could drown, you know. Mother, for petesakes. It happens all the time.  I've got some warm milk all ready for you. Why don't you jump into bed?  I'm gonna turn on your electric blanket, too. C'mon, now. Warm milk. Gross."
m148,a nightmare on elm street,conv_21028,MARGE,NANCY,f,f,3,9,0,0.0,0,"You okay? Great To bed with you, c'mon."
m148,a nightmare on elm street,conv_21029,MARGE,NANCY,f,f,4,34,0,0.0,0,"No television, forget the homework, no phone calls. No, Mother. Yes, Mother. No, Mother. And no school tomorrow, either. You take a little vacation, relax and rest for a change. Yes, Mother. G'night."
m148,a nightmare on elm street,conv_21030,MARGE,NANCY,f,f,2,8,0,0.0,0,"Take this, it'll help you sleep. Right."
m148,a nightmare on elm street,conv_21031,MARGE,NANCY,f,f,2,6,0,0.0,0,I must be going nuts... Nancy?
m148,a nightmare on elm street,conv_21032,MARGE,NANCY,f,f,4,22,0,0.0,0,"You okay? Yeah. Just had a little dream. I'm falling right back to sleep. Okay... You need anything, just call. Okay."
m148,a nightmare on elm street,conv_21033,MARGE,NANCY,f,f,4,45,0,0.0,0,"Go even crazier? I don't think you're going crazy -- and stop drinking that damn coffee! Did you ask Daddy to have the hat examined? I threw that filthy thing away -- I don't know what you're trying to prove with it, but --"
m148,a nightmare on elm street,conv_21034,MARGE,NANCY,f,f,2,44,4,0.0909,0,"What I learned at the dream clinic, that's what I'm trying to prove. Rod didn't kill Tina, and he didn't hang himself. It's this guy -- he's after us in our dreams. But that's just not reality, Nancy!"
m148,a nightmare on elm street,conv_21035,MARGE,NANCY,f,f,2,11,0,0.0,0,"It's real, Mamma. Feel it. Put that damned thing down!"
m148,a nightmare on elm street,conv_21036,MARGE,NANCY,f,f,2,3,0,0.0,0,Screw sleep! Nancy!
m148,a nightmare on elm street,conv_21037,MARGE,NANCY,f,f,2,7,0,0.0,0,What's with the bars? S'curity.
m148,a nightmare on elm street,conv_21038,MARGE,NANCY,f,f,3,32,0,0.0,0,"Mom, I want to know what you know about Fred Krueger. Dead and gone. I want to know how, where -- if you don't tell me, I'm going to call daddy."
m148,a nightmare on elm street,conv_21039,MARGE,NANCY,f,f,2,48,4,0.0833,0,"Your father the cop. That's a good one.  Forget Fred Krueger. You don't want to know, believe me. I do want to know. He's not dead and gone -- he's after me and if I sleep he'll get me! I've got to know!"
m148,a nightmare on elm street,conv_21040,MARGE,NANCY,f,f,2,33,1,0.0303,0,"Oh lawyers got fat and the judge got famous, but someone forgot to sign the search warrant in the right place, and Fred Krueger was free, just like that. So he's alive?"
m148,a nightmare on elm street,conv_21041,MARGE,NANCY,f,f,2,48,7,0.1458,1,"Bunch of us parents tracked him down after they let him go. Found him in an old boiler room, just like before. Saw him lying there in that caked red and yellow sweater he always wore, drunk an' asleep with his weird knives by his side... Go on..."
m148,a nightmare on elm street,conv_21042,MARGE,NANCY,f,f,2,28,3,0.1071,1,"All these years you've kept those things buried down here? In our own house? Proof he's declawed. As for him, we buried him good and deep."
m148,a nightmare on elm street,conv_21043,MARGE,NANCY,f,f,2,16,0,0.0,0,"Give me the key, mother. I don't even have it on me, so forget it."
m148,a nightmare on elm street,conv_21044,MARGE,NANCY,f,f,3,22,0,0.0,0,"Guess I should'n'a done it. Just sleep now, Mom. Just wanted to protect you, Nan. Just wanted to protect you..."
m148,a nightmare on elm street,conv_21045,MARGE,NANCY,f,f,2,30,0,0.0,0,"Feeling better? They say you've bottomed out when you can't remember the night before.  No more drinking, Baby, suddenly I just don't feel like it any more."
m148,a nightmare on elm street,conv_21055,NANCY,TINA,f,f,3,12,1,0.0833,0,"Rod says the sweetest things. He's nuts about you. Yeah, nuts."
m148,a nightmare on elm street,conv_21056,NANCY,TINA,f,f,2,36,0,0.0,0,"Anyway, I'm too tired to worry about the creep. Couldn't get back to sleep at all.  So what you dream? Forget it, the point is, everybody has nightmares once in a while. No biggy."
m148,a nightmare on elm street,conv_21057,NANCY,TINA,f,f,2,17,2,0.1176,1,"I can't believe his mother let him come over here. Right. Well, she didn't, exactly..."
m148,a nightmare on elm street,conv_21058,NANCY,TINA,f,f,2,11,0,0.0,0,Nice to have a fire. Really. Turn 'er up a little.
m148,a nightmare on elm street,conv_21059,NANCY,TINA,f,f,2,26,3,0.1154,1,"Maybe we should call Rod, have him come over too. He might get jealous. Rod and I are done. He's too much of a maniac."
m148,a nightmare on elm street,conv_21060,NANCY,TINA,f,f,2,68,4,0.0588,0,"What you dream? I dreamed about this guy in a dirty red and yellow sweater; I dream in color, y'know; he walked into the room I was in, right, right through the wall, like it was smoke or something, and just stared at me. Sort of... obscenely. Then he walked out through the wall on the other side. Like he'd just come to check me out..."
m149,ninotchka,conv_21068,ANNA,NINOTCHKA,f,f,4,23,0,0.0,0,"Good evening, Anna. Good evening, Ninotchka. Aren't you late? No, the opera starts an hour later tonight on account of the parade."
m149,ninotchka,conv_21069,ANNA,NINOTCHKA,f,f,9,180,2,0.0111,0,"They didn't let me. I am in disgrace. Last week at the performance of Carmen I played a sour note. The conductor got so excited he yelled, ""There's sabotage in the string section!"" Too bad... you missed an inspiring day, Anna. I know... my heart is sad... but my feet are happy. When all the tanks and guns were roaring over the Red Square I sat here all by myself and played a Beethoven sonata. Not bad at all.  Are you expecting someone? A few friends... just a little dinner party. What are you serving? An omelet. An omelet! Aren't you living a little above your ration? Well, I've saved up two eggs and each of my friends is bringing his own so we'll manage. It just goes to prove the theory of our State. If you stand alone it means a boiled egg but if you're true to the collective spirit and stick together you've got an omelet.  That reminds me... have you heard the latest they're telling about the Kremlin?"
m149,ninotchka,conv_21070,ANNA,NINOTCHKA,f,f,9,86,2,0.0233,0,"I'll tell you later.  That Gurganov, you never know whether he's on his way to the washroom or the Secret Police. You should be more careful, Anna. And you too, Ninotchka. About what? Ever since you have been back from Paris... I haven't talked to anyone about Paris. I haven't said a word. That's just it. It makes people feel queer. I dont' want you to get in any trouble. I have nothing to hide. You should. I'll show you."
m149,ninotchka,conv_21071,ANNA,NINOTCHKA,f,f,5,145,0,0.0,0,"When I passed through the laundry yard today I saw all the women huddled around this so I brought it up here. Things like this create a bad feeling. First they didn't know whose it was. Then they saw the Paris label and did it start a commotion! Some said it's what we all ought to wear and others said it's like hanging foreign ideas on our clothesline. It undermines our whole cause. I see. You know how it is today... all you have to do is wear a pair of silk stockings and they suspect you of counter-revolution. Thank you, Anna. I'll dry it up here when I wash it next. I should hate to see our country endangered by my underwear. Ninotchka, you know I am your friend, you can trust me.... Did you bring back anything else?"
m149,ninotchka,conv_21072,ANNA,NINOTCHKA,f,f,25,232,1,0.0043,0,"No, I left everything in Paris. I just happened to be wearing this. Tell me... what else did you have? Well, a hat... What was it like? It was very silly.... I would be ashamed to wear it here. As beautiful as that? What else? Come, tell me. An evening gown. Evening gown? A dress you wear in the evening. What do you wear in the morning? When you get up you put on a negligee, and then you change to a morning frock. You mean to tell me you wear a different dress for different times of the day? Yes. Now, Ninotchka, you're exaggerating. No, my dear, it is true. That's how they live in the other world. Here we dress to have our bodies covered... to keep warm.... And there? Well, sometimes they're not completely covered but... they don't freeze. They must have wonderful materials to make a thing like this so soft... something you don't even see. You feel it, though. Ninotchka, I wouldn't bring this up if we weren't such good friends. What is it, Anna? You know I told you that Pavlov and I are going to get married when he comes back from the maneuvers. Would it be asking too much... You want this? Just for the honeymoon. You can have it for good. It is my wedding present."
m149,ninotchka,conv_21281,NINOTCHKA,SWANA,f,f,2,38,0,0.0,0,"Not at all.... I understand perfectly, Count d'Algout gave you a dog. You made it very clear, madame. Dear me... I must be losing my finesse. If I'm not careful I'll be understood by everybody."
m149,ninotchka,conv_21282,NINOTCHKA,SWANA,f,f,3,101,0,0.0,0,"Isn't it amazing! One gets a wrong impression of the new Russia.  It must be charming. I'm glad conditions are so improved. I assume this is what the factory workers wear at their dances? Exactly. You see, it would have been embarrassing for people of my sort to wear low-cut gowns in the old Russia. The lashes of the Cossacks across our backs were not very becoming, and you know how vain women are. You're absolutely right about the Cossacks. We made an unpardonable mistake when we let them use their knouts. They had such reliable guns."
m149,ninotchka,conv_21283,NINOTCHKA,SWANA,f,f,2,47,1,0.0213,0,"You're right, madame, it will all be over by Thursday. It is unfortunate that you have so few more days in Paris.  Be sure and redouble your efforts so that madame can take some pleasant memories when she returns to Moscow.  Good night.  Good night, Leon."
m149,ninotchka,conv_21284,NINOTCHKA,SWANA,f,f,3,41,0,0.0,0,"Good morning. What? It is tomorrow morning... tomorrow noon, to be exact. I hope you will forgive me. I know it's extremely cruel to waken anyone at such an hour. Don't you recognize me? I am the Duchess Swana."
m149,ninotchka,conv_21285,NINOTCHKA,SWANA,f,f,2,38,2,0.0526,0,"I think we can cut your visit short. Leon is not here. Of course not, my dear! I didn't come here with any such suspicion. How ridiculous!  Nor did I come here to pick up his hat."
m149,ninotchka,conv_21286,NINOTCHKA,SWANA,f,f,14,285,0,0.0,0,"How stale last night's gaiety looks! It has the taste of a dead cigarette. If you were encouraged to come here by our meeting last night I am afraid you misunderstood my attitude. Don't worry, you were quite rude enough.  Do you mind if I let in a little fresh air and sunshine? I'm sure it will make you feel better and I want you to be at your very best. In full possession of your faculties, at least. Please come to the point. What is it you want? I just dropped in to have a little heart-to-heart talk with you. We have nothing to discuss. Now there you are completely wrong. If we sit down for a little chat, I'm sure we won't run out of conversation and what's more it won't be dull. Madame, what is it you people always say, regardless of what you mean... ""I am delighted to have you here""? I have not reached that stage of civilization. That's all right... I grow on people. I must ask you to leave. Leave? That's exactly what I came here to ask you to do. Leave! I don't mean this hotel and I don't mean Paris... I mean France. There's a plane for Moscow at five-forty. Madame, if you... Don't worry. I have already made reservations. It's perfect flying weather. They assure me there's a fine tail wind which will sweep you back to Moscow in no time. If this is meant to be a joke it is not funny. Or do you still think you're issuing orders from your palace in Petrograd?"
m149,ninotchka,conv_21287,NINOTCHKA,SWANA,f,f,5,150,0,0.0,0,"My palace in Petrograd... yes, you took that away from me. You took away my czar, my country, my people, everything I had...  but nothing more -- I warn you. People cannot be taken away, madame, neither a hundred and sixty million nor one. Not if you have their love. You hadn't. That's why you're not in Russia any longer, and that's why you came here this morning. Very interesting, my dear, but couldn't you write all that from Moscow? A dissertation on love on Soviet stationery -- would be an amusing paradox. It is not enough to be witty, madame. People grow tired of being entertained. You made that mistake before. Problems were never solved by bowing from a balcony. My dear, you don't know how impressive I could be. Did you ever see me in my regalia with my diadem and all my jewels?"
m149,ninotchka,conv_21288,NINOTCHKA,SWANA,f,f,4,42,0,0.0,0,You can't deny we gave the people their money's worth -- almost -- eight tumbling Romanoffs -- eight! I must insist that you leave. Not before you agree to use those reservations to Moscow. In that case I can only say good-by.
m149,ninotchka,conv_21289,NINOTCHKA,SWANA,f,f,3,48,3,0.0625,0,"I wouldn't waken Leon. After last night I would say not before three o'clock at the earliest. I told you to go, madame. Believe me, Leon can't help you. He doesn't know anything about the jewels... I give you my word... I swear it."
m149,ninotchka,conv_21290,NINOTCHKA,SWANA,f,f,8,160,5,0.0312,0,"Where are they? You were very careless with our precious jewels, my dear. They're too expensive a toy for two children to play with. Where are they? Don't worry. Fortunately last night a very trustworthy friend kept his eyes open. Perhaps he overstepped his function as a waiter but he fulfilled his duty as a Russian.  I just put this on for sentiment. The rest are absolutely safe. I assure you. But if you feel like notifying the police... You leave me no choice. Won't it be rather embarrassing for a Soviet Envoy to disclose the circumstances under which she lost them? I will have to face the consequences, but so will you. Don't forget they will ask how you got them. That's very simple to answer. They were given to me by my mother. They were given to her by her mother, in fact they're mine, you cannot steal what belongs to you!"
m149,ninotchka,conv_21291,NINOTCHKA,SWANA,f,f,2,37,0,0.0,0,"They always belonged to the Russian people. They were paid for with their sweat, their blood, their lives and you will give them back! I told you we had plenty to talk about. Shall we sit down?"
m149,ninotchka,conv_21292,NINOTCHKA,SWANA,f,f,13,334,4,0.012,0,"Now, let's free ourselves from emotionalism and try to solve the problem in a practical way. Our situation has changed considerably. Before I had only a claim to the jewels. Now I have the jewels. In other words moral ideas have no weight with you... all right, then let's deal with legal facts. You know that France has recognized the Soviet. Unfortunately. Under Soviet law the jewels belong to the State. France is going to uphold that ownership. My lawyer agrees with you. He says France will uphold it in every court, but I will drag you through every court, don't forget that. And when I say it will take two years I am, as always, conservative. Won't those two years in court be expensive for you? I know that money was no object as long as you could squeeze it from the pockets of the people, but now... I may run out of money, but you have already run out of bread. Two years is a long time for your comrades to wait. I see. You have calculated in terms of hunger. No, I just wanted to be absolutely impartial. Both of us are faced with two rather uncomfortable years. We can condense these two years to two minutes if you want to accept my proposition. Ninotchka now realizes what she is after. Go on. I am willing to hand over the jewels and sign the necessary papers if you take that five-forty plane to Moscow. That's not the way to win him back... not Leon. I think I know Leon quite as well as you... possibly a little better. Leave that worry to me. Five-forty leaves you time enough to close the deal with Monsieur Mercier, but naturally you'll be too busy for any farewells. I'll see to it that everything is done in the most expeditious manner and I will also see you to the airport. That's my proposition, Comrade Yakushova."
m154,an officer and a gentleman,conv_22089,LYNETTE,PAULA,f,f,2,11,1,0.0909,0,"Come on, guys. It's five o'clock. One more minute."
m154,an officer and a gentleman,conv_22090,LYNETTE,PAULA,f,f,6,57,1,0.0175,0,"Far fucking out! I've been wanting to meet one of the Blue Angels since I can remember. Lynette, watch your mouth! Somebody might overhear. Paula, look at the new Poopies. Yeah, I saw 'em. Poor guys. See you in a month when you get liberty! Don't worry. It grows out about an inch by them."
m154,an officer and a gentleman,conv_22091,LYNETTE,PAULA,f,f,2,11,1,0.0909,0,"That was you guys, huh? Come on. Let's go dance."
m154,an officer and a gentleman,conv_22092,LYNETTE,PAULA,f,f,2,13,0,0.0,0,"Hurry, Lynette. It's almost midnight. I got my foot on the floor."
m154,an officer and a gentleman,conv_22093,LYNETTE,PAULA,f,f,7,45,3,0.0667,0,"Well, it you're not gonna ask, then I will. How was it? Great. Details, Pokrif. From what I saw he had an incredible body. Yeah... Mmmm... What did he do? Did he do anything that was different? Everything was different. But in what ways?"
m154,an officer and a gentleman,conv_22094,LYNETTE,PAULA,f,f,2,29,2,0.069,0,"How did it go with you guys? Big Sid came in about two and a half seconds, then had the nerve to ask, 'Did you make it, too, sweetheart?'"
m154,an officer and a gentleman,conv_22095,LYNETTE,PAULA,f,f,5,67,8,0.1194,1,"He ask you out for next weekend? No, but I told him I'd be at the Town Tavern next Saturday night, and he sounded like he might come. I told Zack about Saturday night, too. The fifth week's supposed to be the roughest. Come Wednesday, he'll be wishing he took my number. You hope. He'll show. I'd bet my paycheck on it."
m154,an officer and a gentleman,conv_22096,LYNETTE,PAULA,f,f,2,13,1,0.0769,0,You serious about having him over? I haven't made up my mind.
m154,an officer and a gentleman,conv_22097,LYNETTE,PAULA,f,f,9,155,2,0.0129,0,"Paula, how far would you go to catch Zack? What do you mean? You know what I mean. Would you... let yourself get pregnant? No way... Would you? I never used to think I'd do something like that, but now I'm not so sure. You ask me, nine weeks just ain't long enough to get a guy to fall in love with you. That don't justify trying to trap a boy by getting pregnant, Lynette! Nothing justifies that. I can't believe you're even thinking like that. I mean, that's really backward. No more backward, if you ask me, than the way these hotshot assholes fuck us, then ditch us.  Don't you ever feel used, Paula? Don't you ever feel like if this is all you get for your trouble then the sonofabitch ought to be paying for it...? No. I never feel like that. I do."
m154,an officer and a gentleman,conv_22098,LYNETTE,PAULA,f,f,2,22,2,0.0909,0,"Lynette, where's Sid? Already come and gone. Can you believe it? He DORed in the twelfth week. How can you win?"
m154,an officer and a gentleman,conv_22099,LYNETTE,PAULA,f,f,3,21,0,0.0,0,"God help you, Lynette! You're no better than me, Paula! You're just the same! No! That's not true!"
m155,panic room,conv_22237,LYDIA,MEG,f,f,6,88,0,0.0,0,"-- seventeen feet wide, fifty-five feet deep, forty-two hundred square feet, four floors with a rentable basement apartment, so five altogether, courtyard in back -- Could you slow down a little?  Or we could wait for the car... No cars.  Feet are faster. How many more do we have after this? None, there's nothing else, you know how tight the market is. This is it?  I told you on the phone, I have to be moved in in two weeks.  Sarah, please don't bounce that here."
m155,panic room,conv_22238,LYDIA,MEG,f,f,3,16,0,0.0,0,"Something's weird. What? I don't know, doesn't that corner seem funny to you?"
m155,panic room,conv_22239,LYDIA,MEG,f,f,7,34,1,0.0294,0,"Makes me nervous. Why? Ever read any Poe? I don't think so, but I love her album. No, Edgar Allen. The furniture guy? What's to keep them from prying open the door?"
m155,panic room,conv_22240,LYDIA,MEG,f,f,3,30,3,0.1,1,"Old Bernie didn't miss a trick with this room, did he? Open the door. And with kids like he's got, no wonder he wanted a place to hide."
m155,panic room,conv_22241,MEG,SARAH,f,f,5,19,0,0.0,0,"Too many stairs. Got us in here, didn't I? Shoulda got an apartment. Well, I know that now. 478-0150."
m155,panic room,conv_22242,MEG,SARAH,f,f,4,13,0,0.0,0,"The phone works.  Hey, I hooked up the phone. The crowd goes wild. 478... 0150."
m155,panic room,conv_22243,MEG,SARAH,f,f,3,7,1,0.1429,1,Fuck him. Don't. Fuck her too.
m155,panic room,conv_22244,MEG,SARAH,f,f,2,8,0,0.0,0,What's going on?! People.  In the house.
m155,panic room,conv_22245,MEG,SARAH,f,f,4,9,1,0.1111,1,He's going down. That room! What?! PANIC ROOM!
m155,panic room,conv_22246,MEG,SARAH,f,f,3,14,0,0.0,0,"Damn it! It doesn't work?! Different phone line, I never hooked it up!"
m155,panic room,conv_22247,MEG,SARAH,f,f,3,19,0,0.0,0,Can't hear a thing. What do they want? I don't know.  Rob us.  I don't know.
m155,panic room,conv_22248,MEG,SARAH,f,f,11,35,0,0.0,0,What do we do? Wait. What if they get in here? They can't.  They can't get in here. No.  They can't. I heard you. Feel okay? Yeah. Shaky? Nope. Chills? Huh uh.
m155,panic room,conv_22249,MEG,SARAH,f,f,3,27,0,0.0,0,"""What we want is in that room."" They're coming in here, aren't they? No, I told you, they can't.  It's not a possibility."
m155,panic room,conv_22250,MEG,SARAH,f,f,5,33,0,0.0,0,"We're not coming out.  We're not letting you in.  Get out of my house. Say fuck. Fuck. ""Get the fuck out of my house."" Get the fuck out of my house!"
m155,panic room,conv_22251,MEG,SARAH,f,f,2,6,0,0.0,0,"Oh, please. Give me a break."
m155,panic room,conv_22252,MEG,SARAH,f,f,2,7,0,0.0,0,Are you freaking out? Little bit.  Yeah.
m155,panic room,conv_22253,MEG,SARAH,f,f,2,5,0,0.0,0,Small space? Don't though.
m155,panic room,conv_22254,MEG,SARAH,f,f,5,32,1,0.0312,0,"Why did the chicken cross the road? What am I, a five year old? Why did the chicken cross the road? I don't know, why? To prove he wasn't chicken."
m155,panic room,conv_22255,MEG,SARAH,f,f,4,33,0,0.0,0,YOU CAN'T DO THAT!  YOU CAN'T FREAK OUT LIKE THAT!  YOU HAVE TO STAY HERE WITH ME! I am.  I'm here. YOU HAVE TO! I'm here.  I'm here.
m155,panic room,conv_22256,MEG,SARAH,f,f,2,12,0,0.0,0,"What, what, what is it?! On the floor!  Get on the floor!"
m155,panic room,conv_22257,MEG,SARAH,f,f,4,19,0,0.0,0,"Morse code? Dot dot dot, dash dash dash, dot dot dot. Where'd you learn S.O.S.? ""Titanic."""
m155,panic room,conv_22258,MEG,SARAH,f,f,2,6,1,0.1667,1,"Got him! Come on, come on..."
m155,panic room,conv_22259,MEG,SARAH,f,f,2,8,0,0.0,0,We're never getting out of here. Shhh...
m155,panic room,conv_22260,MEG,SARAH,f,f,3,15,1,0.0667,0,"Do it. Yeah, but where's the third guy? Not in the bedroom.  Do it!"
m155,panic room,conv_22261,MEG,SARAH,f,f,3,16,0,0.0,0,"If it looks like I can't get back, just close the door. No. Close it!"
m155,panic room,conv_22262,MEG,SARAH,f,f,2,9,0,0.0,0,"What are you doing? I saw something, I saw..."
m155,panic room,conv_22263,MEG,SARAH,f,f,3,23,0,0.0,0,"Strip 'em, expose the ends, try blue first, blue is phones! Blue is phones? Yes, no, I don't know, do 'em all!"
m155,panic room,conv_22264,MEG,SARAH,f,f,2,4,1,0.25,1,Call Dad! On it!
m155,panic room,conv_22265,MEG,SARAH,f,f,9,87,9,0.1034,1,"He'll do something. Uh uh. He'll know we're in trouble.  He heard me, I said ""There are three..."" He won't even know who it was. What would you think, in the middle of the night?  I mean, three what, three bears?  He'll call the police. Stop it. He's just across the park, this is why we got places so close to each other, in case we needed each other, we're still a family, he'll help us... He -- He WILL."
m155,panic room,conv_22266,MEG,SARAH,f,f,6,20,0,0.0,0,I'm sorry. I'm sorry. Why? I was trying not to tell you... What? I'm dizzy and thirsty.
m155,panic room,conv_22267,MEG,SARAH,f,f,8,96,0,0.0,0,"Okay, listen, honey, you went double digit here, you must have been shooting out adrenaline like crazy, we gotta bring your blood sugar back up, okay?  Can you hear me? I'm dizzy, not deaf. Hey, she's still a smart ass, excellent sign.  Did you see any sugar in here?  Any candy bars, anything sweet? Huh uh. Okay, you just gotta calm yourself down, that's all, just stay calm and your adrenaline will go back to normal and you'll be fine. What if I keep dropping? Not an option. What if I do?"
m155,panic room,conv_22268,MEG,SARAH,f,f,2,22,0,0.0,0,"What if I spazz out? No biggie, we've been through it a dozen times, I just jab you with the Glucogen."
m155,panic room,conv_22269,MEG,SARAH,f,f,5,42,0,0.0,0,"Where is the Glucogen? Oh, you know, it's uh... it's in the little fridge in your room. I'm sorry, Mom. Hey, quit apologizing, you're starting to sound like Grandma. You're not gonna have an attack. Okay? Okay."
m162,pleasantville,conv_23090,BETTY,JENNIFER,f,f,2,14,0,0.0,0,I just love you in that sweater Mary-Sue. It's so flattering. Thanks.
m162,pleasantville,conv_23091,BETTY,JENNIFER,f,f,3,32,0,0.0,0,I put blueberries in them just the way you like. Actually--I'm not real ... hungry. Oh nonsense young lady. You're going to start your day with a nice big breakfast.
m162,pleasantville,conv_23092,BETTY,JENNIFER,f,f,2,3,0,0.0,0,Mary Sue? Yeah?
m162,pleasantville,conv_23093,BETTY,JENNIFER,f,f,2,7,0,0.0,0,Can I ask you a question? Sure.
m162,pleasantville,conv_23094,BETTY,JENNIFER,f,f,4,39,0,0.0,0,"What goes on up at Lover's Lane? What do you mean? Well, you hear all these things lately. You know--kids spending so much time up there ...  Is it holding hands? That kind of thing? Yeah ...  That--and ..."
m162,pleasantville,conv_23095,BETTY,JENNIFER,f,f,5,12,0,0.0,0,What? It doesn't matter. No. I want to know. ... Sex. Ah.
m162,pleasantville,conv_23096,BETTY,JENNIFER,f,f,3,9,0,0.0,0,You sure you want to know this? Yes. Okay.
m162,pleasantville,conv_23097,BETTY,JENNIFER,f,f,3,15,1,0.0667,0,Yes ...  It's just that ... What? Well ...  ... Your father would never do anything like that.
m163,punch-drunk love,conv_23394,ELIZABETH,LENA,f,f,2,26,3,0.1154,1,"He's wearing a suit again, I don't know why he's wearing a suit, he doesn't usually dress like that -- It's fine."
m163,punch-drunk love,conv_23395,ELIZABETH,LENA,f,f,2,17,0,0.0,0,It's ok. That's alright. Are you learning how to play the piano? What is that?
m163,punch-drunk love,conv_23396,ELIZABETH,LENA,f,f,8,90,5,0.0556,0,"I'll go pay for my car. Are you sure? Yeah. He's being weird, I'm sorry. I have no idea why he's being weird and dressed in a suit -- It's not bad, it's ok. -- he's so strange I don't know if you really even would want to go out with him, someone like him, I said I'd try, but it's just -- It's ok, it's alright. I'll come right back, I'll just go pay for my car. Sorry."
m163,punch-drunk love,conv_23397,ELIZABETH,LENA,f,f,2,16,0,0.0,0,"We should be going -- Yeah, no, I have to get something from my car, I said."
m163,punch-drunk love,conv_23398,ELIZABETH,LENA,f,f,3,36,0,0.0,0,"I can't find that thing in my car, I can't find it so I'll just get it and give it to you later. So? You ready? Are you coming to eat with us?"
m163,punch-drunk love,conv_23399,ELIZABETH,LENA,f,f,3,32,2,0.0625,0,"Are you ready? Will you call me later to talk about asking Walter for the shrink? And we can talk about - he said you have this crying problem or something? Bye, Barry."
m163,punch-drunk love,conv_23400,ELIZABETH,LENA,f,f,2,9,0,0.0,0,So I'll meet you at the restaraunt? Ok.
m163,punch-drunk love,conv_23401,ELIZABETH,LENA,f,f,16,120,8,0.0667,0,"They need to see the new 484's to make sure it works with their OC.... Ok. What should I do about Eric? Just tell him to call me. Ok. So...did my brother call you? No. I have no idea what he's doing then. I'm sorry that didn't work out. It's fine. You wouldn't want to go out with him anyway, honestly, he's such a freak sometimes. He did seem a little strange. Well...he's not that strange, don't say that. I'm sorry. You're right. I think he's weird, but that's me. Should I call you later? I'll just see you when you get back here. Ok."
m172,scary movie 2,conv_24503,ALEX,CINDY,f,f,5,238,14,0.0588,0,"Are you okay? Yeah, I'm fine. I just broke up with my boyfriend, that's all. That's always tough. How long were you together? Well, we never made it official, so I guess we were technically never really boyfriend and girlfriend, but I was seeing him in school. I saw him at the mall about six months ago and I was too nervous to introduce myself so I followed him to his car, and jotted down the license plate number. It was registered to his mother, so I went to her house. She was so nice. I mean, she seemed like she would be nice 'cuz I never really spoke to her. I just waited til she went to work then I climbed in through her window and borrowed her phone book. I say borrowed because I'm going to give it back one day. But anyway, I called everyone in it til I found her son. He wasn't home when I called so I left this message how much in love I was with him. I was, and how I wanted to have his children. Just really opening up, and he never called back. I'd call and call, and anyway, six months and two restraining orders later I just decided I deserved better. What about you? Do you have a boyfriend? No, I haven't dated in a while. My last boyfriend's..."
m172,scary movie 2,conv_24504,ALEX,CINDY,f,f,4,53,4,0.0755,0,"Brenda was right. There's more to the story than the Professor told us. I found a secret room. It had all these news clippings about Hugh Kane. He was a very evil man. Ah, they just don't know you the way I do. I found a picture of his wife. Wife?!"
m172,scary movie 2,conv_24505,ALEX,CINDY,f,f,3,33,2,0.0606,0,"Oh, he was a widower. Why didn't you say that?...  Don't worry, sweetie, I can whip up a new batch in a flash. I think he wants me. Ha! Right bitch!"
m172,scary movie 2,conv_24506,ALEX,CINDY,f,f,3,30,1,0.0333,0,"No, I won't let you do it. Alex, what are you doing? Shut up, you slut. You think you can take him from me? Well, over my dead body."
m172,scary movie 2,conv_24507,ALEX,BRENDA,f,f,3,65,0,0.0,0,"Hey, Brenda. Do I know you? Well, actually, we've never met officially, but I bumped into you at the cafeteria and you were so sweet. I said, ""I'm sorry,"" and you said, ""Watch it, white bitch, or I'll put my size eight in your ass."" I thought how cool. I wear a size eight, too. Anyway, this is my best friend, Cindy."
m172,scary movie 2,conv_24508,ALEX,BRENDA,f,f,4,32,0,0.0,0,"Me, too. 101? In room ""302"" at ten o'clock? That's it. Oh, this is too much. I'm gonna have to play these numbers. Remind me to pick up a Lotto ticket."
m172,scary movie 2,conv_24509,ALEX,THEO,f,f,4,42,0,0.0,0,"And remember that trip we took to Africa? That safari was so wonderful. Me, you... best of friends... forever. Uh, Alex, we've only know each other one day. Oh... I guess I'll die now. Okay... maybe that would be best."
m172,scary movie 2,conv_24510,ALEX,THEO,f,f,2,13,0,0.0,0,"Oh, remember that time I got my training bra and you -- Never happened!"
m172,scary movie 2,conv_24511,ALEX,THEO,f,f,2,10,0,0.0,0,My favorite memory was when we -- Would you die already?!
m172,scary movie 2,conv_24512,BRENDA,CINDY,f,f,9,80,0,0.0,0,"We already know each other. Hey, Brenda. Hey, Cindy. Your friend needs help. Actually, I just met her. This is Alex. Oh my god. Madam Elsa, my psychic, told me I would meet somebody whose name starts with a letter of the alphabet today. Really? That's amazing. Hey girl, that jacket is slamming. Thanks. You better be careful. I heard some girl got her ass whooped and jacket stolen earlier today.  Hey, what class do we have next? Psychology."
m172,scary movie 2,conv_24513,BRENDA,CINDY,f,f,3,18,0,0.0,0,"Ouch!! Brenda, are you okay? Come sit. No, you don't understand. It's here in these statues..."
m172,scary movie 2,conv_24514,BRENDA,CINDY,f,f,2,18,0,0.0,0,"Help! Now, why that bitch gotta bring that shit this way? I hope she didn't see me."
m172,scary movie 2,conv_24515,BRENDA,CINDY,f,f,2,20,0,0.0,0,"Oh my God! We're dead! It would've just been you, if you would've kept your mouth shut."
m172,scary movie 2,conv_24516,BRENDA,CINDY,f,f,2,9,0,0.0,0,"It's coming! What?! What is it, a monster?!"
m172,scary movie 2,conv_24517,BRENDA,CINDY,f,f,2,11,0,0.0,0,"Hey, look, I'm Wilma Flintstone. Hey, I have an idea..."
m172,scary movie 2,conv_24518,BRENDA,CINDY,f,f,2,11,1,0.0909,0,"Oh my God, the ghost has Buddy! Brenda do something! Okay."
m172,scary movie 2,conv_24519,BRENDA,CINDY,f,f,2,15,2,0.1333,1,"Cindy, what's going on? It's Hanson, he's evil. Let's get him!"
m172,scary movie 2,conv_24553,CINDY,THEO,f,f,3,14,0,0.0,0,Are you okay? I think so. Come on. We better get you cleaned up.
m172,scary movie 2,conv_24554,CINDY,THEO,f,f,2,24,0,0.0,0,"No, I just heard the commotion, and when I got there I guess it was gone. What, you think I did this to myself?"
m172,scary movie 2,conv_24555,CINDY,THEO,f,f,2,17,0,0.0,0,"Good-night, Cin. I'll be next door if you need me. Thanks, I'll be fine."
m172,scary movie 2,conv_24556,CINDY,THEO,f,f,3,18,1,0.0556,0,"Okay, I get the point. So, whatever happened to her? She killed herself a week before he died."
m172,scary movie 2,conv_24557,CINDY,THEO,f,f,3,16,1,0.0625,0,"Let her go, Cin. But he'll kill her! That means more screen time for us."
m173,serial mom,conv_24719,DOTTIE,MOM,f,f,9,47,0,0.0,0,"Hello. Is this the Cocksucker residence? Goddamn you! STOP CALLING HERE! Isn't this 4215 Pussy Way? You bitch! Let me check the zip - 212 Fuck you? The police are tracing your call right this minute. Well, Dottie, how come they're not here then, Fuck-Face? FUCK YOU!"
m173,serial mom,conv_24720,DOTTIE,MOM,f,f,5,51,0,0.0,0,"FUCK YOU TOO, YOU ROTTEN WHORE!! I beg your pardon? Who is this? Mrs. Wilson from the telephone company. I understand you're having problems with obscene calls. Yes, I am... I'm sorry Mrs. Wilson... It's driving me crazy... I've changed my number twice already... Please help me!"
m173,serial mom,conv_24721,DOTTIE,MOM,f,f,2,22,0,0.0,0,What exactly does this sick individual say to you? I can't say it out loud. I don't use bad language.
m173,serial mom,conv_24722,DOTTIE,MOM,f,f,4,32,0,0.0,0,"I know it's hard but we need the exact words. Alright, I'll try...  ""Cocksucker"". That's what she calls me. Listen to your dirty mouth, you fucking whore! GODDAMN YOU!"
m173,serial mom,conv_24723,DOTTIE,MOM,f,f,2,2,0,0.0,0,MOTHERFUCKER!! COCKSUCKER!
m173,serial mom,conv_24724,DOTTIE,MOM,f,f,3,24,0,0.0,0,"Just a half-a-cup.  Hello, Dottie. I'm so sorry to hear of your troubles... It's not fair!! Are those pussy-willows?"
m173,serial mom,conv_24725,DOTTIE,MOM,f,f,2,8,0,0.0,0,"What did you just say? PUSSY-willows, Dottie!"
m173,serial mom,conv_24726,DOTTIE,MOM,f,f,2,11,0,0.0,0,Dottie! Watch what you're doing! I didn't do it!
m173,serial mom,conv_24727,DOTTIE,MOM,f,f,2,53,0,0.0,0,"And we're going right to the flea market to get another one! Misty tells me there's a whole booth of Franklin Mint stuff. Dottie, you lock up.  I'll take care of poor Rosemary! But... but... she... Rosemary, I heard her voice! It's her, I tell you, IT'S HER!"
m173,serial mom,conv_24728,DOTTIE,MOM,f,f,6,58,0,0.0,0,"Mrs. Hinkle... do you drink? No, I don't. So you weren't drunk when you received those alleged obscene phonecalls? I certainly was not! You mean to tell me the day I came over to Mrs. Ackerman's... the day you claim you recognized my voice... you weren't drinking? One beer with lunch is hardly ""drinking""."
m173,serial mom,conv_24729,DOTTIE,MOM,f,f,3,16,0,0.0,0,So you do drink? Socially... I'll have a beer. So you admit you just lied?
m173,serial mom,conv_24730,DOTTIE,MOM,f,f,3,25,0,0.0,0,"Did you see her?! She just said ""Fuck you"" to me! Let the record show I'm just standing here. FUCK YOU TOO, YOU WHORE!"
m173,serial mom,conv_24731,DOTTIE,MOM,f,f,2,12,0,0.0,0,"Mrs. Hinkle, are you insane? NO I'M NOT, YOU MOTHER-FUCKER!"
m173,serial mom,conv_24735,MISTY,MOM,f,f,6,43,0,0.0,0,"Who wants fruit salad? I do, please. That's not gum in your mouth, is it? It's sugarless. You know how I hate gum, Misty. All that chomping and cheesing... Sorry, Mom. Thanks.  Hey, Chip, think I could get 50c for Vanilla Ice."
m173,serial mom,conv_24736,MISTY,MOM,f,f,2,17,1,0.0588,0,And who may I ask is Carl? Just a boy. He's picking me up this morning.
m173,serial mom,conv_24737,MISTY,MOM,f,f,2,9,1,0.1111,1,"He killed people, Mom. We all have bad nights."
m173,serial mom,conv_24738,MISTY,MOM,f,f,2,40,1,0.025,0,"Yummy. Carl says if I lose ten pounds, he'll take me to the University of Maryland Fall Mixer. Misty, if you want to lose weight go ahead, but do it for yourself, not for some boy you barely know."
m173,serial mom,conv_24739,MISTY,MOM,f,f,2,17,0,0.0,0,"I'm stoodup! I'll kill that bastard! Don't say words unless you mean them, Misty."
m173,serial mom,conv_24740,MISTY,MOM,f,f,2,11,1,0.0909,0,"It's him! No, honey, it's the police.  Hello, officers."
m173,serial mom,conv_24741,MISTY,MOM,f,f,2,16,0,0.0,0,Damn these yellow-jackets! I hate 'em! Always something isn't it?  Can I help you?
m173,serial mom,conv_24742,MISTY,MOM,f,f,2,16,0,0.0,0,"It's just not your day, is it Rosemary? Watch the booth! I'll be back!"
m173,serial mom,conv_24743,MISTY,MOM,f,f,4,42,2,0.0476,0,"0h, that's horrible, honey.  I sold the Pee-Wee Herman doll!! Mother! Did you hear me?! Someone murdered Carl in the mensroom! I saw his dead body! You got your wish. But...  I didn't wish... I didn't want him DEAD!"
m173,serial mom,conv_24744,MOM,MRS. ACKERMAN,f,f,3,24,0,0.0,0,"Beverly, are you alright? Rosemary, honey. Good morning. I'm fine.  Thanks for remembering. It's the least I could do.  I heard shouting."
m173,serial mom,conv_24745,MOM,MRS. ACKERMAN,f,f,3,41,0,0.0,0,"Just the damn cable TV company. You know how they are. Did you hear about Dottie Hinkle? Yes, I did. It's terrifying! The police were at my house this morning. Who on earth would want to harass poor Dottie Hinkle?"
m173,serial mom,conv_24746,MOM,MRS. ACKERMAN,f,f,2,21,0,0.0,0,"That's like your car, Beverly, I'm not that bad a driver.  Look at her hair!  Turn it off, honey."
m173,serial mom,conv_24747,MOM,MRS. ACKERMAN,f,f,4,37,0,0.0,0,"Did you find your Franklin Mint egg, Rosemary darling? I saw one, but it was ridiculously overpriced! You want me to keep that under the table for you? If you wouldn't mind...  It was on sale."
m173,serial mom,conv_24748,MOM,MRS. ACKERMAN,f,f,2,15,0,0.0,0,"Beverly, honey, you've got some...  ...do-do on your shoe. Ewwww!  Thank you, Rosemary."
m173,serial mom,conv_24749,MOM,MRS. ACKERMAN,f,f,6,48,1,0.0208,0,"Mrs. Ackerman, when you left me at the flea-market, where did you go? ...Browsing. Did Carl Padgett buy something you wanted? I didn't want that Faberge egg - it was chipped! Carl Padgett died for the Franklin Mint, didn't he?! NO! I could never hurt anyone!"
m173,serial mom,conv_24750,MOM,MRS. ACKERMAN,f,f,6,53,0,0.0,0,"That was your People magazine with the letters cut out, wasn't it? Yes, but I lent it... And those were your scissors found sticking out of Mrs. Sterner's stomach, weren't they? Yes... but... I didn't... Mrs. Ackerman, do you recycle? No...  I don't have room in my kitchen..."
m174,the seventh victim,conv_24783,FRANCES,MARY,f,f,5,41,0,0.0,0,"Why, Mary -- Hello, Frances. How's Miss Jacqueline? I don't know. That's why I came to see Mrs. Redi. I'm trying to find her. You mean Miss Jacqueline's gone, and you don't know where she is?"
m174,the seventh victim,conv_24784,FRANCES,MARY,f,f,8,139,0,0.0,0,"I don't get this. Miss Jacqueline was always so fond of you -- she was always talking about you - had your picture in her office. I know. For the first time I'm beginning to be frightened. I almost feel as if I'd never known my sister. Nothing's happened to her. It's just that I can't understand her not getting in touch with you. I can't understand it at all. Well, don't worry. I saw Miss Jacqueline only a week ago. I saw her at a little restaurant the boy friend took me to -- an Italian place down in the Village -	""The Dante."" ""The Dante?"" It's on Peary Street. Just ask the people who run it. They'll remember her.  People who see Miss Jacqueline never forget her. I'll try there."
m174,the seventh victim,conv_24785,FRANCES,MARY,f,f,8,83,0,0.0,0,"I can't see much fun in teaching school. Why don't you go into the beauty business. But I like teaching school. Well, if it's fun for you, it's all right. I get a kick out of my work when the customers aren't too crabby. Is Mrs. Redi nice to work for? Redi's all right. She seems rather an odd woman to me. She's a pretty good sort. What does she do with herself after business hours?"
m174,the seventh victim,conv_24786,FRANCES,MARY,f,f,2,17,0,0.0,0,It always seemed to me she was sort of lonely and unhappy. I guess most people are.
m174,the seventh victim,conv_24787,FRANCES,MARY,f,f,2,13,0,0.0,0,"The tip is, anyhow. I like to work on your hair. Thank you."
m174,the seventh victim,conv_24788,FRANCES,MARY,f,f,3,14,0,0.0,0,"Do you know what this is, Frances? I ought to know. What is it?"
m174,the seventh victim,conv_24789,FRANCES,MRS. REDI,f,f,11,77,0,0.0,0,"What did she want? I did her hair. What were you talking about? Nothing. Nothing! That's absurd. I heard you laughing and talking, She was asking questions. She was just asking about you - Whether it was nice to work for you or not. And that was all? No. She asked about the trademark. What did she want to know? She showed me a drawing. You	fool! That symbol is us -- us. She was asking about us."
m174,the seventh victim,conv_24790,FRANCES,MRS. REDI,f,f,2,9,0,0.0,0,"Some of us, Frances, must believe without understanding. Yes."
m174,the seventh victim,conv_24819,JACQUELINE,MIMI,f,f,6,58,0,0.0,0,"Who are you? I'm Mimi -- I'm dying. No! Yes. It's been quiet, oh ever so quiet. I hardly move, yet it keeps coming all the time -closer and closer. I rest and rest and yet I am dying. And you don't want to die. I've always wanted to die -- always. I'm afraid."
m174,the seventh victim,conv_24820,JACQUELINE,MIMI,f,f,6,39,0,0.0,0,"I'm tired of being afraid - of waiting. Why wait? I'm not going to wait. I'm going out -- laugh, dance --do all the things I used to do. And then? I don't know. You will die."
m174,the seventh victim,conv_24821,JACQUELINE,MARY,f,f,2,20,0,0.0,0,"Please, Jacqueline. You know about the Palladists -- you know who they are -- what they are. I was one of them."
m174,the seventh victim,conv_24822,JACQUELINE,MARY,f,f,4,35,0,0.0,0,"Good-bye, darling. I'll only be gone until three. Good-bye. If you get lonely, go down and see Mrs. Romari. I told her you were staying with me. I won't get lonely."
m174,the seventh victim,conv_24823,JACQUELINE,MARY,f,f,2,6,0,0.0,0,You'll be all right? Yes.
m174,the seventh victim,conv_24874,MARY,MRS. REDI,f,f,2,17,0,0.0,0,But you must know someone who has seen or heard of my sister. I'm afraid not.
m174,the seventh victim,conv_24875,MARY,MRS. REDI,f,f,4,74,0,0.0,0,"Mrs. Redi, there's one thing -with Jacqueline gone, how do you carry on the business? What do you do with the receipts? How do you sign checks--? Mary, I'm amazed. Didn't Jacqueline tell you? She sold the business to me at least eight months ago. It's my business now. I didn't know. Yes  and I must say I've done very well with it -- perhaps even better than Jacqueline."
m174,the seventh victim,conv_24876,MARY,MRS. REDI,f,f,4,49,0,0.0,0,"There's nothing you can think of -- old letters, anything, that might give me some hint as to where I might find Jacqueline? Leave me your address, and if I find anything, I'll get in touch with you. I'm stopping at the Chatsworth. Thank you, my dear."
m174,the seventh victim,conv_24877,MARY,MRS. REDI,f,f,2,8,0,0.0,0,I'm afraid not. That's too bad.
m174,the seventh victim,conv_24878,MARY,MRS. REDI,f,f,4,24,0,0.0,0,"Yes. This is Mrs. Redi, Mary. I'll be out in a minute. That won't be necessary. I haven't much to say."
m174,the seventh victim,conv_24879,MARY,MRS. REDI,f,f,3,37,0,0.0,0,"If I were you, Mary -- I'd go back to school. I'd make no further attempt to find Jacqueline. Why? It will make you unhappy to find Jacqueline. It would put her in danger --- great danger --"
m174,the seventh victim,conv_24880,MARY,MRS. REDI,f,f,5,116,3,0.0259,0,"I can almost feel your doubt about what I'm saying, Mary. I can't give up looking for her, Mrs. Redi, no matter what you're hinting at. I have no intention whatsoever of hinting. Your sister, Mary, is a murderess. She killed Irving August -- stabbed him out of fright when he discovered where she was hiding. I don't believe it. I had to help get rid of the body. You saw it on the subway. And I warn you, Mary -- go back -- you don't know what you're doing, or what dreadful things you might bring about by looking for your sister. You go back to school - - go back and forget Jacqueline."
m174,the seventh victim,conv_24881,MARY,MRS. ROMARI,f,f,2,15,0,0.0,0,Once you'd seen my sister you'd never forget her. Giacomo -- la bellisslina madonna -
m174,the seventh victim,conv_24882,MARY,MRS. ROMARI,f,f,4,95,1,0.0105,0,"Yes  yes, if she made that much impression on you, I'm sure it was Jacqueline. She's not been here for a long time. But she was here? Oh yes, yes. One day a beautiful car comes here. This beautiful lady in furs gets out. There is a handsome man with her, and the chauffeur  The lady rents one of our upstairs rooms. The chauffeur changes the lock on the door. Then the lady never comes back --not to live, anyhow. She came back three, four times, but always alone and just to eat."
m174,the seventh victim,conv_24883,MARY,MRS. ROMARI,f,f,3,42,0,0.0,0,"You mean she just came here, rented the room, locked it, and left? Yes -- and pays the rent every month. Could you let me see that room? If it is hers, there might be something there to help me find my sister."
m174,the seventh victim,conv_24884,MARY,MRS. LOWOOD,f,f,3,22,0,0.0,0,"Your sister - - have you heard from her lately? No, Mrs. Lowood, she doesn't write often. Have you any other relatives, Mary?"
m174,the seventh victim,conv_24885,MARY,MRS. LOWOOD,f,f,6,81,0,0.0,0,"That makes it all the more difficult  Difficult? Has anything happened to Jacqueline? We don't know, Mary. We've been unable to get in touch with your sister. Sometimes she can be quite careless. Why don't you try Mrs. Redi? I have written repeatedly to Mrs. Redi. She vouchsafes no information whatsoever.  It is six months since your tuition has been paid, Mary. Naturally, it is impossible for you to stay on here as a paying pupil. Of course."
m174,the seventh victim,conv_24886,MARY,MRS. LOWOOD,f,f,2,78,0,0.0,0,"But, Mrs. Lowood, I can't just stay here not knowing what's happened to my sister. Maybe if I went to New York -- if I saw Mrs. Redi myself -- I doubt if you'll get anything out of that woman. But if  you'd like to try, I'll advance you the money to make the trip to New York. Of course, my dear, if you don't find your sister, you can always come back here."
m174,the seventh victim,conv_24897,MRS. CORTEZ,MRS. REDI,f,f,2,14,0,0.0,0,"I'm sorry to be late, Natalie. We haven't even begun tea yet."
m174,the seventh victim,conv_24898,MRS. CORTEZ,MRS. REDI,f,f,3,33,0,0.0,0,Sorry. I'm nervous. This is very trying for me. I know. You introduced Jacqueline to us -- but how could you tell - I should have known. She had no sincerity - no real belief.
m174,the seventh victim,conv_24899,MRS. CORTEZ,MRS. REDI,f,f,2,44,0,0.0,0,"Jacqueline, you have spoken so often of ending it all, I can't understand why this should be so difficult for you. You have only to drink a little. Yes, Jacqueline. You were always talking suicide - - of ending your life when you wanted to."
m174,the seventh victim,conv_24900,MRS. CORTEZ,MRS. REDI,f,f,2,20,0,0.0,0,"You have only to stretch out your hand, take up the glass and drink a little. It won't hurt."
m175,"sex, lies, and videotape",conv_24988,ANN,CYNTHIA,f,f,3,60,10,0.1667,1,"I don't know. He went to school here, then he was in New York for awhile, then Philadelphia, and then just kind of travelling around. Must be nice. So, what's he like, is he like John? No, not at all. Actually, I don't think John likes him much anymore. He said he thought Graham had gotten strange."
m175,"sex, lies, and videotape",conv_24989,ANN,CYNTHIA,f,f,7,75,8,0.1067,1,"Is he? Strange, I mean? Not really. Maybe if I just saw him on the street I'd have said that, but after talking to him... he's just kind of... I don't know, unusual. Uh-huh. So what's he look like? Why? I just want to know what he looks like, is all. Why, so you can go after him? Jesus, Ann, get a life. I just asked what he looked like."
m175,"sex, lies, and videotape",conv_24990,ANN,CYNTHIA,f,f,24,262,12,0.0458,0,"Besides, even if I decided to fuck his brains out, what business is that of yours? Do you have to say that? What? You know what. You say it just to irritate me. I say it because it's descriptive. Well, he doesn't strike me as the kind of person that would go in for that sort of thing, anyway. Ann, you always underestimate me. Well, I wonder why. I think you're afraid to put the two of us in the same room together. I think you're afraid he'll be undeniably drawn to me. Oh, for God's sake. Really, Cynthia, really, I don't think he's your type. ""My type""? What is this bullshit? How would you know what ""my type"" is? I have a pretty good idea. Ann, you don't have a clue. Look, I don't even know why we're discussing this, I'll just call him myself. He doesn't have a phone. Well, I'll call him when he does. But he won't. What are you talking about? He's not getting a phone, he doesn't like talking on the phone. Oh, please. Okay, so give me the Zen master's address, I'll think of a reason to stop by. Let me talk to him first. Why? Just give me the address, you won't even have to be involved. I don't feel right just giving you the address so that you can go over there and... And what? And... do whatever it is you do."
m175,"sex, lies, and videotape",conv_24991,ANN,CYNTHIA,f,f,13,122,0,0.0,0,"Lose something? That goddam diamond stud earring that cost me a fucking fortune. Are you getting Mom something for her birthday? I don't know, I'll get her a card or something. A card? For her fiftieth birthday? What's wrong with that? Don't you think she deserves a little more than a card? I mean, the woman gave birth to you. It's her fiftieth birthday -- Will you stop? Jesus. I just thought it might -- Okay, Ann, okay. How about this: you buy her something nice, and I'll pay for half. All right? Fine. Good. Now, if you'll pardon me, I have to go to work. I was thinking maybe I shouldn't be in therapy anymore."
m175,"sex, lies, and videotape",conv_24992,ANN,CYNTHIA,f,f,17,137,10,0.073,0,"I don't... he doesn't want you to come over. What do you mean he doesn't want me to come over? Did you tell him about me? No, I didn't. Why not? Because I never got around to it. Well, why? Because. Cynthia, look, John was right. Graham is strange. Very strange. You don't want to get involved with him. What the hell happened over there? Did he make a pass at you? No! Then what's the story, what's this ""strange"" bullshit all of a sudden? Is he drowning puppies, or what? No, it's nothing like that. Well, what? Is he dangerous? No, he's not dangerous. Not physically. Well, what, then? I don't want to talk about it. Then why'd you call me? I don't know."
m175,"sex, lies, and videotape",conv_24993,ANN,CYNTHIA,f,f,4,19,2,0.1053,1,"He just asked me questions. What kinds of questions? Questions about sex. Well, like what did he ask, exactly?"
m175,"sex, lies, and videotape",conv_24994,ANN,CYNTHIA,f,f,4,42,1,0.0238,0,"Well, like, I don't want to tell you, exactly. Oh, so you'll let a total stranger record your sexual life on tape, but you won't tell your own sister? Apparently. Did he ask you to take your clothes off?"
m175,"sex, lies, and videotape",conv_24995,ANN,CYNTHIA,f,f,14,90,6,0.0667,0,"Yes, I did. Cynthia! What!? Why did you do that? Because I wanted to. But why did you want to? I wanted him to see me. Cynthia, who knows where that tape may end up? He could be... bouncing it off some satellite or something. Some horny old men in South America or something could be watching it. He wouldn't do that. You don't know that for sure. Well, it's too late now, isn't it? Did he touch you? No, but I did. You touched him?"
m175,"sex, lies, and videotape",conv_24996,ANN,CYNTHIA,f,f,17,175,8,0.0457,0,"In front of him, Ann, yes. You are in trouble. Listen to you!! You sound like Mom. What are you talking about? I can't believe you did that!! Why? I mean, I couldn't do that in front of John, even. You couldn't do it, period. You know what I mean, you don't even know him! I feel like I do. That doesn't mean you do. You can't possibly trust him, he's... perverted. He's harmless. He just sits around and looks at these tapes. What's the big deal? So he's got this catalogue of women touching themselves? That doesn't make you feel weird? No. I don't think they all did what I did. You are in serious trouble. Ann, I don't understand why this freaks you out so much. You didn't do it, I did, and if it doesn't bother me, why should it bother you? I don't want to discuss it. Then why do you keep asking about it?"
m175,"sex, lies, and videotape",conv_24997,ANN,CYNTHIA,f,f,5,19,0,0.0,0,Here it is. What is it? It's a sun dress. It looks like a tablecloth. It does not.
m175,"sex, lies, and videotape",conv_24998,ANN,CYNTHIA,f,f,2,7,0,0.0,0,I was just trying to -- Hold on.
m175,"sex, lies, and videotape",conv_24999,ANN,CYNTHIA,f,f,2,11,0,0.0,0,So what's my share of the dress? Thirty-two dollars.
m175,"sex, lies, and videotape",conv_25000,ANN,CYNTHIA,f,f,2,7,0,0.0,0,Thank you. Well. I can't stay.
m175,"sex, lies, and videotape",conv_25001,ANN,CYNTHIA,f,f,2,7,0,0.0,0,Do you have my work number? No.
m175,"sex, lies, and videotape",conv_25002,ANN,CYNTHIA,f,f,2,9,0,0.0,0,I get real busy between two and four. Okay.
m175,"sex, lies, and videotape",conv_25003,ANN,CYNTHIA,f,f,2,2,0,0.0,0,Bye. Bye.
m182,the sixth sense,conv_25840,DARREN'S MOM,LYNN,f,f,5,46,2,0.0435,0,...He doesn't get invited places. It's our pleasure. The last time was a Chuck E. Cheese party a year ago. He hid in one of those purple plastic tunnels and didn't come out. Chuck E. who? Cheese. It's a kid's place.
m182,the sixth sense,conv_25841,DARREN'S MOM,LYNN,f,f,2,22,1,0.0455,0,"I work at an insurance place and at Penny's, so Cole can go to that good school. J. C. Penny's?"
m182,the sixth sense,conv_25842,DARREN'S MOM,LYNN,f,f,2,23,0,0.0,0,Good for you. I wish I could be like my momma though. She always knew what was wrong. Knew just what to say.
m184,slither,conv_25996,BRENDA,GRANT,f,f,2,16,0,0.0,0,"Megan Halesy' little sister. Shit. You're kidding me. Nope. BRENDA Brenda! GRANT Hell, you were --"
m184,slither,conv_25997,BRENDA,GRANT,f,f,3,41,0,0.0,0,"My sister Megan, she's a big fat cow. Was then, even more so now. I'd be thinking, what'd you see in her ain't in me? Shit, girl, you couldn't'a been eleven. Hell, I was game!"
m184,slither,conv_25998,BRENDA,GRANT,f,f,4,32,0,0.0,0,Who's the lucky fella? Fuck lucky. Never marry a damn half--Mexican. Already ain't. Married a gal named -- Starla Covington. Don't be ignorant. Everyone knows that. Fucking prom queen.
m184,slither,conv_25999,BRENDA,GRANT,f,f,2,7,0,0.0,0,You're lookin' awful pretty. Shut up.
m184,slither,conv_26000,BRENDA,GRANT,f,f,2,16,1,0.0625,0,Where's the old half--Mexican? Took the kids to his Mom's for the weekend.
m184,slither,conv_26001,BRENDA,GRANT,f,f,3,51,0,0.0,0,"Guess it's hard to explain how amazin' a human brain is to someone who that's all they know. What? Stuff you can never imagine. Feelings. Big thoughts. And love. Yeah. I'm inclined to parlay it into somethin' more. So, go ahead there, beautiful, and take off your shirt."
m184,slither,conv_26002,BRENDA,GRANT,f,f,2,19,0,0.0,0,"Grant? Grant, I'm hungry. I'm so fuckin' hungry I think I'm gonna die. Brought you munchies."
m184,slither,conv_26006,GRANT,STARLA,f,f,4,63,5,0.0794,0,"He's teaching environmental science, Grant. Probably wants to borrow my lesson plans from last semester. Oh yeah, that's what he wants to borrow, this guy. It's just a work thing. Work thing hell, Starla. He just wants to get in your pussy. Him and most these other ones around here. That's where their minds is at, them sick fucks."
m184,slither,conv_26007,GRANT,STARLA,f,f,3,44,0,0.0,0,"Grant, no -- I'm sorry, I'm just -- I'm not in the mood. Grant is on top of her, breathing a little too heavy. GRANT Come on, baby, it's -- I'm sorry. I don't just have some switch. Sure you do."
m184,slither,conv_26008,GRANT,STARLA,f,f,2,4,0,0.0,0,Flip. That's disrespectful.
m184,slither,conv_26009,GRANT,STARLA,f,f,4,23,0,0.0,0,"Where are you going? I'm just some big clown to you, ain't I? That's not true -- Where are you--? Out."
m184,slither,conv_26010,GRANT,STARLA,f,f,2,18,0,0.0,0,"I never danced in a towel before. Wearing white, just like on our... wedding day. I remember it."
m184,slither,conv_26011,GRANT,STARLA,f,f,2,13,0,0.0,0,Welcome home. Grant? Why are there -- did you put locks on the garage?
m184,slither,conv_26012,GRANT,STARLA,f,f,5,50,0,0.0,0,"Yeahhhh. I'm sorry. I just got so excited about... your present. My present? You're my princess, aren't you? Okay. I got a super--special birthday present for you this year. I couldn't risk you finding it, so I had to put them locks on the doors."
m184,slither,conv_26013,GRANT,STARLA,f,f,2,7,0,0.0,0,What are you doing? You're pretty.
m184,slither,conv_26014,GRANT,STARLA,f,f,2,11,0,0.0,0,"Who's that? It's just one of my students, Grant."
m184,slither,conv_26015,GRANT,STARLA,f,f,2,45,1,0.0222,0,"Grant. Oh my God. What happened to your -- ? Heh. It ain't as bad as it looks, sugarplum. Dr. Carl was just here. I had a reaction to a bee sting. He gave me a prescription. Said I should be fine, in a couple days."
m184,slither,conv_26016,GRANT,STARLA,f,f,2,14,0,0.0,0,I'll get if for you. No! No. Heh. I'll be right back.
m184,slither,conv_26017,GRANT,STARLA,f,f,4,17,0,0.0,0,"Why'd you betray me, sugarplum?! Grant, no! I loved you. I loved -- Grant, you're sick!"
m184,slither,conv_26018,KYLIE,STARLA,f,f,2,13,1,0.0769,0,But not always. I was -- He was... other stuff too. What other stuff?
m184,slither,conv_26019,KYLIE,STARLA,f,f,2,15,3,0.2,1,Now he's here. He went in Mr. Grant. Through a wound on his stomach?
m184,slither,conv_26020,KYLIE,STARLA,f,f,4,70,9,0.1286,1,"He took him over. His body. His -- his brain, everything what he knew. He's only been dumb stuff before amoeba--things, and rhino--things. He liked being human. Didn't want to change. And you said the worms are part of him. They're all linked, like one creature? When one sees you they all see you. An animal that doesn't procreate. It spreads, grows. A living disease."
m189,spider-man,conv_26516,LIZ,MAY,f,f,3,69,12,0.1739,1,"He left.  I couldn't believe it-- he just left!  It's as if he's somewhere else... I'm only getting a piece of him. When Peter was little, he loved to hide.  In closets, under the sink. He needed a secret place.  But when I'd look for him, he'd laugh... he wanted to be found. I don't think he wants me to find him."
m189,spider-man,conv_26517,LIZ,MAY,f,f,7,55,2,0.0364,0,"Maybe I was hiding.  For years, I never told Ben the one important thing. He knew. Some things you should say anyway. Even if they're not clever. Even if you've heard them a million times in every stupid pop song ever written. What if you get hurt? What if the world ends tomorrow?"
m191,star trek: generations,conv_26775,B'ETOR,LURSA,f,f,2,5,0,0.0,0,Toh-pak-cha=8A HoS qorDu.
m191,star trek: generations,conv_26776,B'ETOR,LURSA,f,f,2,16,0,0.0,0,The Captain would make a much more valuable hostage. We'll consider it a prisoner exchange.
m191,star trek: generations,conv_26777,B'ETOR,LURSA,f,f,2,6,1,0.1667,1,It's working. Where is he?
m191,star trek: generations,conv_26778,B'ETOR,LURSA,f,f,3,16,3,0.1875,1,I thought he was the Chief Engineer. He is. Then when is he going to Engineering?
m191,star trek: generations,conv_26779,B'ETOR,LURSA,f,f,2,30,4,0.1333,1,"Where is he now? I don't know. He bathed, now he is roaming the ship. He must be the only Engineer in Starfleet who does not go to Engineering!"
m191,star trek: generations,conv_26780,B'ETOR,LURSA,f,f,2,5,0,0.0,0,Target their Bridge. Full disruptors.
m202,swingers,conv_28556,CHRISTY,LISA,f,f,2,7,0,0.0,0,Always... No matter what... like splitting aces.
m202,swingers,conv_28557,CHRISTY,LISA,f,f,2,10,0,0.0,0,"Lisa works at the MGM Grand... I'm a ""Dorothy""."
m202,swingers,conv_28558,CHRISTY,LISA,f,f,2,7,0,0.0,0,Oh my God. Did you get it?
m202,swingers,conv_28559,CHRISTY,LISA,f,f,3,19,0,0.0,0,The poor thing. Six years? ...And she's with someone else. The poor thing. I'll make some coffee.
m202,swingers,conv_28560,CHRISTY,LISA,f,f,3,24,4,0.1667,1,He's so sweet. He really said that? I believe it too. He really just wants her to be happy. He is so sweet.
m204,the talented mr. ripley,conv_28960,MARGE,MEREDITH,f,f,6,99,9,0.0909,0,"Dickie? Do you know Dickie? You were at the Opera? Well, that explains -- yes I was there. I was there with Dickie. I told you! I knew it! Marge, I don't know you, so I have no right, but Dickie loves you. He's -- I think you'll find he's coming home to you. How would you know that? He told me everything. I was supposed to meet him fifteen minutes ago, so I... I'm going to go now, I think. Unless he meant us to meet -- which would be a little cruel, wouldn't it?"
m208,the birds,conv_29287,ANNIE,MELANIE,f,f,3,14,0,0.0,0,"Miss Hayworth? Yes? I'm Melanie Daniels. I'm sorry to bother you, but..."
m208,the birds,conv_29288,ANNIE,MELANIE,f,f,7,71,2,0.0282,0,Yes? The man at the post office sent me. He said you'd know the name of the little Brenner girl. Cathy? The one who lives in the white house across the bay? That's the one. Cathy Brenner. They seemed sure it was either Alice or Lois. Which is why the mail in this town never gets delivered to the right place.  Did you want to see Cathy about something?
m208,the birds,conv_29289,ANNIE,MELANIE,f,f,2,10,1,0.1,1,"Are you a friend of Mitch's? No, not really."
m208,the birds,conv_29290,ANNIE,MELANIE,f,f,7,98,0,0.0,0,"I've been wanting a cigarette for the past twenty minutes, but I couldn't convince myself to stop. This 'tilling of the soil' can get a little compulsive, you know. It's a lovely garden. Thank you. It gives me something to do with my spare time.  There's a lot of spare time in Bodega Bay.  Did you plan on staying long? No. Just a few hours. You're leaving after you see Cathy? Well... something like that.  I'm sorry. I don't mean to sound so mysterious. Actually, it's none of my business."
m208,the birds,conv_29291,ANNIE,MELANIE,f,f,5,28,2,0.0714,0,Did you drive up from San Francisco? Yes. It's a nice drive.  Is that where you met Mitch? Yes. I guess that's where everyone meets him.
m208,the birds,conv_29292,ANNIE,MELANIE,f,f,2,21,0,0.0,0,"Do I?  No, I'm an open book, I'm afraid.  Or maybe a closed one.  Pretty. What are they? Lovebirds."
m208,the birds,conv_29293,ANNIE,MELANIE,f,f,2,8,0,0.0,0,"Mmm.  Well, good luck, Miss Daniels. Thank you."
m208,the birds,conv_29294,ANNIE,MELANIE,f,f,2,11,0,0.0,0,"Oh, hi!  Did you find her all right? Yes, I did."
m208,the birds,conv_29295,ANNIE,MELANIE,f,f,6,54,0,0.0,0,"I was wondering... Yes? That sign.  Do you think I could have the room for a single night? Well, I'd really hope to rent it for... I would appreciate it. I've tried everywhere in town, and they're all full. Sure. You can have it.  Where's your bag? In the car?"
m208,the birds,conv_29296,ANNIE,MELANIE,f,f,3,41,0,0.0,0,"It's utilitarian, I'll say that for it. I just picked up some things for the night at the general store. You see, I hadn't planned on spending much time here. Yes, I know. Did something unexpected crop up?"
m208,the birds,conv_29297,ANNIE,MELANIE,f,f,2,6,0,0.0,0,Miss Daniels? Is that you? Yes.
m208,the birds,conv_29298,ANNIE,MELANIE,f,f,5,49,0,0.0,0,"Hi.  Is something wrong? Is that cut beginning to bother you? No, it's not the cut that's bothering me. Would you like some brandy? If you have some, I'd... I'll get it, sit down, Miss Daniels. Do you want a sweater or something? A quilt?"
m208,the birds,conv_29299,ANNIE,MELANIE,f,f,2,11,0,0.0,0,"No, thank you.  Won't you call me Melanie? All right."
m208,the birds,conv_29300,ANNIE,MELANIE,f,f,2,19,0,0.0,0,Thank you. It gets a little chilly here at night sometimes. Especially if you're over near the bay.
m208,the birds,conv_29301,ANNIE,MELANIE,f,f,9,80,0,0.0,0,"Or would you rather I changed the subject? I think so. How do you like our little hamlet? I despise it. Well, I don't suppose it offers much to the casual visitor. Unless you're thrilled by a collection of shacks on a hillside. It takes a while to get used to. Where are you from originally, Annie? San Francisco. How'd you happen to come here? Oh, someone invited me up for the weekend a long time ago."
m208,the birds,conv_29302,ANNIE,MELANIE,f,f,40,604,23,0.0381,0,"I guess you knew that, anyway. I suspected as much. You needn't worry. It's over and done with. A long time ago. Annie -- there's nothing between Mitch and me. Isn't there?  Maybe there isn't. Maybe there's never anything between Mitch and any girl. What do you mean? I think I'll have some of that, too.  I was seeing quite a lot of him in San Francisco, you know.  And then, one weekend, he asked me up to meet Lydia. When was this? Four years ago. Of course, that was shortly after his father died.  Things may be different now. Different? With Lydia.  Did she seem a trifle distant? A trifle. Then maybe it isn't different at all. You know, her attitude nearly drove me crazy. I simply couldn't understand it. When I got back to San Francisco I spent days trying to figure out just what I'd done to displease her. And what had you done? Nothing! I simply existed. So what was the answer? A jealous woman, right? A clinging possessive mother.  Wrong. With all due respect to Oedipus, I don't think that was the case at all. Then what was it? Lydia liked me, you see. That was the strange part of it. In fact, now that I'm no longer a threat, we're very good friends. Then why did she object to you? Because she was afraid. Afraid you'd take Mitch? Afraid I'd give Mitch. I don't understand. Afraid of any woman who'd give Mitch the only thing Lydia can give him -- love. Annie, that adds up to a jealous, possessive woman. No, I don't think so. She's not afraid of losing her son, you see.  She's only afraid of being abandoned. Someone ought to tell her she'd be gaining a daughter. She already has a daughter. What about Mitch? Didn't he have anything to say about this? I can understand his position. He went through a lot with Lydia after his father died. He didn't want to risk going through it all over again. I see. So it ended. Not immediately, of course. I went back to San Francisco, and I still saw Mitch every now and then... but we both knew it was finished. Then what are you doing here in Bodega Bay? You get straight to the point, don't you? I'm sorry. Forgive me. No, that's all right, I don't mind. I came up here for two reasons. To begin with, I was bored with my job in San Francisco. I was teaching at a private school there... well, you know, you probably went to one yourself. I did. Then you know. Little girls in brown beanies. Deadly. Here I have a life. I'll go into that classroom on Monday morning, and I'll look out at twenty- five upturned little faces, and each of them will be saying, 'Yes, please give me what you have.'  And I'll give them what I have. I haven't got very much, but I'll give them every ounce of it. To me, that's very important. It makes me want to stay alive for a long long time.  That's the first reason. And the second? I wanted to be near Mitch.  It was over, and I knew it, but I wanted to be near him, anyway.  You see, I still like him a hell of a lot. That's rare, I think. I don't want to lose his friendship... ever."
m208,the birds,conv_29303,ANNIE,MELANIE,f,f,3,47,1,0.0213,0,"He wants me to go to Cathy's party tomorrow afternoon.  I said I would. I'll be going, too, to help out. It should be fun, Melanie. It seems so pointless.  I think I'll go to sleep. This has been a busy day.  My luggage."
m208,the birds,conv_29304,ANNIE,MELANIE,f,f,6,31,0,0.0,0,"Do you think I should go? That's up to you. It's really up to Lydia, isn't it? Never mind Lydia. Do you want to go? Yes. Then go."
m208,the birds,conv_29305,ANNIE,MELANIE,f,f,3,17,2,0.1176,1,"Is anyone there? Look. Ohhh. Oh, the poor thing. He probably lost his way in the dark."
m208,the birds,conv_29306,CATHY,LYDIA,f,f,3,50,4,0.08,0,"He got a call from Dan Fawcett a little while ago. His chickens won't eat, either. It's what you said, Mom. Mr. Brinkmeyer's feed is no good. No, Cathy. He sold Mr. Fawcett a different brand.  You don't think they're getting sick, do you, Mitch?"
m208,the birds,conv_29307,CATHY,LYDIA,f,f,5,98,7,0.0714,0,"Mitch knows lots of people in San Francisco. Of course, they're mostly hoods. Cathy! Well, Mom, he's the first to admit it.  He spends half his day in the detention cells at the Hall of Justice. In a democracy, Cathy, everyone is entitled to a fair trial. Your brother's practice... Mom, please, I know all the democracy jazz. They're still hoods.  He's got a client now who shot his wife in the head six times. Six times, can you imagine it?  I mean, even twice would be overdoing it, don't you think?"
m208,the birds,conv_29308,CATHY,LYDIA,f,f,2,7,0,0.0,0,"Yes, I did. Just listen to them!"
m208,the birds,conv_29309,CATHY,LYDIA,f,f,2,6,1,0.1667,1,Mother! If your father were here...
m208,the birds,conv_29310,CATHY,LYDIA,f,f,4,18,1,0.0556,0,"Mitch, can I bring the lovebirds in here? No! Mom, they're in a cage! They're birds!"
m208,the birds,conv_29311,CATHY,LYDIA,f,f,2,7,0,0.0,0,They haven't harmed anyone. Take them.
m208,the birds,conv_29312,CATHY,MELANIE,f,f,2,3,0,0.0,0,Miss Daniels? Yes?
m208,the birds,conv_29313,CATHY,MELANIE,f,f,2,26,1,0.0385,0,"They're beautiful! They're just what I wanted! Is there a man and a woman? I can't tell which is which. Well, I suppose..."
m208,the birds,conv_29314,CATHY,MELANIE,f,f,2,15,1,0.0667,0,I still don't understand how you knew I wanted lovebirds. Your brother told me.
m208,the birds,conv_29315,CATHY,MELANIE,f,f,5,25,0,0.0,0,"Is smoking fun? Oh, I suppose so. Could I have a puff? I don't think your mother would like that. Just a little one."
m208,the birds,conv_29316,CATHY,MELANIE,f,f,11,138,5,0.0362,0,"Why, it's just like air, isn't it?  When I grow up, I'm gonna smoke like a chimney! I'll be eleven tomorrow, you know. I know. Are you coming to my party? I don't think so.  I have to get back to San Francisco. Don't you like us? Darling, of course I do! Don't you like Bodega Bay? I don't know yet. Mitch likes it very much. He comes up every weekend, you know, even though he has his own apartment in the city. He says San Francisco is just an ant hill at the foot of a bridge. I guess it does get a little hectic at times. If you do decide to come, don't say I told you about it. It's supposed to be a surprise party."
m208,the birds,conv_29325,CLERK,MELANIE,f,f,6,23,1,0.0435,0,Good morning. Morning. I wonder if you could help me. Try my best. I'm looking for a man named Mitchell Brenner. Yep.
m208,the birds,conv_29326,CLERK,MELANIE,f,f,7,22,2,0.0909,0,"Do you know him? Yep. Where does he live? Right here. Bodega Bay. Yes, but where? Right across the bay there. Where?"
m208,the birds,conv_29327,CLERK,MELANIE,f,f,28,212,1,0.0047,0,"See where I'm pointing? Yes? See them two big trees across there? Yes? And the white house? That's where the Brenners live. The Brenners? Mr. and Mrs. Brenner? Nope, just Lydia and the two kids. The two kids? Yep. Mitch and the little girl. I see. How do I get down there? Follow the road straight through town 'til it curves off on the left. That'll take you right around the bay to their front door. The front door.  Isn't there a back road I can take? Nope. That's the road. Straight through town, stay on your left, right around the bay to the front door. You see, I wanted to surprise them. Mmmm. I didn't want to come right down the road, where they could see me. Mmmm. It's a surprise, you see. Mmmmmm.  'Course, you could get yourself a boat, cut right across the bay with it. The Brenners got a little dock there you could tie up at. If that's what you wanted to do. Where would I get a boat? Down at the dock by the Tides Restaurant. Ever handled an outboard boat? Of course. D'you want me to order one for you? Thank you. What name? Daniels. Okay."
m208,the birds,conv_29328,CLERK,MELANIE,f,f,6,30,0,0.0,0,"I wonder if you could tell me... Yep? The little girl's name. The little Brenner girl? Yes. Alice, I think.  Harry, what's the little Brenner girl's name?"
m208,the birds,conv_29329,CLERK,MELANIE,f,f,9,151,0,0.0,0,"Are you sure? Well, I ain't positive, if that's what you mean. I need her exact name, you see. That case, I tell you what you do. You go straight through town 'til you see a little hotel on your left there. Not the motel, that's the other end of town. This is the hotel. Now you take a right turn there, you got that? Yes? Near the top of the hill, you'll see the school and right behind it, the church. You head for the school. Now just past the school, you'll see a little house with a red mail box. That's where Annie Hayworth lives, she's the school teacher. You ask her about the little Brenner girl. Thank you. Yep.  Could save yourself a lot of trouble. Her name's Alice for sure. Can I have the boat in about twenty minutes?"
m208,the birds,conv_29330,CLERK,MELANIE,f,f,2,9,0,0.0,0,How much for the phone calls? It's nothing.
m208,the birds,conv_29361,LYDIA,MELANIE,f,f,2,13,1,0.0769,0,"Then you knew Mitch in San Francisco, is that right? No, not exactly."
m208,the birds,conv_29362,LYDIA,MELANIE,f,f,2,26,1,0.0385,0,"If I go across to Santa Rosa I'll come onto the freeway much earlier. Yeah, and the freeway's well-lighted, isn't it, Mitch?"
m208,the birds,conv_29363,LYDIA,MELANIE,f,f,2,16,0,0.0,0,"No, it's me, Mrs. Brenner. I thought you might like some tea. Oh, thank you."
m208,the birds,conv_29364,LYDIA,MELANIE,f,f,7,45,6,0.1333,1,"Where's Mitch? Al Malone wanted him out at the Fawcett farm. Why? Didn't Al believe my story? He was calling from the farm, Mrs. Brenner. Then he saw. He must have. He sent for the Santa Rosa police. What good will they do?"
m208,the birds,conv_29365,LYDIA,MELANIE,f,f,3,12,0,0.0,0,Do you think Cathy's all right? What? Cathy. At the school.
m208,the birds,conv_29366,LYDIA,MELANIE,f,f,11,191,4,0.0209,0,"Yes, I'm sure she's fine. Do I sound foolish to you? No. I keep seeing Dan Fawcett's face.  They have such big windows at the school.  All the windows were broken. In Dan's bedroom. All the windows. Try not to think of that, Mrs. Brenner. I wish I were a stronger person. There is a long awkward silence. She sips at her tea reflectively. I lost my husband four years ago, you know.  It's odd how you depend on someone for strength, and then suddenly all the strength is gone, and you're alone.  I'd love to relax some time. I'd love to be able to sleep.  Do you think Cathy's all right? Annie's there. She'll be all right. I'm not this way, you know. Not usually. I don't fuss and fret over my children.  When Frank died...  You see, he knew the children, he really knew them. He had the knack of being able to enter into their world, of becoming a part of them. That's a rare talent. Yes. I wish I could be that way."
m208,the birds,conv_29367,LYDIA,MELANIE,f,f,18,335,16,0.0478,0,"I miss him.  You know, sometimes I wake up in the morning, and I think 'I have to make Frank's breakfast,' and I... I get up and there's a... a very good reason for getting out of bed until... until, of course, I remember.  I miss talking to him.  Cathy's a child, you know, and Mitch...  ...Mitch has his own life.  I'm glad he stayed here today. I feel safer with him here. Would you like to rest now, Mrs. Brenner. No.  No... don't go yet.  I feel as if I... I don't understand you. And I want so much to understand. Why, Mrs. Brenner? Because my son is...  My son seems to be fond of you.  And I...  I'm not quite sure how I feel about it. I really don't know if I... like you or not. Is that so important, Mrs. Brenner? You liking me? Yes, I think so. My son is important to me. I want to like any girl he chooses. And if you don't? Then I don't suppose it'll matter much to anyone but me. I think it might also matter to Mitch. Mitch has always done exactly what he wanted to do.  I'm not complaining. That's the mark of a man.  But...  You see, I... I wouldn't want to be... be left alone. I don't think I could bear being left alone.  I... forgive me. This business with the birds has me upset.  I... I don't know what I'd do if Mitch weren't here. Why don't you try to sleep now, Mrs. Brenner. I wish I were stronger.  Do you think she's all right? Do you think she's safe at the school? Would you like me to go for her? I couldn't ask you to. I don't mind, really. Would you? I'd feel so much better. I'll just clear up here, and then dress."
m208,the birds,conv_29368,LYDIA,MELANIE,f,f,3,14,0,0.0,0,That's the last of it. Did you close the door? And locked it.
m208,the birds,conv_29369,LYDIA,MELANIE,f,f,3,13,0,0.0,0,"Please don't mess me up with bandages, Mrs. Brenner. Shhhh. Shhhh. Please."
m208,the birds,conv_29426,MELANIE,MRS. MACGRUDER,f,f,3,19,0,0.0,0,"Hello, Mrs. MacGruder, have you ever seen so many gulls? Hello, Miss Daniels. What do you suppose it is?"
m208,the birds,conv_29427,MELANIE,MRS. MACGRUDER,f,f,11,161,6,0.0373,0,"I was hoping you'd be a little late, Miss Daniels.  You see, he hasn't arrived yet. You said three o'clock. I know. Oh, I know.  I've been calling all morning. Oh, you have no idea. Miss Daniels, they're so difficult to get, really they are. We get them from India, you know, when they're just little chicks, and then we have to... Well, this one won't be a chick, will he? Certainly not. Oh, no. Certainly not. This will be a full grown myna bird. Full grown. And he'll talk? Well, yes, he'll talk. Well, no, no. You'll have to teach him to talk. Yes. Yes.  Oh my, I suppose I should call them again. They said three o'clock.  Maybe it's the traffic. I'll call. Would you mind waiting? I think maybe you'd better deliver him. Let me give you my address. Oh. Oh, well, all right."
m208,the birds,conv_29428,MELANIE,MRS. MACGRUDER,f,f,2,17,0,0.0,0,"I'm sure they're on the way, though. Could I just call? Well, all right, but..."
m208,the birds,conv_29429,MELANIE,MRS. MACGRUDER,f,f,2,7,0,0.0,0,"There we are! Oh, good! Oh, wonderful."
m208,the birds,conv_29430,MELANIE,MRS. MACGRUDER,f,f,2,9,0,0.0,0,That... that... who was that? I have no idea.
m208,the birds,conv_29431,MELANIE,MRS. MACGRUDER,f,f,2,9,0,0.0,0,"Have you got a pencil? What? Oh, yes, certainly."
m208,the birds,conv_29432,MELANIE,MRS. MACGRUDER,f,f,10,191,4,0.0209,0,"They said the myna bird would be here later this afternoon. If you'd care to come back... No, you'd better send him. May I use your phone? Yes, certainly. Do you have any lovebirds? No, not in the shop. But I can order them for you. How soon? Well... well, how soon would you want them? Immediately.  Is this the Daily News? Melanie Daniels. Would you get me the city desk, please? I might be able to have them by tomorrow morning. Would that be all right? That would be just fine.  Hello, Charlie, this is Melanie. I want you to do a favor for me.  No, this is a small one.  Pressure you? Why, Charlie darling, would I try to pressure you?  Will you call the Department of Motor Vehicles for me and find out who owns this license plate? DKQ dash one seven six.  Yes, a California plate.  No, I'll stop up there in a little while. Is daddy in his office?  Oh. No, no, I don't want to break in on a meeting. Just tell him I'll see him later. Thank you, Charlie."
m208,the birds,conv_29433,MELANIE,MRS. BUNDY,f,f,3,135,0,0.0,0,"No, the birds didn't attack until the children were outside the school. Crows, I think. I don't know, Daddy. Is there a difference between crows and blackbirds? There is very definitely a difference, Miss. They're different, Daddy.  Thank you.  I think these were crows. Yes, hundreds of them. Yes, they attacked the children, attacked them.  Daddy, a little girl was sent to the hospital in Santa Rosa. Well, all right, but you act as if I'm... all right, all right.  No, I can't come home now. I just can't, Daddy. How is it there? I mean... are there birds? In the sky? But no trouble. Well, I hope...  I don't know when. I simply can't leave now. Tell Mother not to worry. All right, Daddy, good-by."
m208,the birds,conv_29434,MELANIE,MRS. BUNDY,f,f,2,29,0,0.0,0,"They're both perching birds, of course, but of quite different species. The crow is brachyrhynchos. The blackbird is cyanocephalus. Thank you.  Do you know Dan Fawcett's number?"
m208,the birds,conv_29435,MELANIE,MRS. BUNDY,f,f,2,33,0,0.0,0,"I just came from the school, madam. I don't know about their brain pans but... Birds are not aggressive creatures, Miss. They bring beauty to the world. It is mankind, rather, who..."
m208,the birds,conv_29436,MELANIE,MRS. BUNDY,f,f,2,30,1,0.0333,0,"Hello, may I speak to Mitch Brenner, please?  Yes, I'll wait. ...insist on making it difficult for life to survive on this planet. If it weren't for birds..."
m208,the birds,conv_29437,MELANIE,MRS. BUNDY,f,f,3,32,0,0.0,0,"Yes, all right, I'll wait for you. Good-by. I hardly think a few birds are going to bring about the end of the world. These weren't a few birds."
m208,the birds,conv_29438,MELANIE,MRS. BUNDY,f,f,6,46,0,0.0,0,"The gulls were after your fish, Mr. Sholes. Really, let's be logical about this. What were the crows after at the school? What do you think they were after, Miss...? Daniels. I think they were after the children. For what purpose? To...  To kill them."
m208,the birds,conv_29439,MELANIE,MRS. BUNDY,f,f,2,25,0,0.0,0,"I don't know why. I thought not. Birds have been on this planet since archaeopteryx, Miss Daniels; a hundred and twenty million years ago!"
m208,the birds,conv_29440,MELANIE,MRS. BUNDY,f,f,2,25,0,0.0,0,Doesn't it seem odd that they'd wait all that time to start a... a war against humanity? No one called it a war!
m208,the birds,conv_29441,MELANIE,MRS. BUNDY,f,f,5,95,0,0.0,0,"Have you ever seen a jay protecting a nest? I have seen jays doing everything it is conceivable for jays to do. Ornithology happens to be my avocation, Miss Daniels. You're talking about preservation of the species, a hen protecting her young. There's a vast difference between... Maybe they're all protecting the species. Maybe they're tired of being shot at and roasted in ovens and... Are you discussing gamebirds now? All birds are not gamebirds, you know. I don't know anything about birds except that they're attacking this town."
m208,the birds,conv_29442,MELANIE,MRS. BUNDY,f,f,3,44,0,0.0,0,"And what? Vultures? Hawks? Eagles? Maybe! Is it impossible? Yes. I have never known birds of different species to flock together. The very concept is unimaginable.  Why if that happened, we wouldn't have a chance. How could we possible hope to fight them?"
m215,the jacket,conv_30199,JACKIE,JEAN,f,f,3,19,1,0.0526,0,"Get your fucking hands off my daughter! Mom, he just fixed our car. Jackie, get in the car. NOW!"
m215,the jacket,conv_30200,JACKIE,JEAN,f,f,3,43,2,0.0465,0,"I'm sorry? Your face looks awfully familiar, I just can't quite place it... Mom, this is the guy that drove us home that afternoon we were stuck on the highway. The guy you yelled at for no good reason... Oh, yeah."
m215,the jacket,conv_30201,JACKIE,JEAN,f,f,3,10,0,0.0,0,"Jackie, go play in the snow. Why? Just do it."
m215,the jacket,conv_30243,JACKIE,LORENSON,f,f,6,69,7,0.1014,1,"Just a little, when we were looking up information about William's father. How did he help? It's complicated, but [looking at Starks] in a way, your father let me know how I'd get through to him. How? He just said...that I'd shock Eugene and then things would change for him. I don't understand. I still don't either, even after all these years."
m215,the jacket,conv_30244,JACKIE,LORENSON,f,f,2,58,2,0.0345,0,"Because Becker resigned after the charges brought against him by State Patient Advocacy Groups. I see you've done your homework. [Beat] Alpine Grove's undergone a lot of changes since then. At the time, we didn't have the...resources to help our patients the way we needed to. [Beat] Now, we do. And things are different."
m224,twin peaks: fire walk with me,conv_31633,DONNA,LAURA,f,f,7,78,0,0.0,0,"If I am going to get through math today, you're going to have to bring me up to speed quick. You didn't do your homework? Noooo... Okay, this test is going to be about the theorems I told you about last week. You remember the... Don't tell me now. Tell me right before the test. I won't be able to remember long enough. You graduating this year will be proof that miracles happen. Thanks."
m224,twin peaks: fire walk with me,conv_31634,DONNA,LAURA,f,f,10,110,8,0.0727,0,"James called me last night looking for you. When? The usual, 9:15. He probably wanted to drive over. Were you with Bobby? Or are you two still fighting? No, and yes. I don't know what I'm going to do about Bobby. I know he is seeing someone else and that's okay with me, and he thinks I'm seeing someone else and that's not okay with him. Are you going to tell him about that ""someone else""? I don't know what to do. You know what your problem is?  You're just too adorable... You know, I think you're right. I'm just too adorable."
m224,twin peaks: fire walk with me,conv_31635,DONNA,LAURA,f,f,2,17,0,0.0,0,"Laura Palmer, you're just too adorable. I'm just too adorable. I'm just too adorable."
m224,twin peaks: fire walk with me,conv_31636,DONNA,LAURA,f,f,7,84,6,0.0714,0,"Are you going to see James tonight? Why are you suddenly so interested in who I am going to see at night? Nighttime is my time. You're telling me, but only because you never let me in on any of it... you're not going to see Bobby, are you? Maybe. Oh god, Laura. Well, why not? Because Bobby is a loser, you said so yourself. He's a goon.  James is the one.  He loves you with that ""lasting love""... ""true love""."
m224,twin peaks: fire walk with me,conv_31637,DONNA,LAURA,f,f,3,26,3,0.1154,1,"Yes, James is very sweet. Why don't you get out your violin, Donna? Sweet? God, he's gorgeous. James is very sweet and very gorgeous."
m224,twin peaks: fire walk with me,conv_31638,DONNA,LAURA,f,f,2,41,0,0.0,0,Do you think that if you were falling in space you would slow down after a while or go faster and faster? Faster and faster. For a long time you wouldn't feel anything. Then you would burst into fire... forever.
m224,twin peaks: fire walk with me,conv_31639,DONNA,LAURA,f,f,5,35,0,0.0,0,"Maybe I better start our homework. Okay, I suppose I should go home. Call me. Sure. What do you want me to call you? Call me anything just don't call me late for dinner."
m224,twin peaks: fire walk with me,conv_31640,DONNA,LAURA,f,f,3,9,0,0.0,0,"Laura? Donna, are you my best friend? Of course..."
m224,twin peaks: fire walk with me,conv_31641,DONNA,LAURA,f,f,6,108,0,0.0,0,"What is it Laura? What's wrong? I just want a friend. Just one friend for just one minute... Laura, how about one friend for the rest of your whole life? Yes, that's what I want. Thanks D. Okay, L.  I am your friend... always. But sometimes... lately... I feel that you don't like being around me because I am so uptight.  No, I am uptight. I hate it... I don't want to be this way, but Laura I don't... I mean... I'm your friend no matter what way you are. You know, even when I think about your face I get happier."
m224,twin peaks: fire walk with me,conv_31642,DONNA,LAURA,f,f,2,10,0,0.0,0,"Do you want to talk? No, I want to smoke."
m224,twin peaks: fire walk with me,conv_31643,DONNA,LAURA,f,f,6,86,0,0.0,0,"I'm in a mess today, too.  I'm thinking about doing it with Mike. What do you think? Donna, you are such a crack up. You don't even like Mike. Is this what you are going to do to show me you are not uptight. This is about sex, not like.  Mom, Laura's here and I think I will have one of those huckleberry muffins.  You want a muffin? If I can smoke it. You want a muffin? Donna, you are a muffin."
m224,twin peaks: fire walk with me,conv_31644,DONNA,LAURA,f,f,2,7,0,0.0,0,"Goodbye, Muffin. No, you're the muffin."
m224,twin peaks: fire walk with me,conv_31645,DONNA,LAURA,f,f,3,20,0,0.0,0,"Where are you going? No place, fast.  And you're not coming. Come on, Laura. I'm your best friend."
m224,twin peaks: fire walk with me,conv_31646,DONNA,LAURA,f,f,2,23,0,0.0,0,"Isn't tonight the night you are going to do it with Mike? Laura, aren't you going to fix me a drink?"
m224,twin peaks: fire walk with me,conv_31647,DONNA,LAURA,f,f,3,10,0,0.0,0,Where are the Cookies? You mean Fred and Ginger? Dancing.
m224,twin peaks: fire walk with me,conv_31648,DONNA,LAURA,f,f,2,23,0,0.0,0,"If I had a nickel for every cigarette your mom smoked, I'd be dead. Gotta go, Donna. I'll call you tomorrow."
m224,twin peaks: fire walk with me,conv_31649,DONNA,LAURA,f,f,2,5,0,0.0,0,What are you doing? Nothing.
m224,twin peaks: fire walk with me,conv_31650,DONNA,LAURA,f,f,2,21,0,0.0,0,"No.  I don't need to take this to be your friend. YES YOU DO, DONNA. What a downer you are!!!"
m224,twin peaks: fire walk with me,conv_31651,DONNA,LAURA,f,f,3,34,0,0.0,0,"Don't ever wear my stuff, don't ever wear my stuff. Never. Okay, I won't wear your stuff... Why can't I wear your stuff? Jacques, help me get her home. NOW!"
m224,twin peaks: fire walk with me,conv_31652,DONNA,LAURA,f,f,2,13,0,0.0,0,"I won't wear your stuff.  I promise. Not you, Donna, not you."
m224,twin peaks: fire walk with me,conv_31653,DONNA,LAURA,f,f,18,159,0,0.0,0,"I can't remember anything about last night. Is there something I should remember? No, you should forget about last night. Laura, I am your friend. I know you are and you don't have to do anything crazy to prove it. You're not mad at me? No. I feel so bad. I had nightmares all night long.  They all knew you at that place. What can I tell you? How did the car get back here? WE got it back, that's all. How did I get in the house? How did I get into my bed? I can't help you there. Was I wearing something of yours and you got mad at me? All my things have me in them. I don't want you to be like me. But I love you, Laura. And I love you, too. But don't wear my stuff. Why do you do it, Laura? Cause I like it."
m224,twin peaks: fire walk with me,conv_31678,LAURA,SARAH,f,f,3,17,0,0.0,0,"Can I take the car? Sure honey, what's the hurry? I forgot my books at school."
m224,twin peaks: fire walk with me,conv_31679,LAURA,SARAH,f,f,2,2,0,0.0,0,Laura. What?
m224,twin peaks: fire walk with me,conv_31680,LAURA,SARAH,f,f,7,115,4,0.0348,0,"You lied to me about those school books. I found them upstairs on your bed. What were you doing in my room? I was looking for that blue sweater that you borrowed which I found balled up in the bottom of your closet. Now why did you lie to me? Where did you go? I had to see Bobby. I know you really don't like Bobby, but there was a problem and I didn't think you would understand. Oh, honey, you don't have to lie to me. Ever. You can tell me anything. I'll understand. I'm sorry, Mom. Now hurry, dinner's almost ready. Your father says he's starving."
m224,twin peaks: fire walk with me,conv_31681,LAURA,SARAH,f,f,2,19,0,0.0,0,"Laura, now I can't find that blue sweater. Did you take it again? Mom... what are you wearing?"
m224,twin peaks: fire walk with me,conv_31682,LAURA,SARAH,f,f,2,15,0,0.0,0,"My god, I am going to have another breakdown. God, god. Mom, take it easy."
m224,twin peaks: fire walk with me,conv_31683,LAURA,SARAH,f,f,2,11,0,0.0,0,"I hate asparagus. Sure you do, it's good for you."
m224,twin peaks: fire walk with me,conv_31684,LAURA,SARAH,f,f,4,38,3,0.0789,0,Where's Dad? Ben asked him to stay late to plan for the Norwegians. If it's okay with you I'm going to Bobby's to do my homework. It's a school night... back by nine.
m224,twin peaks: fire walk with me,conv_31685,LAURA,SARAH,f,f,2,6,0,0.0,0,"Good night, Mom. Good night, sweetheart."
m224,twin peaks: fire walk with me,conv_31708,NORMA,SHELLY,f,f,3,26,0,0.0,0,"Shelly, would you give Laura a quick hand with the ""Meals on Wheels""? I'm kind of busy, Norma. You're not busy, sweetheart, now go."
m224,twin peaks: fire walk with me,conv_31709,NORMA,SHELLY,f,f,5,50,0,0.0,0,"Laura just took off. She asked me to do the run today. Should I do it? What's with that Laura? Yeah, sure, take a look around. There's no one here anyway. You're right. There's no one here. There's no one here. Norma, are you alright?"
m224,twin peaks: fire walk with me,conv_31710,NORMA,SHELLY,f,f,3,32,1,0.0312,0,"Come back as soon as you can. If Leo comes here, he won't believe that I am out doing the ""Meals on Wheels"". Don't worry, Shelly, I'll handle Leo."
m227,new nightmare,conv_31924,DR. HEFNER,HEATHER,f,f,6,36,1,0.0278,0,"Any history of epilepsy in your family? No. Diabetes? No. Was there any trigger event?  A trauma, shock or...  You haven't shown him any of the films you make, have you?  The horror stuff? No..."
m227,new nightmare,conv_31925,DR. HEFNER,HEATHER,f,f,2,9,1,0.1111,1,Does he have to stay here over night? Absolutely.
m227,new nightmare,conv_31926,DR. HEFNER,HEATHER,f,f,2,26,3,0.1154,1,Like what? Sometimes what a child says or fantasizes will give a clue to what ails him.  Did he say anything while he was still lucid?
m227,new nightmare,conv_31927,DR. HEFNER,HEATHER,f,f,4,39,5,0.1282,1,"Ms. Langenkamp.  I'm afraid there are no evening visiting hours in Intensive Care. Is he all right? Dylan?  He's holding well.  Earlier he had some problems, he's in an oxygen tent just now... Oh my God..."
m227,new nightmare,conv_31928,DR. HEFNER,HEATHER,f,f,4,54,0,0.0,0,If these had been a few inches nearer to the wrist... What did you say you cut yourself on? It was an earthquake and it was dark.  I have no idea. These look quite fresh. They are...it happened in tonight's quake.  It happened just fifteen minutes ago. You must've felt it.
m227,new nightmare,conv_31929,DR. HEFNER,HEATHER,f,f,2,16,0,0.0,0,"Doctor... Get her back!  I've got to go in!  Get me a full anesthetic, STAT!"
m227,new nightmare,conv_31930,DR. HEFNER,HEATHER,f,f,4,63,6,0.0952,0,"Ms. Langenkamp.  I suggest you go home and get some rest.  Your son is fine. He's been taken downstairs for further testing. He was just here! He was here.  You fell asleep.  We took him.  You looked so exhausted, frankly, we didn't wake you.  Besides, the young woman, Julie, is with him.  Believe me, everything is fine. Everything is not fine!"
m227,new nightmare,conv_31931,DR. HEFNER,HEATHER,f,f,2,13,1,0.0769,0,"DO you mind... Just a quick word, Ms. Langenkamp.  For Dylan's sake."
m227,new nightmare,conv_31932,DR. HEFNER,HEATHER,f,f,3,27,1,0.037,0,"I want my kid out of here now! Very well. As soon as we gather the appropriate papers... You don't understand.  If Dylan falls asleep,then..."
m227,new nightmare,conv_31933,DR. HEFNER,HEATHER,f,f,4,47,7,0.1489,1,"No way he's going anywhere.  He's been well sedated. He doesn't have to be awake to be on his feet. What? He sleepwalks, you idiot!  He's fully capable of walking out of this hospital.  Oh my God...He thinks I've gone home..."
m227,new nightmare,conv_31979,HEATHER,JULIE,f,f,2,32,0,0.0,0,"Yeah, Julie, I'm sorry.  I just thought...there was an earthquake, I think.  Little one, but... Big truck went right by before you opened the door.  Life on the Fault Line."
m227,new nightmare,conv_31980,HEATHER,JULIE,f,f,2,10,0,0.0,0,"Heather, what is it? Dunno.  Just have this feeling today..."
m227,new nightmare,conv_31981,HEATHER,JULIE,f,f,3,40,1,0.025,0,"I'll call the cops for you.  You've got the number on the fridge, right? Thanks.  Just give them the time he called.  They're keeping a list, supposedly.  Sorry.  My nerves are so raw these days. 'S okay."
m227,new nightmare,conv_31982,HEATHER,JULIE,f,f,2,36,2,0.0556,0,"No, Rex is not going to die.  Julie, you know where the sewing stuff is, don't you? Sure.  We'll do an operation, Doctor Dylan and Doctor Julie. We'll fix him good as new."
m227,new nightmare,conv_31983,HEATHER,JULIE,f,f,2,16,1,0.0625,0,"No, I don't think that at all.  How is he? They wouldn't let me..."
m227,new nightmare,conv_31995,HEATHER,SARA,f,f,8,92,1,0.0109,0,"Yes? Heather, this is Sara Risher over at New Line.  How are you? Oh, hi.  I'm fine, Sara.  My God, a voice from the past! Really!  Listen, Heather, I won't take but a minute of your time.  It's just that we have something to propose to you, and wonder if you'd stop by the offices. Bob'd love to talk to you. Uh...sure...when? No time like the present.  The car will bring you. Now? Just take a minute.  You'll be glad you did, I bet."
m227,new nightmare,conv_31996,HEATHER,SARA,f,f,5,32,0,0.0,0,"Can I get you something to drink? Coffee'd be nice. Sounds good.  Kim, would you get Heather and me a coffee?  How you like it, Hon? Black's fine. Me too."
m229,wild at heart,conv_32335,LULA,MARIETTA,f,f,3,26,1,0.0385,0,"Mama??? You know who it was and you know you aren't, and I mean ARE NOT gonna see him EVER... End of story. Like hell."
m229,wild at heart,conv_32336,LULA,MARIETTA,f,f,15,243,7,0.0288,0,"I'm fine, mama. I just wanted to tell you not to worry. Why, how could I not worry? Not knowin' what's happenin' to you or where you are? Are you with that boy? If you mean Sailor, mama, yes I am. Are you comin' back here soon, Lula? I need you here. Need me for what, mama? I'm perfectly fine, and safe, too. You in a dance hall or somethin'? I can hear music behind you. Just a place. Really, Lula, this ain't right! Right?! Mama, was it right for you to sic Johnnie Farragut on us? How could you do that? Did you run into Johnnie in New Orleans? Lula, are you in New Orleans? No, mama, I'm in Mexico, and we're about to get on an airplane to Argentina! Argentina! Lula, you're outta your mind. Now you just tell me where you are and I'll come for you. I won't say nothin' to the police about Sailor, I promise. He can do what he wants, I don't care. Mama, I'm hangin' up this phone now. No, baby, don't! Can I send you somethin'? You runnin' low on money? I'll wire you some money if you tell me where you are. I ain't that dumb, mama. Sailor and I been on a crime spree? Knockin' off convenience stores all across the south? Ain't you read about it?"
m229,wild at heart,conv_32337,LULA,MARIETTA,f,f,4,50,0,0.0,0,"Lula? I love you, baby. I just want you to be all right. I am all right, mama. That's why I called, to let you know. I gotta go. Call me again soon? I'll be waitin' by the phone. Don't be crazy, mama. Take care of yourself."
m229,wild at heart,conv_32338,LULA,MARIETTA,f,f,2,27,3,0.1111,1,"You're comin' home, precious. Santos' gonna drive us to the San Antonio airport. Mama, Sailor's in deep trouble here. I just can't leave him."
m229,wild at heart,conv_32339,LULA,MARIETTA,f,f,15,127,5,0.0394,0,"I'm goin', mama. No way I can't go. You ain't takin' Pace, though. Course I am, mama. What time's Sailor's train get in? Six. Got any plans? Figure we'll go have supper someplace. Maybe get some barbecue out by Stateline. Sailor always liked that Havana Brown's Pig Pickin'. Well, you be careful with that boy, Lula. Sailor ain't a boy no more, mama. Don't mean him. It's Pace concerns me. Really, mama, I gotta go. What if I asked you not to? Wouldn't make any difference. What if I told you not to? Mama... if you get in the way of me and Sailor's happiness, I'll fuckin' pull your arms out by the roots."
m234,agnes of god,conv_32999,AGNES,MOTHER MIRIAM,f,f,12,49,2,0.0408,0,"Agnes, it has come to my attention that you have stopped eating. Why is this? AGNES  I've been commanded by God. He talked to you Himself? No. Through someone else? Yes. Who? I can't say. Why? She'd punish me. One of the other Sisters? No. Who?"
m234,agnes of god,conv_33000,AGNES,MOTHER MIRIAM,f,f,22,173,5,0.0289,0,"Because I'm getting fat. Oh, for Heaven's sake. I am, there's too much flesh on me. Agnes... I'm a blimp. Why does it matter whether you're fat or not... Because... ... You needn't worry about being attractive here. I do, I have to be attractive to God. He loves you the way you are. No he doesn't. He hates fat people. Who told you this? It's a sin to be fat. Why? Look at the statues, they're thin. Agnes... That's because they're suffering... suffering is beautiful, I want to be beautiful. Who tells you these things? Christ said it in the Bible, he said - suffer the little children, I want to suffer like a little child. That's not what he meant. I... I am a little child but my body keeps getting bigger and soon I... I won't be able to fit in, I... I won't be able to squeeze into Heaven. Agnes dear, Heaven is not a place where..."
m234,agnes of god,conv_33001,AGNES,MOTHER MIRIAM,f,f,14,129,1,0.0078,0,"No... I mean... I mean look at these. I've got to lose weight, I'm a blimp. Oh my dear child. God blew up the Hindenburg. He'll blow me up, that's what she said... Who? Mommy I'll get bigger and bigger every day and then I'll pop but... but if I stay little it won't happen. Your mother tells you this?... Agnes your mother is dead. But she watches... she listens. Nonsense, I'm your mother now and I want you to eat. I'm not hungry. You've got to eat something Agnes. No I don't... the host is enough. My dear, I don't think a communion wafer has the recommended daily allowance of anything. Of God. Yes, of God."
m234,agnes of god,conv_33002,AGNES,MOTHER MIRIAM,f,f,4,11,0,0.0,0,I'm being punished. Why? I don't know. Dear Jesus...
m234,agnes of god,conv_33003,AGNES,MOTHER MIRIAM,f,f,4,32,0,0.0,0,Sister Marguerite says you have been sleeping on a bare mattress Sister. Is that true? Yes Mother. Why? In the medieval days the nuns and monks would sleep in their own coffins.
m234,agnes of god,conv_33004,AGNES,MOTHER MIRIAM,f,f,11,107,0,0.0,0,"We're not in the Middle Ages, Sister. It made them holy. It made them uncomfortable. And if they didn't sleep well I'm certain the next day they were cranky as mules. Sister where are your sheets?  Do you really believe that sleeping on a bare mattress is the equivalent of sleeping in a coffin? No. Then tell me. Where are your sheets? I burnt them. Why? They were stained. How many times have I burned into your thick skull and the thick skull of your fellow novice, that menstruation is a perfectly natural process and nothing to be ashamed of. Yes, Mother. Say it!"
m234,agnes of god,conv_33005,AGNES,MOTHER MIRIAM,f,f,9,136,0,0.0,0,"A few years ago one of the Sisters came to me in tears, asking for comfort, comfort because she was too old to have any children. Not that she wanted to, but once a month she had been reminded of that possibility. It's not that... it's not that... What do you mean? It's not my time of month. Should you see a doctor? I don't know. I don't know what happened Mother, I woke up... there was blood on the sheets, but I don't know what happened.  I don't know what I did wrong, I don't know and I should be punished. For what? I don't know... I don't know... That was the beginning, the night of the conception. That's why she burnt the sheets."
m234,agnes of god,conv_33006,AGNES,MARTHA,f,f,2,16,0,0.0,0,Hello. I'm Doctor Livingston. I've been asked to talk to you. May I? Yes.
m234,agnes of god,conv_33007,AGNES,MARTHA,f,f,5,21,0,0.0,0,You have a lovely voice. No I don't. I just heard you. That wasn't me. Was it Sister Marguerite?
m234,agnes of god,conv_33008,AGNES,MARTHA,f,f,7,35,0,0.0,0,No I'm not. Hasn't anyone ever told you that before? Let's talk about something else. What would you like to talk about. I don't know. Anything... may I sit down? Yes.
m234,agnes of god,conv_33009,AGNES,MARTHA,f,f,30,123,6,0.0488,0,"First thing that comes to your mind? God!  But there's nothing to say about God. Second thing that comes to your mind. Love. Have you ever loved anyone? Yes. Who? Everyone. Well, who in particular? Right now? Uh huh. I love you. Agnes, have you ever loved another man... other than, Jesus Christ? Yes. Who? Oh, there are so many. Well do you love... do you love Father Martineau? Oh, yes! Do you think he loves you? Oh, I know he does. He's told you? No. But... when I look into his eyes, I can tell. You've been alone together? Yes. Often? At least once a week. And you like that? Oh, yes. Where do you meet? In the confessional."
m234,agnes of god,conv_33010,AGNES,MARTHA,f,f,44,273,0,0.0,0,"You want to talk about the baby don't you? Would you like to talk about it? I never saw any baby... I think they made it up. Why should they? I don't know. Do you remember the night they said it came? No. I was sick. How were you sick? Something I ate. Did it hurt? Yes. Where? Down... there. And what did you do? I went to my room. And what happened? I got sicker. And then what? I fell asleep. In the middle of all the pain? Yes. Where did the baby come from? What baby? The baby they made up. From their heads... Is that where they say it came from... ? No, they say it came from the waste paper basket! Where'd it come from before that? From God. After God... before the waste-paper basket. I... I don't understand. Agnes, how are babies born? Don't you know? Yes I do,  but I want you to... I don't understand what you're talking about... you want to talk about the baby... everybody wants to talk about the baby but... I never saw the baby so I can't talk about the baby because... I don't believe in the baby. Then let's talk about something else... No... no, I'm tired of talking, I've been talking for weeks, nobody believes me when I tell them anything... nobody listens to me. Agnes... No... no, I don't want to answer any more questions. Would you like to ask them? What do you mean? Just that... you ask and I'll answer. Anything? Anything."
m234,agnes of god,conv_33011,AGNES,MARTHA,f,f,18,84,0,0.0,0,"What's your real name? Martha Louise Livingston. Are you married? No. Would you like to be? Not at the moment, no. Do you have any children? No. Would you like some? I can't have them any more. Why not? I've stopped menstruating Why do you smoke? Does it bother you? No questions. Smoking is an obsession with me. Maybe one day I'll become obsessed with something else, then I'll stop smoking... Do you have any more questions? One. What?"
m234,agnes of god,conv_33012,AGNES,MARTHA,f,f,3,107,2,0.0187,0,"Where do you think babies come from? From their mothers and fathers of course. Before that, I... I don't know. Well I think they come from... angel lights on their mothers chest and whispers into her ear. That makes good babies start to grow. And bad babies come from when a fallen angel squeezes in down there, and they start to grow, grow, till they come out down there. I don't know where good babies come out. And you can't tell the difference... except bad babies cry a lot... and they make their fathers go away... and their mothers get very ill... die sometimes."
m234,agnes of god,conv_33013,AGNES,MARTHA,f,f,4,15,0,0.0,0,Do you know a Marie? No... do you? Why should I? I don't know.
m234,agnes of god,conv_33014,AGNES,MARTHA,f,f,4,40,0,0.0,0,You liked Sister Paul? She was kind to me. She told me I was beautiful. What else did she tell you? She said all of God's angels would want to sleep beside me if they could. I liked that.
m234,agnes of god,conv_33015,AGNES,MARTHA,f,f,9,149,0,0.0,0,"Sister Paul was in her eighties?  Did she climb up here often? No, only when she felt like it. She brought me up here last winter and the next day she died. No wonder... wait... Agnes... Agnes how do you feel about babies? Oh, they frighten me, I'm afraid I'll drop them. They have a soft spot on their heads and if you drop them so they land on their heads they become stupid. I was dropped on my head, that's why I don't understand things. Like what? Numbers... you can spend your whole life counting and never reach the end. I don't understand them either. Do you suppose I was dropped on my head? I hope not. It's a terrible thing to be dropped on your head. Oh, I've got to give up smoking. Agnes ... wait a minute... Agnes slow down."
m234,agnes of god,conv_33016,AGNES,MARTHA,f,f,2,18,0,0.0,0,"What happens if the bell rings and you're under there? Oh, it's even more wonderful then."
m234,agnes of god,conv_33017,AGNES,MARTHA,f,f,24,158,0,0.0,0,"It's like hiding from my mother when I was a little girl. Where did you go? Oh, no place as wonderful as this. Agnes... have you ever thought of leaving the convent for something else? No. There is nothing else. Just being here at night helps me sleep. You have trouble sleeping? I get headaches. Mommy did too... oh, but she wasn't stupid. She knew things that nobody else knew. What things? She knew what was going to happen to me. That's why she hid me away. How did she know that? Somebody told her. Who? I don't know. Agnes... You'll laugh. I promise I won't laugh. Who told her? An angel, when she was having one of her headaches. Did your mother see angels often? No. Do you? No. Do you believe she really saw them? No, but I can never tell her that. Why not?  Mmm? She'd get angry."
m234,agnes of god,conv_33018,AGNES,MARTHA,f,f,11,75,0,0.0,0,"Agnes, did you love your mother? Yes. Did you ever want to be a mother yourself? I could never be a mother. Why not? Well I don't think I'm old enough and besides I don't want to have a baby. Why not? Because I don't want one. If you did want one, how'd you go about getting one? From someone who didn't want to have a baby. Like you?"
m234,agnes of god,conv_33019,AGNES,MARTHA,f,f,15,120,0,0.0,0,"How would that person get one if they didn't want one? A mistake... Agnes, how did your mother get you? A mistake... it was a mistake... Is that what she said? If you're trying to get me to say that she was a bad woman and hated me and didn't want me but that's not true, she was a good woman, a saint... Agnes, I don't believe you know nothing about sex... I can't help it if I'm stupid. ... that you don't remember getting pregnant... Not my fault. ... and that you don't believe you carried a child. I was a mistake. What the child? Everything... I don't have children. Agnes..."
m234,agnes of god,conv_33020,AGNES,MARTHA,f,f,10,99,0,0.0,0,"Agnes, I'm here because I want to help you. I'm not sick. But you're troubled... aren't you? That's because you keep reminding me. If you go away then I'll forget. And you're unhappy. Everyone's unhappy, you're unhappy aren't you? Agnes... Answer me!  You never answer me. Sometimes, yes. Only you think you're lucky because you didn't have a mother who said things to you and did things to you that maybe weren't always nice but that was because of me, because I was bad, not her."
m234,agnes of god,conv_33021,AGNES,MARTHA,f,f,4,14,0,0.0,0,What did you do? I'm always bad. What did you do? I breathed!
m234,agnes of god,conv_33022,AGNES,MARTHA,f,f,44,331,0,0.0,0,"Agnes. What did your mother do to you?  If you can't answer me, just shake your head yes or no. Did... did she hit you?  Did she make you do something you didn't want to?  Did it make you feel uncomfortable to do it?  Did it embarrass you?  Did it... did it hurt you?  What did she make you you do? No... You can tell me. I can't. She's dead isn't she? Yes. She can't hurt you any more. She can. How? She watches... she listens. Agnes, I don't believe that. Tell me. I'll protect you from her. She... Yes? ... makes me... Yes? ... take off my clothes and then... she makes fun of me. She tells you you're ugly? Yes. And that you're stupid? Yes. That you're a mistake? She says my whole body's a mistake. Why? Because she says if I don't watch out I'll have a baby. How does she know that? Her headaches. Oh, yes. And then... What? She touches me down there with a cigarette.  Please Mommy, don't touch me like that any more. I'll be good,  I won't be a baby any more. Agnes, oh Agnes, Agnes I want you to do something. I want you to pretend that I'm your mother. Oh yes, only this time I want you to tell me what you're feeling, alright? I'm afraid. Please!  I want to help you. Let me help you. Alright. Agnes, you're ugly!... what do you say? Of course you do. Agnes, you're ugly!... what do you say? No I'm not. Are you pretty? Yes. Agnes, you're stupid. No I'm not. Are you intelligent? Yes I am. You're a mistake. I'm not mistake, I'm here aren't I. How can I be a mistake if I'm really here. God doesn't make mistakes, you're a mistake..."
m234,agnes of god,conv_33023,AGNES,MARTHA,f,f,5,46,0,0.0,0,"Oh Agnes, oh Agnes, it's alright, it's alright, it's alright, it's alright, I love you. Do you really love me or are you just saying that? I really love you. As much as Mother Miriam does? As much as God loves you."
m234,agnes of god,conv_33024,AGNES,MARTHA,f,f,9,101,0,0.0,0,"You're listening to a chorus of angels. The music surrounds you like a... warm and, comfortable pool of water. And while you're sleeping, you're going to be able to recall, all the things that we want you to remember. And when I count to three and clap my hands, you'll no longer be hypnotised. Can you hear me. Yes. Who am I? Doctor Livingston. And why am I here? To help me. Good. Would you like to tell me why you're here? Because I'm in trouble. What kind of trouble?  What kind of trouble Agnes?"
m234,agnes of god,conv_33025,AGNES,MARTHA,f,f,5,29,0,0.0,0,I'm frightened. Of what? Of telling you. But it's easy. It's just a breath with sound. Say it. What kind of trouble? I had a baby.
m234,agnes of god,conv_33026,AGNES,MARTHA,f,f,32,191,0,0.0,0,"How did you have a baby? It came out of me. Did you know what was going to come out? Yes. Did you want it to come out? No. Why? Because I was afraid. Why were you afraid? Because I wasn't worthy. To be a mother? Yes. Why? May I open my eyes now? No not yet Agnes, very soon but not yet. How did the baby get into you? It grew. What made it grow?  Do you know? Yes. Would you like to tell me? No. Did anyone else know about the baby? I can't tell you that. Will she be angry? She made me promise not to. Who?  Who made you promise?  It's alright Agnes. It's alright.  Let's go to your room. It's the night about six weeks ago when you were very sick. I'm afraid. Oh don't be, I'm here. It's alright. I want you to tell me what you did before you went to bed. I ate. Hm hmm. What did you have for dinner? Fish...  ... brussel sprouts. You don't like brussel sprouts? I hate them."
m234,agnes of god,conv_33027,AGNES,MARTHA,f,f,4,22,0,0.0,0,And then what happened? We went to chapel for vespers. Hm hmm. I left early because I wasn't feeling very well.
m234,agnes of god,conv_33028,AGNES,MARTHA,f,f,5,37,0,0.0,0,"What is it? Someone's following me. Who? Sister Marguerite I think. Was it Sister Marguerite who knew about the baby?  Alright Agnes, I want you to see your room as you saw it on that night."
m234,agnes of god,conv_33029,AGNES,MARTHA,f,f,15,72,0,0.0,0,"My bed. What else? A crucifix. Above the bed?  Any... anything else? What do you you see, something different?  What is it? A wastepaper basket. Do you know who put it there? No. What do you think it's there for? For me to get sick in. Are you ill? Yes. What do you feel? I feel as if I've eaten glass. What do you do? I have to throw up..."
m234,agnes of god,conv_33030,AGNES,MARTHA,f,f,6,40,0,0.0,0,Which one? I don't know which one Of what? Of me. Oh... God!  My God...  Water... it's all water... Why isn't anyone coming? They can't hear me that's why.  Oh God... I don't wanna...
m234,agnes of god,conv_33031,AGNES,MARTHA,f,f,4,22,0,0.0,0,"Who? Go away, I don't want you here. Is someone in the room with you? No... don't hit me please..."
m234,agnes of god,conv_33032,AGNES,MARTHA,f,f,6,46,0,0.0,0,"Alright Agnes... it's alright. One, two three...  It's alright... it's me, Doctor Livingston, it's alright, alright. Thankyou Agnes, thankyou. How do you feel? Frightened. Do you remember what just happened? Yes. That's good. Do you feel well enough to stand? Yes."
m234,agnes of god,conv_33033,AGNES,MARTHA,f,f,3,26,0,0.0,0,"Agnes, can you hear me? Yes. I want you to remember if you can a night last January. The night Sister Paul died. Do you remember."
m234,agnes of god,conv_33034,AGNES,MARTHA,f,f,2,7,0,0.0,0,She said Michael. What did she mean?
m234,agnes of god,conv_33035,AGNES,MARTHA,f,f,13,53,4,0.0755,0,The statue. She had shown it to me the day before. And the passage to the barn? Yes. Why? So I could go to him. Who? Him. How did she know about him? She'd seen him too. Where? From the belltower the day she before she died. So she sent you? Yes.
m234,agnes of god,conv_33036,AGNES,MARTHA,f,f,2,4,0,0.0,0,Are you frightened? Yes.
m234,agnes of god,conv_33037,AGNES,MARTHA,f,f,2,30,0,0.0,0,"It's bleeding... I'm bleeding... my God it won't stop, I can't get it to stop.  Let go of me, I wish you were dead. Agnes... Agnes..."
m234,agnes of god,conv_33038,AGNES,MARTHA,f,f,14,105,12,0.1143,1,"Stay away from me... Agnes it had nothing to do with the hand of God. He did a terrible thing to you, do you understand? No... He frightened you and he hurt you. It's not your fault. It's his fault. Tell us who he is so we can find him. Stop him from doing this to other women. Not your fault... Agnes who did you see? I hate him... Of course you do. Who was it? I hate him for what he did to me. Yes. For what he made me go through. Who? I hate him. Agnes, who did this to you?"
m234,agnes of god,conv_33039,AGNES,MARTHA,f,f,2,28,2,0.0714,0,God!  It was God.  And now I'll burn in hell because I hate him. Agnes you won't burn in hell. It's alright to hate him.
m234,agnes of god,conv_33040,AGNES,MARTHA,f,f,3,13,0,0.0,0,It was dead. It was alive wasn't it? I don't remember.
m234,agnes of god,conv_33041,AGNES,MARTHA,f,f,8,67,0,0.0,0,"Mother Miriam was with you wasn't she? Yes. She took the baby in her arms? Yes. You saw it all didn't you? Yes. And then... what did she do?  Agnes what did she do? She... left me alone with that little thing, and I looked at it, and I thought this is a mistake. But it's my mistake, not Mommy's. God's mistake."
m234,agnes of god,conv_33042,AGNES,MARTHA,f,f,4,31,0,0.0,0,What did you do? I put her to sleep. H... how? I tied the cord around her neck... wrapped her in the bloody sheets... and stuffed her in the trash can.
m234,agnes of god,conv_33044,EVE,MARTHA,f,f,4,54,0,0.0,0,"Are you dictating my position to me? We're getting into some sticky legal territories here. Martha, all we're saying is, no-one wants this to come to trial, not the Church, not the Crown... least of all me. Eve, she strangled a baby! Nobody is interested in sending a nun to prison."
m234,agnes of god,conv_33045,EVE,MARTHA,f,f,6,70,0,0.0,0,"Martha, you have to make a decision on her sanity as quickly as possible and not interfere with due process of law. No... no, excuse me Eve. As quickly as I see fit. The longer you take to make a decision, the more difficult it will be for us. Why? The bishop is breathing down our necks. And the sooner she goes to prison, the better off she'll be?"
m234,agnes of god,conv_33056,MARTHA,SISTER ANNE,f,f,6,89,0,0.0,0,"The convent was built for over fifty. Not many of us left... just us and the chickens. How do you survive? Oh, we own the land around here. But we rent it out. We keep a few acres for ourselves,  some wheat, corn, some vegetables. Well that's a lot of land. You must have help. Do you have field hands that help you? No. We work the land alone. No-one but Sister Marguerite and I are permitted contact with the public. Sister Anne, which was Agnes' room?"
m234,agnes of god,conv_33057,MARTHA,SISTER ANNE,f,f,4,17,0,0.0,0,"Oh that one there, in the corner. The one up on the third floor? Yes. Uh huh."
m234,agnes of god,conv_33060,MARTHA,MOTHER MIRIAM,f,f,5,46,0,0.0,0,I'm afraid the word brings up the most unpleasant connatations in this day and age... Yes... I... You can call me Sister. ... Thank you. You must have tons of questions. You may smoke if you want to. Just don't tell any of the Sisters.
m234,agnes of god,conv_33061,MARTHA,MOTHER MIRIAM,f,f,4,13,0,0.0,0,You were a smoker? Two packs a day. I can beat that. Unfiltered.
m234,agnes of god,conv_33062,MARTHA,MOTHER MIRIAM,f,f,23,151,5,0.0331,0,"Who knew about Agnes' pregnancy? No-one. How did she hide it from the other nuns? She undressed alone... she bathed alone. Is that normal? Yes. How did she hide it during the day? She could have hidden a machine gun in here if she had wanted to. Didn't she have any physical examinations in this time? We're examined once a year. Her pregnancy fell in between the doctor's visits. Who was the father? I haven't a clue. What man had access to her? None as far as I know. Was there a priest? Yes, but I... What's his name? Father Martineau, but I don't see him as a candidate. Could there have been anyone else? Obviously there was. And you didn't try to find out who? Believe me, I've done everything possible short of asking Agnes. Why haven't you asked her?"
m234,agnes of god,conv_33063,MARTHA,MOTHER MIRIAM,f,f,11,164,0,0.0,0,"She can't even remember the birth. Do you think she'd admit to the conception? Look, someone gave her the baby. Yes, but that was some ten months ago. I fail to see that the identity of that somebody has anything to do with this trial. Why do you think that? Don't ask me those questions dear, I'm not the patient. Well I'm the doctor. I'm the one who's going to decide what is, or is not important here. Look doctor, I don't know how to tell you this politely, but I don't approve of you. Not you personally... The science of psychiatry. Exactly. I want you do deal with Agnes as speedily and as easily as possible. She won't hold up under any sort of cross examination. I am not with the Inquisition. And I am not from the Middle Ages. I know what you are!  I don't want that mind cut open."
m234,agnes of god,conv_33064,MARTHA,MOTHER MIRIAM,f,f,20,267,0,0.0,0,"Well... what do you think?  Is she totally bananas or merely slightly off centre... or maybe she's perfectly sane and just a very good liar. What's your opinion? I believe Agnes is different. From other nuns...  Yes I... I've noticed. From other people!  I believe she is not crazy, nor is she lying. How could she have a baby and know nothing of sex or birth? Because she's an innocent. She's a slate that's hasn't been touched except by God. That's ridiculous... In her case it isn't. She's had very little schooling. Her mother kept her home almost all the time and when her mother died Agnes came here, to us. She's never been out there Doctor. She's never seen a movie or a television show. She's never even read a book. If she's so innocent, how come she murdered a child? She didn't!  This is manslaughter, not murder. She didn't consciously kill that baby. She'd lost a lot of blood. She was unconscious by the time we got to her. So, someone else could have done it. No... not in the eyes of the police. And in your eyes? I've already told you what I thought. That she was unconscious, yes!  So someone easily could have come in the room and killed the... You don't really believe something like that happened do you? It's possible isn't it? Who? One of the other nuns found out about the baby and... and wanted to avoid a scandal."
m234,agnes of god,conv_33065,MARTHA,MOTHER MIRIAM,f,f,3,20,0,0.0,0,That's absurd! That possibility never occurred to you? No-one knew about Agnes' pregnancy. No-one. Not even Agnes.
m234,agnes of god,conv_33066,MARTHA,MOTHER MIRIAM,f,f,9,98,1,0.0102,0,"This convent is locked solid. The only one that has a key is Sister Marguerite and she wouldn't let Christ in after dark. Well, it's been known to happen in the day too. Maybe Agnes went to him. Oh come on, you've talked to her. She doesn't even know how babies are born, let alone made. When did you first learn about her... innocence, the way she thinks? Shortly after she came to us. And you weren't shocked? I was appalled, just as you are now. And what happened? She stopped eating completely..."
m234,agnes of god,conv_33067,MARTHA,MOTHER MIRIAM,f,f,2,9,0,0.0,0,This was before her pregnancy? About two years before.
m234,agnes of god,conv_33068,MARTHA,MOTHER MIRIAM,f,f,11,148,1,0.0068,0,"Why didn't you take her to a doctor? It was healed by the following morning and she started eating again... She had a... a hole in the palm of her hand!  She could have bled to death. But she didn't... did she. If anyone had seen what I'd seen she'd be public property... newspapermen, psychiatrists, ridicule. She doesn't deserve that. She has it now. I know what you're thinking, she's a hysteric pure and simple. Not simple, no. I saw it. Clean through the palm of her hand. Do you think hysteria could do that? It's being doing it for centuries. She's not unique, she's just another victim. God's victim. That's her innocence. She belongs to God. And I intend to take her away from Him. That's what you're afraid of isn't it?"
m234,agnes of god,conv_33069,MARTHA,MOTHER MIRIAM,f,f,8,64,0,0.0,0,You hate us don't you? What? Nuns... you hate nuns. I hate ignorance and stupidity. The Catholic Church... I haven't said anything against the the Catholic Church. Catholicism is not on trial here. I want you to deal with Agnes without any religious prejudice or you turn this case over to someone else... How dare you tell me to run my affairs!
m234,agnes of god,conv_33070,MARTHA,MOTHER MIRIAM,f,f,2,17,0,0.0,0,It's my affair too. How dare you think I'm in a position to be pressured...
m234,agnes of god,conv_33071,MARTHA,MOTHER MIRIAM,f,f,2,33,0,0.0,0,I'm only interested... ... or bullied or what ever you're doing. Who the hell do you think you are?  You go around here expecting applause for the way you treated this child.
m234,agnes of god,conv_33072,MARTHA,MOTHER MIRIAM,f,f,2,87,0,0.0,0,"She is not a child. And she has a right to know that there's a world out there filled with people who don't believe in God...  ... and aren't any worse off than you Mother. People who've gone through their entire lives without bending their knees once, to anybody. And people who fall in love and have babies and occas- sionally are very happy. She has a right to know that. But you and your... your order and your Church have kept her ignorant..."
m234,agnes of god,conv_33073,MARTHA,MOTHER MIRIAM,f,f,12,156,0,0.0,0,"??? ???   ... virginity, right Mother?  Poverty, chastity and ignorance is what you live by. I am not a virgin, Doctor. I was married for twenty three years, two daughters. I even have grandchildren... surprised? It might please you to know that I was a failure as a wife and mother. My children won't even see me any more, that's their revenge. I think they tell their friends that I've passed on. And don't tell me I'm making up for past mistakes Doctor Freud. Then help her. I am... No, you're shielding her. Let her face the world. What good would it do. No matter what you decide it's either the... the prison or the nut house and the differences between them are pretty thin. There's another choice. What? Aquittal. How? Innocence. Legal innocence. I know the judge would be happy for any reason to throw this case out of court."
m234,agnes of god,conv_33074,MARTHA,MOTHER MIRIAM,f,f,2,7,0,0.0,0,"All right, what do you need. Answers."
m234,agnes of god,conv_33075,MARTHA,MOTHER MIRIAM,f,f,9,43,0,0.0,0,"When would Agnes have conceived the child? Oh, some time in January. Do you remember anything unusual happening at the time? Earthquakes? Visitors to the convent. Nothing. Do you have a... a diary or a day book? Yes. Take at look at it."
m234,agnes of god,conv_33076,MARTHA,MOTHER MIRIAM,f,f,7,26,0,0.0,0,"There's nothing here. Was the child full term? Oh, Dear God... What is it? The sheets... What sheets? Oh, Dear God, I should have guessed..."
m234,agnes of god,conv_33077,MARTHA,MOTHER MIRIAM,f,f,4,35,0,0.0,0,When was that? The twenty third of January. On that night one of our elder nuns passed away. Sister Paul? Yes. I don't remember where Agnes was. I was needed in the sick room.
m234,agnes of god,conv_33078,MARTHA,MOTHER MIRIAM,f,f,7,83,2,0.0241,0,"You lied to me About what? Your niece! I didn't tell you because I didn't think it was important. No, it just makes you doubly responsible doesn't it? I never saw Agnes until she set foot in this convent. My sister ran away from home. We lost touch with her. And when my husband died and I came here, she wrote to me and asked me if I would take care of Agnes in case anything happened. And Agnes' father?"
m234,agnes of god,conv_33079,MARTHA,MOTHER MIRIAM,f,f,15,105,0,0.0,0,"Like keeping her home from school? Yes. Listening to angels? She drank too much. That's what killed her. Do you know what she did to her? I don't think I care to know. She molested her! Oh, dear God. There is more here than meets the eye isn't there?  Lots of dirty little secrets. Oh God, if only I'd known. Why didn't you?  You knew she was keeping her home from school. You knew she was an alcoholic. I knew that after the fact. Why didn't you do anything to stop her? Because I didn't know... Oh, God."
m234,agnes of god,conv_33080,MARTHA,MOTHER MIRIAM,f,f,2,8,0,0.0,0,And my permission? I'd like yours too.
m234,agnes of god,conv_33081,MARTHA,MOTHER MIRIAM,f,f,7,39,0,0.0,0,We'll see about that. Don't deny it! I haven't decided yet. The woman's health is at stake. Her spiritual health. I don't give a damn about her spiritual health. I know you don't.
m234,agnes of god,conv_33082,MARTHA,MOTHER MIRIAM,f,f,3,33,0,0.0,0,"An unhappy woman... She's happy with us and she could go on being happy if she was left alone. Then why did you call the police in the first place Mother, huh?"
m234,agnes of god,conv_33083,MARTHA,MOTHER MIRIAM,f,f,9,124,0,0.0,0,"Because I am a moral person. Bullshit! Bullshit yourself! Catholic Church doesn't have a corner on morality... Who said anything about the Catholic Church... You just said... What the hell has the Catholic Church got to do with you? Nothing... What have we done to hurt you?  And don't deny it, I can smell an ex-Catholic a mile away. What did we do?  Burn a few heretics, sell some indulgences? That was in the days when the Church was a ruling body. We let governments do those things today. So what did we do to you eh?  You wanted to neck in the back seat of a car when you were fifteen and you couldn't because it was a sin?"
m234,agnes of god,conv_33084,MARTHA,MOTHER MIRIAM,f,f,7,153,0,0.0,0,"It wasn't sex. It was a lot of things, but it wasn't sex. You know when I was in the first grade my best friend was run over on the way to school, you know what the nun said?  She died because she hadn't said her morning prayers. Stupid woman... and that's all? That's all?  That's enough!  She was a beautiful little girl. And what has that to do with it? I wasn't. I wasn't. She was the pretty one. She died, why not me?  I never said my morning prayers. And I was ugly, I was scrawny, I had buck teeth and freckles all over my face, do you know what the nun called me, Sister Mary Clitus, called me Polkadot Livingston. So you left the Church because you had freckles? No, because I... yeah, yeah I left the Church cause I had freckles."
m234,agnes of god,conv_33085,MARTHA,MOTHER MIRIAM,f,f,4,31,0,0.0,0,"My sister died in a convent. And it's her voice I hear.  Does my smoking bother you? No, it reminds me. Would you like one?  Huh? I'd love one."
m234,agnes of god,conv_33086,MARTHA,MOTHER MIRIAM,f,f,15,86,1,0.0116,0,"I'm out of prac...  ... practice. All right? Fine thanks... Do you suppose the saints would have smoked if tobacco had been popular back then? Undoubtedly. Not the ascetics of course but, well Saint Thomas More... Long, thin and filtered. Saint Ignatius would smoke cigars and stub them out on the soles of his bare feet.  And of course Hand rolled. Even Christ would partake socially. Saint Peter? Pipe! Right... Mary Magdelen? Oh, you've come a long way baby. And Saint John would chew tobacco."
m234,agnes of god,conv_33087,MARTHA,MOTHER MIRIAM,f,f,8,118,0,0.0,0,"Right.  What do you suppose today's saints are smoking? There are no saints today. Good people yes, but extraordinarily good people... those I'm afraid we are sorely lacking. Do you think they ever existed? Yes I do. Do you want to become one? Become?  One is born a saint. Well you can try, can't you, to be good? Yes, but goodness has very little to do with it. Not all the saints were good, in fact some of them were a little crazy. But... they were still attached to God. Agnes has that birth.  No more... we're born, we live, we die. No room for miracles.  Oh my dear, how I miss the miracles."
m234,agnes of god,conv_33088,MARTHA,MOTHER MIRIAM,f,f,7,34,0,0.0,0,Do you think Agnes is still attached to God? Listen to her singing. I'd like to begin. Begin what? The hypnotism. Do you still disapprove? Would it stop you if I did? No.
m234,agnes of god,conv_33089,MARTHA,MOTHER MIRIAM,f,f,3,10,0,0.0,0,May I be present? Of course. Then let's begin.
m234,agnes of god,conv_33090,MARTHA,MOTHER MIRIAM,f,f,2,20,0,0.0,0,"Stop this, she'll hurt herself  I'm not going to allow this. NO... no... I said leave her alone."
m234,agnes of god,conv_33091,MARTHA,MOTHER MIRIAM,f,f,22,200,5,0.025,0,"I've just met with the bishop. We're taking you off the case. You're what? If we want to hire a psychiatrist for Agnes. we'll find our own, thank you. One that will ask the questions you want asked. One that will approach this matter with some objectivity and respect. For the Church? For Agnes. You think she's a saint? She's been touched by God, yes. How?  How?  She hallucinates, stops eating and bleeds spontaneously. Is that supposed to convince me she shouldn't be touched. Give me a miracle. The father! Who is he? Why must he be anybody? My God, you're as crazy as... Stop laughing, I don't say it's the truth, I'm saying... How  ? Don't be ridiculous. Well give me a reasonable explanation A miracle is an event without an explanation. If she's capable of putting a hole in her hand without benefit of a nail, why couldn't she split a cell in her womb? This is insane. There as no man in the convent on that night and no way for any man to get in or out. You're saying God did it?"
m234,agnes of god,conv_33092,MARTHA,MOTHER MIRIAM,f,f,10,144,0,0.0,0,"But how did it happen? You'll never find the answer for everything God did. I thought you didn't believe in miracles today Mother? But I want the opportunity to believe. I want the choice to believe. But what you are choosing to believe is a lie because you won't face the fact that she was raped... or seduced... or that she did the seducing. She is an innocent. But she is not an enigma Mother. Everything that Agnes has done is explainable from modern psychiatry. One, two, three, right down the line. That's what you believe she is?  The sum of her psychological parts? That's what I have to believe... Then why are you so obsessed with her? You're losing sleep over her?  You're thinking about her all the time. You're bent on saving her. Why?"
m234,agnes of god,conv_33093,MARTHA,MOTHER MIRIAM,f,f,10,122,0,0.0,0,"There's a tunnel out of the crypt into the barn. Did you know about that? There's an answer Mother. That's how she got out. That's crazy. How could she find out about it? Somebody told her. Who?  That tun... that tunnel hasn't been used in fifty years. Oh, would you stop lying Mother! Why would I lie? Because it's murder we're talking about. Aren't you concerned about what she told us about the other person in her room. I'm concerned about her health. Who was that person Mother?  Was it you? If you believe this is murder, it is the Crown attorney you have to talk to, not me. And definitely not Agnes."
m234,agnes of god,conv_33094,MARTHA,MOTHER MIRIAM,f,f,5,30,0,0.0,0,"This is permission to take her apart. Where is she? Hasn't she had enough? I have a few more questions to ask her. My God, but you're determined."
m234,agnes of god,conv_33095,MARTHA,MOTHER MIRIAM,f,f,28,206,0,0.0,0,"Who knew she was pregnant? Why do you insist upon pressing... Was it you? Is it because she's a nun? Did you know she was pregnant? Yes. And you didn't send her to a doctor. I didn't guess until it was too late. For what?  An abortion? Oh, don't be ridiculous. Too late for what? I don't know... too late to stop it. The baby? The scandal... You went to the room to help with the birth. She didn't want any help. You wanted that child out of the way. That's a lie. You hid the wastepaper basket in her room. I didn't hide it. I put it there for the blood and the dirty sheets. And the baby. No! You tied the cord around its neck. I wanted her to have it when no-one else was around, they would have taken the baby to a hospital and left it with them, but it was such a difficult birth, there was so much blood and I panicked. Before or after you killed the child? I left it with her and I went for help. I doubt that's what she'd say. Then she's a liar."
m234,agnes of god,conv_33096,MARTHA,MOTHER MIRIAM,f,f,4,18,0,0.0,0,"That's enough. Agnes, what happened to the baby? She can't remember. What happened to the baby?"
m234,agnes of god,conv_33097,MARTHA,MOTHER MIRIAM,f,f,2,8,0,0.0,0,"Oh, don't do this! Wasn't it!"
m238,all about eve,conv_33710,BIRDIE,KAREN,f,f,2,8,0,0.0,0,"Lemme fix you a drink. No thanks, Birdie."
m238,all about eve,conv_33711,BIRDIE,KAREN,f,f,2,19,1,0.0526,0,"Margo does not play a lunatic, Birdie. I know. She just keeps hearin' her dead father play the banjo."
m238,all about eve,conv_33712,BIRDIE,KAREN,f,f,5,50,1,0.02,0,"The bed looks like a dead animal act. Which one is sables? But she just got here... She's on her way. With half the men in the joint.  It's only a fur coat... What did you expect - live sables? A diamond collar, gold sleeves - you know, picture people..."
m238,all about eve,conv_33713,BIRDIE,KAREN,f,f,2,26,1,0.0385,0,Bill says actors out there eat just as infrequently as here- They can always grab oranges off trees. This you can't do in Times Square...
m238,all about eve,conv_33714,BIRDIE,MARGO,f,f,2,12,0,0.0,0,It was Fort Sumter they fired on- I never played Fort Sumter.
m238,all about eve,conv_33715,BIRDIE,MARGO,f,f,5,25,0,0.0,0,You need new girdles. Buy some. The same size? Of course! Well. I guess a real tight girdle help when you're playin' a lunatic.
m238,all about eve,conv_33716,BIRDIE,MARGO,f,f,2,8,1,0.125,1,"How do you do, my dear. Oh, brother."
m238,all about eve,conv_33717,BIRDIE,MARGO,f,f,3,15,1,0.0667,0,"And this is my good friend and companion, Miss Birdie Coonan. Oh, brother. Miss Coonan..."
m238,all about eve,conv_33718,BIRDIE,MARGO,f,f,2,26,0,0.0,0,"I'm sure you must have things to do in the bathroom, Birdie dear. If I haven't, I'll find something till you're normal."
m238,all about eve,conv_33719,BIRDIE,MARGO,f,f,2,56,0,0.0,0,"There are some human experiences, Birdie, that do not take place in a vaudeville house - and that even a fifth-rate vaudevillian should understand and respect!  I want to apologize for Birdie's- You don't have to apologize for me!  I'm sorry if I hurt your feelings. It's just my way of talkin'..."
m238,all about eve,conv_33720,BIRDIE,MARGO,f,f,2,16,0,0.0,0,"She, too, is a great admirer of yours. Imagine. All this admiration in just one room."
m238,all about eve,conv_33721,BIRDIE,MARGO,f,f,2,9,0,0.0,0,Kill the people.  Got your key? See you home...
m238,all about eve,conv_33722,BIRDIE,MARGO,f,f,4,52,0,0.0,0,You bought the new girdles a size smaller. I can feel it. Something maybe grew a size bigger. When we get home you're going to get into one of those girdles and act for two and half hours. I couldn't get into the girdle in two an' a half hours...
m238,all about eve,conv_33723,BIRDIE,MARGO,f,f,2,31,0,0.0,0,"Adorable. We now got everything a dressing room needs except a basketball hoop. Just because you can't even work a zipper. It was very thoughtful, Eve, and I appreciate it-"
m238,all about eve,conv_33724,BIRDIE,MARGO,f,f,7,77,0,0.0,0,"If I may so bold as to say something - did you ever hear the word ""union""? Behind in your dues? How much? I haven't got a union. I'm slave labor. Well? But the wardrobe women have got one. And next to a tenor, a wardrobe woman is the touchiest thing in show business- Oh-oh. She's got two things to do - carry clothes an' press 'em wrong - an' just let anybody else muscle in..."
m238,all about eve,conv_33725,BIRDIE,MARGO,f,f,15,67,0,0.0,0,"Birdie- Hmm? You don't like Eve, do you? Do you want an argument or an answer? An answer. No. Why not? Now you want an argument. She works hard. Night an' day. She's loyal and efficient- Like an agent with one client. She thinks only for me...  ... doesn't she? Well... let's say she thinks only about you, anyway... How do you mean that?"
m238,all about eve,conv_33726,BIRDIE,MARGO,f,f,2,52,0,0.0,0,"I'll tell you how. Like - let's see - like she was studyin' you, like you were a play or a book or a set of blueprints. How you walk, talk, think, eat, sleep- I'm sure that's very flattering, Birdie, and I'm sure there's nothing wrong with that!"
m238,all about eve,conv_33727,BIRDIE,MARGO,f,f,12,157,6,0.0382,0,"You all put together? My back's open.  Did the extra help get here? There's some loose characters dressed like maids and butlers. Who'd you call - the William Morris Agency? You're not being funny, I could get actors for less. What about the food? The caterer had to back for hors d'oeuvres-  Voila. That French ventriloquist taught you a lot, didn't he? There was nothing he didn't know.  There's a message from the bartender. Does Miss Channing know we ordered domestic gin by mistake? The only thing I ordered by mistake is the guests.  They're domestic, too, and they don't care what they drink as long as it burns... where's Bill? He's late. Late for what? Don't be dense. The party. I ain't dense. And he's been here twenty minutes. Well, I certainly think it's odd he hasn't even come up..."
m238,all about eve,conv_33728,EVE,GIRL,f,f,4,16,0,0.0,0,Who are you? Miss Harrington... What are you doing here? I - I guess I fell asleep.
m238,all about eve,conv_33729,EVE,GIRL,f,f,15,198,0,0.0,0,"Please don't have me arrested, please! I didn't steal anything - you can search me! How did you get in here? I hid outside in the hall till the maid came to turn down your bed. She must've forgot something and when she went to get it, she left the door open. I sneaked in and hid till she finished. Then I just looked around - and pretty soon I was afraid somebody'd notice the lights were on so I turned them off - and then I guess, I fell asleep. You were just looking around... That's all. What for? You probably won't believe me. Probably not. It was for my report. What report? To whom? About how you live, what kind of clothes you wear - what kind of perfume and books - things like that. You know the Eve Harrington clubs - that they've got in most of the girls' high schools? I've heard of them. Ours was one of the first. Erasmus Hall. I'm the president. Erasmus Hall. That's in Brooklyn, isn't it? Lots of actresses come from Brooklyn. Barbara Stanwyck, Susan Hayward - of course, they're just movie stars."
m238,all about eve,conv_33730,EVE,GIRL,f,f,3,34,0,0.0,0,"You're going to Hollywood - aren't you?  From the trunks you're packing, you must be going to stay a long time. I might. That spilled drink is going to ruin your carper."
m238,all about eve,conv_33731,EVE,GIRL,f,f,3,19,0,0.0,0,The maid'll fix it in the morning. I'll just pick up the broken glass. Don't bother.
m238,all about eve,conv_33732,EVE,GIRL,f,f,4,26,0,0.0,0,"How'd you get all the way up here from Brooklyn? Subway. How long does it take? With changing and everything, a little over an hour."
m238,all about eve,conv_33733,EVE,GIRL,f,f,2,22,0,0.0,0,It's after one now. You won't get home till all hours. I don't care if I never get home.
m238,all about eve,conv_33734,EVE,GIRL,f,f,2,10,0,0.0,0,That's the door. You rest. I'll get it...
m238,all about eve,conv_33735,EVE,KAREN,f,f,14,188,7,0.0372,0,"So there you are. It seemed odd, suddenly, your not being there... Why should you think I wouldn't be? Why should you be? After all, six nights a week - for weeks - of watching even Margo Channing enter and leave a theater- I hope you don't mind my speaking to you... Not at all. I've seen you so often - it took every bit of courage I could raise- To speak to just a playwright's wife? I'm the lowest form of celebrity... You're Margo Channing's best friend. You and your husband are always with her - and Mr. Sampson... what's he like? Bill Sampson? He's - he's a director. He's the best. He'll agree with you. Tell me, what do you between the time Margo goes in and comes out? Just huddle in that doorway and wait? Oh, no. I see the play. You see the play? You've seen the play every performance?  But, don't you find it - I mean apart from everything else - don't you find it expensive? Standing room doesn't cost much. I manage."
m238,all about eve,conv_33736,EVE,KAREN,f,f,4,32,0,0.0,0,"I'm going to take you to Margo... Oh, no... She's got to meet you- No, I'd be imposing on her, I'd be just another tongue-tied gushing fan..."
m238,all about eve,conv_33737,EVE,KAREN,f,f,4,38,0,0.0,0,"There isn't another like you, there couldn't be- But if I'd known... maybe some other time... I mean, looking like this. You look just fine...  ... by the way. What's your name? Eve. Eve Harrington."
m238,all about eve,conv_33738,EVE,KAREN,f,f,2,15,0,0.0,0,"I thought you'd forgotten about me. Not at all.  Margo, this is Eve Harrington."
m238,all about eve,conv_33739,EVE,KAREN,f,f,2,5,1,0.2,1,"Hello, Miss Channing. My husband..."
m238,all about eve,conv_33740,EVE,KAREN,f,f,3,7,0,0.0,0,If I only knew how... Try... Well...
m238,all about eve,conv_33741,EVE,KAREN,f,f,2,15,0,0.0,0,Eve... why don't you start at the beginning? It couldn't possibly interest you.
m238,all about eve,conv_33742,EVE,KAREN,f,f,2,27,0,0.0,0,"You're not going, are you? I think I'd better. It's been - well, I can hardly find the words to say how it's been..."
m238,all about eve,conv_33743,EVE,KAREN,f,f,4,30,0,0.0,0,"Good night, Eve. I hope I see you again soon- I'll be at the old stand, tomorrow matinee- Not just that way. As a friend... I'd like that."
m238,all about eve,conv_33744,EVE,KAREN,f,f,5,54,0,0.0,0,"Now who's show up at this hour? It's time people went home - hold that coat up...  ... whose is it? Some Hollywood movie star, her plane got in late. Discouraging, isn't it? Women with furs like that where it never gets cold... Hollywood. Tell me, Eve - how are things with you? Happy?"
m238,all about eve,conv_33745,EVE,KAREN,f,f,2,66,1,0.0152,0,"There should be a new word for happiness. Being here with Miss Channing has been - I just can't say, she's been so wonderful, done so much for me- Lloyd says Margo compensates for underplaying on the stage by overplaying reality...  ... next to that sable, my new mink seems like an old bedjacket...  ... you've done your share, Eve. You've worked wonders with Margo..."
m238,all about eve,conv_33746,EVE,KAREN,f,f,5,113,0,0.0,0,"Mrs. Richards. Karen. Karen...  ... isn't it awful, I'm about to ask you for another favor - after all you've already done. Nobody's done so much, Eve, you've got to stop thinking of yourself as one of the Hundred Neediest Cases... what is it? Well... Miss Channing's affairs are in such good shape... there isn't enough to keep me as busy as I should be, really - not that I've ever considered anything that would take me away from her... but the other day - when I heard Mr. Fabian tell Miss Channing that her understudy was going to have a baby, and they'd have to replace her..."
m238,all about eve,conv_33747,EVE,KAREN,f,f,9,140,0,0.0,0,"... you want to be Margo's new understudy. I don't let myself think about it, even-  - but I do know the part so well, and every bit of the staging, there'd be no need to break in a new girl-  - but suppose I had to go on one night? To an audience that came to see Margo Channing. No, I couldn't possibly... Don't worry too much about that. Margo just doesn't miss performances. If she can walk, crawl or roll - she plays. The show must go on. No, dear. Margo must go on.  As a matter of fact, I see no reason why you shouldn't be Margo's understudy... Do you think Miss Channing would approve? I think she would cheer. But Mr. Richards and Mr. Sampson- They'll do as they're told."
m238,all about eve,conv_33748,EVE,KAREN,f,f,5,32,0,0.0,0,"Then - would you talk to Mr. Fabian about it? Of course. You won't forget it? I won't forget. I seem to be forever thanking you for something, don't I?"
m238,all about eve,conv_33749,EVE,KAREN,f,f,6,99,0,0.0,0,"You mustn't mind Margo too much, even if I do... But there must be some reason, something I've done without knowing... The reason is Margo and don't try to figure it out. Einstein couldn't. If I thought I'd offended her, of all people- Eve. I'm fond of Margo too. But I know Margo. And every now and then there is nothing I want to do so much as to kick her right square in the pants. Well - if she's got to pick on someone, I'd just as soon it was me."
m238,all about eve,conv_33750,EVE,KAREN,f,f,2,18,0,0.0,0,"Karen...  ... you won't forget, will you? What we talked about before? No, Eve, I won't forget..."
m238,all about eve,conv_33751,EVE,KAREN,f,f,3,15,0,0.0,0,"May I have your coat? Don't bother, I can take it up myself... Please..."
m238,all about eve,conv_33752,EVE,KAREN,f,f,2,22,0,0.0,0,Eve. I've heard the most wonderful things about your performance- Mostly relief that I managed to stagger through it at all...
m238,all about eve,conv_33753,EVE,KAREN,f,f,3,25,0,0.0,0,We're having lunch with a movie talent scout. They certainly don't waste much time. Nothing definite yet - it's just to have lunch.
m238,all about eve,conv_33754,EVE,KAREN,f,f,5,47,0,0.0,0,I was wondering whether you'd come at all.. Don't get up.  And don't act as if I were the queen mother. I don't expect you to be pleasant. I don't intend to be. Can't we sit down? Just for a minute...
m238,all about eve,conv_33755,EVE,KAREN,f,f,5,40,0,0.0,0,"I've got a lot to say. And none of it is easy. There can't be very much- Oh, but there is- - and easy or not, I won't believe a word. Why shouldn't you?  Please sit down."
m238,all about eve,conv_33756,EVE,KAREN,f,f,7,245,5,0.0204,0,"You know, I've always considered myself a very clever girl. Smart. Good head on my shoulders, that sort of thing, never the wrong word at the wrong time... but then, I'd never met Addison deWitt.  I remember once I had a tooth pulled. They gave me some anaesthetic - I don't remember the name - and it affected me in a strange way. I heard myself saying things I wasn't even thinking... as if my mind were someplace outside of my body, and couldn't control what I did or said- - and you felt just like that talking to Addison. In a way. You find yourself trying to say what you mean, but somehow the words change - and they become his words - and suddenly you're not saying what you mean, but what he means- Do you expect me to believe that you didn't say any of those things - that they were all Addison? No! I don't expect you to believe anything. Except that the responsibility is mine. And the disgrace. Let's not get over-dramatic. You've really got a low opinion of me, haven't you? We'll I'll give you some pleasant news. I've been told off in no uncertain terms all over town. Miss Channing should be happy to hear that. To know how loyal her friends are - how much more loyal they are than she had a right to expect me to be..."
m238,all about eve,conv_33757,EVE,KAREN,f,f,10,113,7,0.0619,0,"Eve... don't cry. I'm not crying. Tell me. How did your lunch turn out - with the man from Hollywood? Some vague promises of a test, that's all - if a particular part should come along, one of those things- But the raves about your performance- - an understudy's performance. Well. I think you're painting the picture a little darker than it is, really. If nothing else - and don't underestimate him - you have a powerful friend in Addison. He's not my friend. You were my friends... He can help you. I wish I'd never met him, I'd like him to be dead... I want my friends back."
m238,all about eve,conv_33758,EVE,KAREN,f,f,5,106,0,0.0,0,"Eve. I - I don't think you meant to cause unhappiness. But you did. More to yourself, perhaps - as it turned out - than to anyone else... I'll never get over it. Yes, you will. You Theater people always do. Nothing is forever in the Theater. Love or hate, success or failure - whatever it is, it's here, it flares up and burns hot - and then it's gone. I wish I could believe that. Give yourself time. Don't worry too much about what people think, you're very young and very talented...  ... and, believe it or not, if there's anything I can do-"
m238,all about eve,conv_33759,EVE,KAREN,f,f,9,104,7,0.0673,0,"I think I know... Something most important you can do. You want to play ""Cora."" You want me to tell Lloyd I think you should play it. If you told him so, he'd give me the part. He said he would. After all you've said... don't you know the part was written for Margo? It could have been - fifteen years ago. It's my part now. You talk just as Addison said you did. ""Cora"" is my part. You've got to tell Lloyd it's for me. I don't think anything in the world could make me say that."
m238,all about eve,conv_33760,EVE,KAREN,f,f,3,193,8,0.0415,0,"Addison wants me to play it. Over my dead body... That won't be necessary. Addison knows how Margo happen to miss that performance - how I happened to know she'd miss it in time to call him and notify every paper in town...  ... it's quite a story. Addison could make quite a thing of it - imagine how snide and vicious he could get and still write nothing but the truth. I had a time persuading him...  ... you'd better sit down. You look a bit wobbly.  If I play ""Cora,"" Addison will never tell what happened - in or out of print. A simple exchange of favors. And I'm so happy I can do something for you - at long last...  Your friendship with Margo - your deep, close friendship - what would happen to it, do you think, if she knew the chap trick you'd played on her - for my benefit? And you and Lloyd - how long, even in the Theater, before people forgot what happened - and trusted you again?  No... it would be so much easier on everyone concerned, if I were to play ""Cora."" And so much better theater, too..."
m238,all about eve,conv_33761,EVE,KAREN,f,f,2,27,0,0.0,0,A part in a play. You'd do all that - just for a part in a play. I'd do much more - for a part that good.
m238,all about eve,conv_33762,EVE,KAREN,f,f,2,22,1,0.0455,0,She knows enough not to be here. But not all of it - not that Lloyd and I are going to be married.
m238,all about eve,conv_33763,EVE,KAREN,f,f,2,5,0,0.0,0,"Congratulations, Eve. Thank you, Karen."
m238,all about eve,conv_33771,EVE,MARGO,f,f,2,41,0,0.0,0,"Please, don't misunderstand me, Mr. Richards. I think that part of Miss Channing's greatness lies in her ability to choose the best plays... your new play is for Miss Channing, isn't it, Mr. Richards? Of course it is."
m238,all about eve,conv_33772,EVE,MARGO,f,f,3,31,0,0.0,0,"Well. If I didn't come to see the play, I wouldn't have anywhere else to go. There are other plays... Not with you in them. Not by Mr. Richards..."
m238,all about eve,conv_33773,EVE,MARGO,f,f,2,54,0,0.0,0,"Did you see it here in New York? San Francisco. It was the last week. I went one night... the most important night in my life - until this one. Anyway... I found myself going the next night - and the next and the next. Every performance. Then, when the show went East - I went East."
m238,all about eve,conv_33774,EVE,MARGO,f,f,2,21,0,0.0,0,"No, don't go... The four of you must have so much to say to each other - with Mr. Sampson leaving..."
m238,all about eve,conv_33775,EVE,MARGO,f,f,3,35,1,0.0286,0,"Stick around. Please. Tell you what - we'll put Stanislavsky on his plane, you and I, then go somewhere and talk. Well - if I'm not in the way... I won't be a minute."
m238,all about eve,conv_33776,EVE,MARGO,f,f,3,39,0,0.0,0,What - again? I could watch you play that last scene a thousand times and cry every time- Performance number one thousand of this one - if I play it that long - will take place in a well-padded booby hatch...
m238,all about eve,conv_33777,EVE,MARGO,f,f,6,99,5,0.0505,0,"I must say you can certainly tell Mr. Sampson's been gone a month. You certainly can. Especially if you're me between now and tomorrow morning... I mean the performance. Except for you, you'd think he'd never even directed it - it's disgraceful the way they change everything around... Well, teacher's away and actors will be actors... During your second act scene with your father, Roger Ferraday's supposed to stay way upstage at the arch. He's been coming closer down every night... When he gets too close, I'll spit in his eye."
m238,all about eve,conv_33778,EVE,MARGO,f,f,4,33,0,0.0,0,"You haven't noticed my latest bit of interior decorating... Well, you've done so much... what's new? The curtains. I made them myself. They are lovely. Aren't they lovely, Birdie?"
m238,all about eve,conv_33779,EVE,MARGO,f,f,3,30,0,0.0,0,"While you're cleaning up, I'll take this to the wardrobe mistress- Don't bother. Mrs. Brown'll be along for it in a minute. No trouble at all."
m238,all about eve,conv_33780,EVE,MARGO,f,f,17,254,4,0.0157,0,"Well - what do you think of my elegant new suit? Very becoming. It looks better on you than it did on me. I can imagine... you know, all it needed was some taking in here and letting out there - are you sure you won't want it yourself? Quite sure. I find it just a bit too - too ""Seventeenish"" for me... Oh, come now, as though you were an old lady... I'm on my way. Is there anything more you've thought of-? There's the script to go back to the Guild- I've got it. - and those checks or whatever it is for the income tax man. Right here. It seems I can't think of a thing you haven't thought of... That's my job.  See you at tea time... Eve...  ... by any chance, did you place a call from me to Bill for midnight California time? Oh, golly. And I forgot to tell you- Yes, dear. You forgot all about it. Well, I was sure you'd want to, of course, being his birthday, and you've been so busy these past few days, and last night I meant to tell you before you went out with the Richards - and I guess I was asleep when you got home... Yes, I guess you were. It - it was very thoughtful of you, Eve. Mr. Sampson's birthday. I certainly wouldn't forget that. You'd never forgive me.  As a matter of fact, I sent him a telegram myself..."
m238,all about eve,conv_33781,EVE,MARGO,f,f,2,23,0,0.0,0,"Don't get up. And please stop acting as if I were the queen mother. I'm sorry, I didn't mean to-"
m238,all about eve,conv_33782,EVE,MARGO,f,f,2,8,0,0.0,0,If you'd like. I wouldn't like.
m238,all about eve,conv_33783,EVE,MARGO,f,f,3,44,0,0.0,0,"I'd like to hear it. Some snowy night in front of the fire... in the meantime, while we're on the subject, will you check about the hors d'oeuvres? The caterer forgot them, the varnish wasn't dry or something... Of course."
m238,all about eve,conv_33784,EVE,MARGO,f,f,2,23,0,0.0,0,"The hors d'oeuvres are here. Is there anything else I can do? Thank you, Eve. I'd like a Martini - very dry."
m238,all about eve,conv_33785,EVE,MARGO,f,f,2,12,0,0.0,0,"Good evening, Mr. deWitt. I had no idea you knew each other."
m238,all about eve,conv_33786,EVE,MARGO,f,f,3,61,1,0.0164,0,"Terribly sorry I'm late, lunch was long and I couldn't find a cab - where's Miss Caswell, shall we start? Oh, hello, Eve... Hello, Miss Channing. How are you making out in Mr. Fabian's office?  I don't want you working the child too hard, Max - just because you promised. As you see, I kept my promise, too..."
m238,all about eve,conv_33787,EVE,MARGO,f,f,6,68,0,0.0,0,"Miss Channing, I can't tell you how glad I am that you arrived so late. Really, Eve? Why? Well, if you'd been here to begin with, I wouldn't have dared to read at all... Why not? ... and if you'd come in the middle, I'd have stopped, I couldn't have gone on- What a pity, all that fire and music being turned off..."
m238,all about eve,conv_33788,KAREN,MARGO,f,f,2,56,0,0.0,0,"Hi.  Hello, darling- Hi.  ""Well, now Mis' Channin', ah don't think you can rightly say we lost the wah, we was mo' stahved out, you might say - an' that's what ah don' unnerstand about all these plays about love-stahved Suth'n women - love is one thing we was nevah stahved for the South!"""
m238,all about eve,conv_33789,KAREN,MARGO,f,f,2,26,0,0.0,0,It's the tight girdle that does it. I find these wisecracks increasingly less funny! 'Aged in Wood' happens to be a fine and distinguished play-
m238,all about eve,conv_33790,KAREN,MARGO,f,f,7,113,0,0.0,0,"Relax, kid. It's only me and my big mouth... It's just that you get me so mad sometimes... of all the women in the world with nothing to complain about- Ain't it the truth? Yes, it is! You're talented, famous, wealthy - people waiting around night after night just to see you, even in the wind and rain... Autograph fiends! They're not people - those little beast who run in packs like coyotes- They're your fans, your audience- They're nobody's fans! They're juvenile delinquents, mental detectives, they're nobody's audience, they never see a play or a movie, even - they're never indoors long enough!"
m238,all about eve,conv_33791,KAREN,MARGO,f,f,4,26,0,0.0,0,Well... there's one indoors now. I've brought her back to see you. You've what? She's just outside the door. The heave-ho.
m238,all about eve,conv_33792,KAREN,MARGO,f,f,3,20,0,0.0,0,"Dear Birdie. Won't you sit down, Miss Worthington? Harrington. I'm so sorry... Harrington. Won't you sit down?"
m238,all about eve,conv_33793,KAREN,MARGO,f,f,2,24,1,0.0417,0,Would you like a drink? It's right beside you... I was telling Margo and Lloyd about how often you'd seen the play...
m238,all about eve,conv_33794,KAREN,MARGO,f,f,2,52,2,0.0385,0,"Margo, really... Please don't play governess, Karen, I haven't your unyielding good taste, I wish I'd gone to Radcliffe too but father wouldn't hear of it - he needed help at the notions counter...  I'm being rude now, aren't I? OR should I say ""ain't I""?"
m238,all about eve,conv_33795,KAREN,MARGO,f,f,2,23,0,0.0,0,"Margo, nothing you've ever done has made me as happy as your taking Eve in... I'm so happy you're happy."
m238,all about eve,conv_33796,KAREN,MARGO,f,f,3,46,0,0.0,0,That little place just two hours form New York. It's on my list of things-I'll-never-understand. Like collecting shrunken Indian heads... Of all people you should know what it means to want some peace and quiet- Peace and quit is for libraries.
m238,all about eve,conv_33797,KAREN,MARGO,f,f,7,48,0,0.0,0,"How much time have we? Roughly ten minutes. How far to the station? Three or four miles... Any houses or farms around where we can borrow gas? None in sight, there aren't many along this back road... Not many car either, not much chance of a lift..."
m238,all about eve,conv_33798,KAREN,MARGO,f,f,4,48,4,0.0833,0,"He always looks so pathetic whenever he does anything physical- It seems to me that walking, for most people, is not very dangerous. I just never think of Lloyd as anywhere but indoors and anything but sitting down. Be brave. He'll come back - with or without gas."
m238,all about eve,conv_33799,KAREN,MARGO,f,f,3,13,0,0.0,0,Do you want it on? It doesn't matter. I detest cheap sentiment.
m238,all about eve,conv_33800,KAREN,MARGO,f,f,7,164,1,0.0061,0,"Karen.  I haven't been pleasant this weekend. We've all seemed a little tense lately... Come to think of it, I haven't been very pleasant for weeks. For that, I'm truly sorry. More than any two people I know, I don't want you and Lloyd to be angry with me... We're never deeply angry, we just get sore. The way you do. We know you too well... So many people - know me. I wish I did. I wish someone would tell be about me... You're Margo. Just - Margo. And what is that? Besides something spelled out in light bulbs, I mean. Besides something called temperament, which consists mostly of swooping about on a broomstick creaming at the top of my voice... infants behave the way I do, you know. They carry on and misbehave - they'd get drunk if they knew how - when they can't have what they want. When they feel unwanted and insecure - or unloved."
m238,all about eve,conv_33801,KAREN,MARGO,f,f,10,128,12,0.0938,0,"What about Bill? What about Bill? He's in love with you. More than anything in this world, I love Bill. And I want Bill. I want him to want me. But me. Not Margo Channing. And if I can't tell they apart - how can he? Why should he - and why should you? Bill's in love with Margo Channing. He's fought with her, worked with her, loved her... but ten years from now - Margo Channing will have ceased to exist. And what's left will be... what? Margo. Bill is all of eight years younger than you. Those years stretch as the years go on. I've seen it happen too often. Not to you. Not to Bill. Isn't that what they always say?"
m238,all about eve,conv_33802,KAREN,MARGO,f,f,2,34,0,0.0,0,"I don't suppose the heater runs when the motor doesn't? Silly, isn't it? You'd think they'd fix it so people could just sit in a car and keep warm..."
m238,all about eve,conv_33803,KAREN,MARGO,f,f,3,189,2,0.0106,0,"About Eve. I've acted pretty disgracefully toward her, too. Well... Let's not fumble for excuses, not here and now with my hair down. At best, let's say I've been oversensitive to... well, to the fact that she's so young - so feminine and helpless. To so many things I want to be for Bill... funny business, a woman's career. The things you drop on your way up the ladder, so you can move faster. You forget you'll need them again when you go back to being a woman. That's one career all females have in common - whether we like it or not - being a woman. Sooner or later we've all got to work at it, no matter what other careers we've had or wanted... and, in the last analysis, nothing is any good unless you can look up just before dinner or turns around in bed - and there he is. Without that, you're not woman. You're something with a French provincial office or a book full of clippings - but you're not a woman...  ... slow curtain. The end."
m238,all about eve,conv_33804,KAREN,MARGO,f,f,4,50,0,0.0,0,"Margo.  Margo, I want you to know how sorry I am about this... About what? This. I can't tell you how sorry I am! Don't give it another thought, one of destiny's many pranks. After all, you didn't personally drain the gasoline out of the tank..."
m238,all about eve,conv_33805,KAREN,MARGO,f,f,4,143,0,0.0,0,"""... my hat which has, lo, these many seasons become more firmly rooted about my ears, is lifted to Miss Harrington. I am once more available for dancing in the streets and shouting from the housetops."" ... I thought that one went out with Woollcott...  Down here... here, listen to this- ""... Miss Harrington had much to tell - and these columns shall report her faithfully - about the lamentable practice in our Theater of permitting, shall we say - mature - actresses to continue playing roles requiring a youth and vigor of which they retain but a dim memory-"" I just can't believe it. It get better! ""- About the understandable reluctance on the part of our entrenched First Ladies of the Stage to encourage, shall we say - younger - actresses; about Miss Harrington's own long and unsupported struggle for opportunity-"" I can't believe Eve said those things!"
m238,all about eve,conv_33806,KAREN,MARGO,f,f,3,113,3,0.0265,0,"In this rat race, everybody's guilty till they're proved innocent! One of the differences between the Theater and civilization...  ... what gets me is how all of those papers in town happened to catch that particular performance! Lloyd says it's a publicity release... The little witch must have had Indians runners out snatching critics out of bars, steam rooms and museums or wherever they hole up... well, she won't get away with it! Nor will Addison deWitt and his poison pen! If Equity or my lawyer can't or won't do anything about it, I will personally stuff that pathetic little lost lamb down Mr. deWitt's ugly throat..."
m238,all about eve,conv_33807,KAREN,MARGO,f,f,2,41,0,0.0,0,"Karen, in all the years of our friendship, I have never let you go to the Ladies' Room alone. But now I must. I am busting to know what goes on in that feverish little brain waiting there... Well... all right."
m238,all about eve,conv_33808,KAREN,MARGO,f,f,5,26,0,0.0,0,"With tears? With tears. But not right away? First the business of fighting them off, chin up, stout fella... Check. Very classy stuff, lots of technique-"
m238,all about eve,conv_33809,KAREN,MARGO,f,f,2,9,0,0.0,0,"I remember. You'll be there, won't you."
m240,american pie,conv_34077,JESSICA,VICKY,f,f,9,132,5,0.0379,0,"Vanderbilt's not that far from U of M. Yeah right. What?  We both have cars. Yeah but, no offense, you're talking about a post-high school, long- distance relationship, and you and Kevin haven't even done it yet. That's not why we're going out. What the hell are you expecting him to drive to Vanderbilt for?  Milk and cookies? Jessica!  He'll drive there for me, and I'll drive to Ann Arbor for him. We're going to have sex when he's ready and I'm ready.  It's got to be completely perfect.  I want the right place, the right time, the right moment. Vicky, it's not a space shuttle launch, it's sex.  So did you do the physics write-up? Please."
m240,american pie,conv_34078,JESSICA,VICKY,f,f,6,66,3,0.0455,0,"He likes it. Of course he does.  What about you? Have you just never had one with Kevin -- or have you never had one, period? I think I've had one. Well that's a no.  No wonder you're not psyched about sex.  You've never even had one manually? ...I've never tried it. Are you kidding?  You've never double- clicked your mouse?"
m240,american pie,conv_34079,JESSICA,VICKY,f,f,2,7,0,0.0,0,"Jessica, can you drive me home? Sure."
m243,annie hall,conv_34639,ALVY'S FATHER,ALVY'S MOTHER,f,f,3,19,2,0.1053,1,Let 'im drop dead! Who needs his business?! His wife has diabetes! Di-diabetes? Is that any excuse? Diabetes?
m243,annie hall,conv_34640,ALVY'S FATHER,ALVY'S MOTHER,f,f,8,34,0,0.0,0,You fired the cleaning woman? She was stealing. But she's colored. SO? So the colored have enough trouble. She was going through my pocketbook! They're persecuted enough! Who's persecuting? She stole!
m243,annie hall,conv_34641,ALVY'S FATHER,ALVY'S MOTHER,f,f,3,27,0,0.0,0,"All right-so we can afford it. How can we afford it? On your pay? What if she steals more? She's a colored woman, from Harlem!"
m245,antz,conv_34874,BALA,QUEEN,f,f,2,38,0,0.0,0,"Bala has always been a hopeless romantic, General. It's just that -- well, I'm honored that you selected me, and everything, I just thought the marriage might go a little more smoothly if -- we had a conversation?"
m245,antz,conv_34875,BALA,QUEEN,f,f,4,53,1,0.0189,0,I felt the same way before I got married.  Confused.  Scared. You did? Yes -- but I did my duty and sorted out all those messy feelings.  The wonderful thing about ant life is that everything is arranged.  Even marriage.  You're lucky -- General Formica is a paragon of anthood. Yes...he's wonderful...
m245,antz,conv_34876,BALA,QUEEN,f,f,2,11,0,0.0,0,"Who is that idiot? Darling, you must encourage the troops -- wave!"
m245,antz,conv_34877,BALA,QUEEN,f,f,2,2,0,0.0,0,Bala! Mom!
m246,the apartment,conv_35083,FRAN,MISS OLSEN,f,f,8,153,5,0.0327,0,"Hi. How's the branch manager from Kansas City? I beg your pardon? MISS OLSEN I'm Miss Olsen -- Mr. Sheldrake's secretary. Yes, I know. So you don't have to play innocent with me. He used to tell his wife that I was the branch manager from Seattle -- four years ago when we were having a little ring-a-ding- ding. I don't know what you're talking about. And before me there was Miss Rossi in Auditing -- and after me there was Miss Koch in Disability -- and just before you there was Miss What's-Her-Name, on the twenty- fifth floor -- Will you excuse me? What for? You haven't done anything -- it's him -- what a salesman -- always the last booth in the Chinese restaurant -- and the same pitch about divorcing his wife -- and in the end you wind up with egg foo yong on your face."
m246,the apartment,conv_35084,FRAN,MISS OLSEN,f,f,2,13,0,0.0,0,Well -- thank you. Always happy to do something for our girls in uniform.
m249,as good as it gets,conv_35420,BEVERLY,CAROL,f,f,3,14,0,0.0,0,I didn't know you had a secret admire. Huh? You met the gift.
m249,as good as it gets,conv_35421,BEVERLY,CAROL,f,f,4,75,2,0.0267,0,There is a seriously goofy man behind this. You are not allowed to block out that fact. Do you really want to go back to the runt doctors in Emergency who keep telling us they can't help? It lets a crazy man into our lives. Come on. Why fight when we know how it will come out. This isn't like stocking or a string of pearls. You don't send this one back.
m249,as good as it gets,conv_35422,BEVERLY,CAROL,f,f,6,134,0,0.0,0,You're not still writing that thank-you note? I'm on the last page. How do you spell conscience? C-o-n-s-c-i-e-n-c-e. I got Sean from the bakery to baby-sit so let's go out. I still don't feel safe leaving Spencer with someone. How do you spell it again? Spencer is okay. You'd better start finding something else to do with your free time. If you can't feel good about this break and step out a little...  You ought to get Mr. Udall to send you over a psychiatrist. I don't need one 'cause I know what's really going on here. I have to finish this letter or I'll go nuts.  This can't be right -- con- science.
m249,as good as it gets,conv_35423,BEVERLY,CAROL,f,f,5,211,4,0.019,0,"I don't know... It's very strange not feeling that stupid panic thing inside you all the time. Without that you just start thinking about yourself -- and what does that ever get anybody. Today, on the bus there was this adorable couple and I felt myself giving them a dirty look -- I had no idea everything was... Go ahead. ... moving in the wrong direction... Away from when I even remembered what it was like to have a man to... anything... hold fucking -- sorry -- hands with, for Christ's sake. I was feeling like really bad that Dr. Bettes is married.  Which is probably why I make poor Spencer hug me more than he wants to... Like the poor kid doesn't have enough problems. He has to make up for his mom not getting any.  Oh, boy. Who needs these thoughts? Spencer's doing fine. So what are you saying, that you're frustr... Leave me be! Why are you doing this? Why are you picking at my sores... What is it that you want?... You want what? What's with you? I hope getting me thinking of everything that's wrong when all I want is to not do this has some purpose.  What is it, Mom? No kidding."
m249,as good as it gets,conv_35424,BEVERLY,CAROL,f,f,2,12,0,0.0,0,What is it you want? What? I want us to go out.
m249,as good as it gets,conv_35425,BEVERLY,CAROL,f,f,3,55,5,0.0909,0,"How was it talking to him? Stop treating this like I'm going away with a man. He's just going to say those crappy, sick, complaining, angry things to me. I hate this, Mom -- I hate this. He's a freak show -- the worst person I ever met. Well, maybe he has nice friends."
m249,as good as it gets,conv_35426,BEVERLY,CAROL,f,f,2,11,0,0.0,0,Call me as soon as you're settled. I love you.
m249,as good as it gets,conv_35427,BEVERLY,CAROL,f,f,2,40,2,0.05,0,"Stop it!! Why can't I have a normal boyfriend??? Why? Get out of here. Just a regular boyfriend who doesn't go nuts on me... Everybody wants that, dear -- it doesn't exit...  Sorry... didn't mean to interrupt."
m249,as good as it gets,conv_35432,CAROL,DR. BETTES,f,f,5,91,6,0.0659,0,What? Please? Now? Tell me?! Mrs. Connelly. I'm Martin Bettes ...  Dr. Bettes. Not your name...  what are you telling me your name for!! Where is he? He's in the bathroom...  He's fine. Tell me how bad it is. I let him go out last night when it was so cool without an overshirt -- just and underone with just the straps and I know better...  and I let him talk me into it. He was whining and...  you don't need this. Give me a second to catch hold.
m249,as good as it gets,conv_35433,CAROL,DR. BETTES,f,f,2,35,2,0.0571,0,My wife is Melvin Udall's publisher.  She says I have to take great care of this guy because you're urgently needed back at work. What work do you do? I'm a waitress.
m249,as good as it gets,conv_35434,CAROL,DR. BETTES,f,f,16,130,4,0.0308,0,"How long has he been having problems? Since forever. Have they done blood tests on him? Yes. Only in the emergency room or when he was well. Emergency room only. Have they done skin testing for allergies? No. They haven't done the standard scratch test. Where they make small injections into the skin? No. I asked. They said it's not covered under my plan. And it's not necessary anyway. It's amazing these things weren't done. Fucking H.M.O. bastard piece of shit...  I'm sorry...  forgive me. No. Actually, I think that's their technical name. Once the tests come back, is there someone I can reach in your office for the results? Me. My home number is on this card. His home number."
m249,as good as it gets,conv_35435,CAROL,DR. BETTES,f,f,3,32,0,0.0,0,Do you want some juice or coffee or two female slaves? Water...  Nobody told you it might be a good idea to remove the carpeting and drapes in Spencer's room? No.
m249,as good as it gets,conv_35436,CAROL,DR. BETTES,f,f,2,29,0,0.0,0,"Doc!!!  So listen, you gotta let me know about the additional costs -- one way or the other we'll... They're considerable. But Mr. Udall wants to be billed."
m254,badlands,conv_36226,GIRL,HOLLY,f,f,7,34,3,0.0882,0,"What's going to happen to Jack and me? You have to ask Kit. He says frog, I jump. Okay. What's your friend's name? Jack. You love him? I don't know."
m254,badlands,conv_36227,GIRL,HOLLY,f,f,3,23,2,0.087,0,"I've got to stick by Kit... He feels trapped. Yeah. I can imagine. Well, I've felt that way, hadn't you?"
m258,basquiat,conv_36740,ANNINA NOSEI,GINA,f,f,3,6,0,0.0,0,Who is it? Annina Nosei. Who?
m258,basquiat,conv_36741,ANNINA NOSEI,GINA,f,f,2,5,0,0.0,0,Is Jean Michel here? No.
m258,basquiat,conv_36742,ANNINA NOSEI,GINA,f,f,4,18,1,0.0556,0,These are great. Aren't they? How much for these five? You should talk to him about this.
m258,basquiat,conv_36743,ANNINA NOSEI,GINA,f,f,2,18,1,0.0556,0,I'm interested in showing Jean's work. I really think you should talk to him about this.
m265,beetle juice,conv_37511,BARBARA,JUNO,f,f,4,43,0,0.0,0,"I'd nearly given up on you.  I was about to leave.  I do have other clients. Are you Juno, our case worker? Yes.  I evaluate individual cases and determine if help is needed, deserved, and available. We need help.  We deserve help."
m265,beetle juice,conv_37512,BARBARA,JUNO,f,f,2,11,0,0.0,0,We're very unhappy. What do you expect?  You're dead.
m265,beetle juice,conv_37513,BARBARA,JUNO,f,f,2,6,0,0.0,0,-- Like you used to be? Yes.
m265,beetle juice,conv_37514,BARBARA,JUNO,f,f,2,60,1,0.0167,0,"No. Pity.  Murderers seem to have an easy time of it.  Just look at Amityville.  He was one of my boys.  Didn't have to give that one any lessons. From day one... But I must be off ... I've got a planeload of football players crashed in the midwest... they need a lot of help, just with the basics."
m265,beetle juice,conv_37515,BARBARA,JUNO,f,f,2,19,2,0.1053,1,If... we have trouble.  What about the guy in the flyer?  Betelge... No.  You don't want his help.
m265,beetle juice,conv_37516,BARBARA,JUNO,f,f,5,82,9,0.1098,1,"No, you don't!  He does not work well with others. What do you mean?  What's he do? He's a freelance bio-exorcist. Claims to get rid of the living. But he's a troublemaker.  He's pushy.  He's been sleazing around that cemetery for 500 years. Our cemetery? Yeah.  He still tries popping up all over the place.  But he can't join the party unless you call on him.  Get the Deetzes out by yourselves! I gotta go."
m265,beetle juice,conv_37517,BARBARA,JUNO,f,f,3,60,4,0.0667,0,"The whorehouse was my idea. I want Betelgeuse out of the picture!  We've got some serious talking to do. About what? You people have really screwed up!  I received word that you allowed yourselves to be <u>photographed</u>.  And you let Betelgeuse out and didn't put him back, and you let Otho get ahold of the handbook."
m265,beetle juice,conv_37518,BARBARA,JUNO,f,f,2,61,8,0.1311,1,"What about Betelgeuse? Forget him.  He'll remain with his whores until someone calls him.  You need to worry about people like <u>Otho</u>.  There are a lot of phony trance mediums.  They usually can't make the formulas work, but if Otho stumbles on the right words in that handbook... he could hurt you.  As in -- <u>exorcism</u>."
m265,beetle juice,conv_37519,BARBARA,LYDIA,f,f,3,31,0,0.0,0,"If I had seen a ghost at your age, I would have been frightened out of my wits. You're not gross.  Why were you wearing a sheet? We're practicing."
m265,beetle juice,conv_37520,BARBARA,LYDIA,f,f,2,14,0,0.0,0,Tell the truth. I always tell the truth.  Of course I can see you.
m265,beetle juice,conv_37521,BARBARA,LYDIA,f,f,2,32,1,0.0312,0,"We can't.  We haven't left the house since the funeral. Funeral.  God, you guys <u>really are</u> <u>dead</u>!  What was it like?  The funeral. Did you cry?"
m265,beetle juice,conv_37522,BARBARA,LYDIA,f,f,2,47,0,0.0,0,"I don't wear that stuff to <u>bed</u>. Besides, there's <u>nothing</u> wrong with it.  I'm getting out of here. Wait... I don't think it would be a very good idea if you told your parents that we're up here."
m265,beetle juice,conv_37523,BARBARA,LYDIA,f,f,2,10,0,0.0,0,"I hate you!  I can't trust anybody! No, wait!"
m265,beetle juice,conv_37524,BARBARA,LYDIA,f,f,5,42,3,0.0714,0,"He said if I let him out he would take me over to the other side to find you. No, Lydia, we're dead. I want to be dead too. No you don't!  No... Lydia... Why? Life is just... too awful."
m265,beetle juice,conv_37525,BARBARA,LYDIA,f,f,2,28,1,0.0357,0,"So, <u>never</u> let Beetle Juice out. Never.  Besides...  We're thinking about letting everyone stay... You and your father and mother can stay too. Step... mother."
m265,beetle juice,conv_37526,BARBARA,LYDIA,f,f,2,34,0,0.0,0,How'd you do on the science test? It was gross. They wanted me to dissect a frog. I told them no way.  I said it was against my religion.  I got a C.
m265,beetle juice,conv_37527,BARBARA,JANE,f,f,9,124,1,0.0081,0,"Hi, Barb!  I'm glad I caught you. I heard you were on vacation! That's right, Jane.  Complete vacation. Honey -- today I am three hundred <u>fifty</u> thousand dollars! No!  Jane, it is 6:45 in the morning! Look at me, think of me as cash! This offer is really real!  From a rich man in New York City who only saw a photograph! Jane, don't send photographs of our house around the country! We're not interested in selling. You could double the size of your hardware store!  You'll be rich. And live in what, our station wagon? Barbara Maitland, sweetie, you just listen now.  This house is too big.  It really ought to be for a couple with a family."
m265,beetle juice,conv_37528,BARBARA,JANE,f,f,2,31,0,0.0,0,"Oh, honey... I didn't mean anything ... it's just too big for you two. I know these things. 'Bye, Jane, I'll see you in church in a couple weeks."
m265,beetle juice,conv_37566,DELIA,LYDIA,f,f,2,41,0,0.0,0,"I plan to have a stroke from the amount of MSG that's in this food. This is our first meal in this house, Lydia.  Why don't we all do our little private parts to make it a pleasant one?"
m265,beetle juice,conv_37567,DELIA,LYDIA,f,f,2,51,1,0.0196,0,"We'll be <u>the</u> art center of summer New York.  I'll teach those phony gallery creeps to refuse my sculpture.  And when Otho and I get through with this house, you people are not going to recognize it. I say let's keep it the way it is."
m265,beetle juice,conv_37568,DELIA,LYDIA,f,f,3,50,0,0.0,0,"<u>You jerks</u>!  That is my art, and it is <u>dangerous</u>!  You think I want to die like that?  Lydia.  Moving is a family affair. So buckle down now and go get Mommy some drugs. Any particular kind? Joke!  Joke!  Aspirin!  It doesn't matter what brand."
m265,beetle juice,conv_37569,DELIA,LYDIA,f,f,3,137,1,0.0073,0,"I can't believe you are doing this to me!  <u>Ghosts</u>.  I am giving a dinner party for seven people tonight.  Otho has agreed to come back for the demolition of the attic.  My agent, Bernard, is bringing some woman who writes for <u>Architectural Digest</u>.  In fact, no one here tonight has not been in <u>Vanity Fair</u>.  Except you. I <u>told</u> them you were too mean to be afraid. Don't you <u>dare</u> talk to others about me.  I'm an <u>artist</u>!  The only thing that scares me is being embarrassed in front of my friends.  Do you know how hard it is to get civilized people to set foot in this part of Connecticut? Not a solitary word of this pubescent tripe to anyone."
m265,beetle juice,conv_37570,DELIA,LYDIA,f,f,2,10,0,0.0,0,Don't you <u>dare</u>. I saw some ghosts.
m265,beetle juice,conv_37571,DELIA,LYDIA,f,f,3,32,0,0.0,0,Lydia tried to play a most amusing joke on me this afternoon. It wasn't a joke. Tried to convince me that this house is haunted.  Kids.  Kids. Kids!  I love them.
m265,beetle juice,conv_37572,DELIA,LYDIA,f,f,2,37,0,0.0,0,"I think the reason is they were trying to scare you, and you didn't get scared -- Of <u>course</u> we weren't scared.  Just a little startled.  One of those sushi dropped down my Kamali."
m265,beetle juice,conv_37573,DELIA,LYDIA,f,f,3,113,0,0.0,0,"All right, you dead people!  Come on out, or we'll break down this door and drag you out on the ropes you hanged yourself with! Shhhh.  They didn't commit suicide. It doesn't matter.  What matters is I've got a roomful of guests down there, who think I'm a fraud.  I am going to teach you something here Lydia.  You've <u>got</u> to take the right tone in things like this, or people -- whether they're dead or alive -- people will walk all <u>over</u> you.  Come on out, or I will make death so miserable that you will wish you had never <u>lived</u>!"
m265,beetle juice,conv_37574,DELIA,LYDIA,f,f,2,30,0,0.0,0,"Lydia, I will never forgive you for embarrassing me in front of my social inferiors.  You help us with these ghosts or you'll be sorry. I'm sorry already."
m265,beetle juice,conv_37591,JANE,LYDIA,f,f,2,32,0,0.0,0,"Well there's a Little Deetz at least.  Boy, when you city people do something, you do it right, don't you? What happened to the people who used to live here?"
m265,beetle juice,conv_37592,JANE,LYDIA,f,f,2,49,2,0.0408,0,Is this the key to the attic? That's a skeleton key.  It'll open any door in that house.  Will you give it to your father?  And you might mention that I single-handedly decorated the house.  In case he needs advice in that area.  Come see me.
m265,beetle juice,conv_37593,JANE,LYDIA,f,f,3,44,0,0.0,0,"Are we going to be seeing you at Miss Shannon's Boarding School? Yes, but I'm going to live at home. Remind me to talk to your mother about the dress code.  I'm sure you're going to be very happy there."
m265,beetle juice,conv_37594,JANE,LYDIA,f,f,3,32,0,0.0,0,"Hellooo!  How's school? It's okay.  How's the dirt business? Well, I just placed a call to your mother.  She had stepped out but I have some news for her."
m266,being there,conv_37753,EVE,RAND,f,f,10,143,2,0.014,0,"Oh, Ben - I miss you so when I'm out... How are you feeling? Tired... And I'm getting tired of being so tired. Other than that, I'm doing very well. No headaches? No, it's been a good day - better than yours, from what I've been told. You heard? I may be a shut-in, but I do not lack for news. I'm sorry you had to go through all that. Oh, it wasn't all that bad, darling. We were fortunate that Mr. Gardiner turned out to be so reasonable. Reasonable? Good, I'd like to meet a reasonable man. Why don't you ask this Gardiner to join us for dinner? Do you feel well enough for that? Hah!... Tell me the truth, Eve - if I wait until I feel better, will I ever meet the man?"
m266,being there,conv_37754,EVE,RAND,f,f,2,27,0,0.0,0,"Oh. I'm very sorry. Well, if you have any need for any of our facilities, please do not hesitate to ask. Do you need a secretary?"
m266,being there,conv_37755,EVE,RAND,f,f,3,27,0,0.0,0,"I'm becoming quite attached to Chauncey - quite attached...  ... And so are you, aren't you, Eve. ... Yes, I am, Ben. That's good... That's good."
m266,being there,conv_37756,EVE,RAND,f,f,2,16,0,0.0,0,"... Ben, really... ... Thank you, Chauncey... Thank you very much.  ... All right, Robert, I'm all yours."
m267,being john malkovich,conv_37883,LOTTE,MAXINE,f,f,2,16,1,0.0625,0,"Yes, hello, I wanted to place an ad.  Hi, are you Craig's wife? Yes, Hi."
m267,being john malkovich,conv_37884,LOTTE,MAXINE,f,f,2,47,1,0.0213,0,"Hi. Have you done Malkovich yet? Hi, uh.  Hi. I wanted to place an ad. Yes. ""Ever want to be someone else?"" No, that's the ad, but let's talk about you in a minute. ""Ever want to be someone else? Now you can. No kidding..."""
m267,being john malkovich,conv_37885,LOTTE,MAXINE,f,f,2,20,4,0.2,1,"Don't stand in the way of my actualization as a man, Craig. Let her go, Craig. I mean him."""
m267,being john malkovich,conv_37886,LOTTE,MAXINE,f,f,2,28,1,0.0357,0,"And the funny thing is. Mr. Malkovich, my voice is probably the least intriguing thing about me. I've never been looked at like this by a woman."
m267,being john malkovich,conv_37887,LOTTE,MAXINE,f,f,2,33,1,0.0303,0,"Ah. After that I'll introduce you to my favorite monkey, Elijah. He's got an ulcer, due to a suppressed childhood trauma. But we're getting to the bottom of it.  Psychotherapy."
m267,being john malkovich,conv_37888,LOTTE,MAXINE,f,f,4,24,2,0.0833,0,Yes? I have to see you. Can you call him and invite us over? When? Give me one hour to get inside him Exactly.
m267,being john malkovich,conv_37889,LOTTE,MAXINE,f,f,3,11,0,0.0,0,"Oh my darling. Oh my sweetheart. I love you, Lotte. Maxine..."
m267,being john malkovich,conv_37890,LOTTE,MAXINE,f,f,3,36,0,0.0,0,"J.M. Inc. Be all that someone else can be. I have to see you. Sweetie! Oh, but we can't. It's business hours. I need to keep the membranous tunnel open for paying customers."
m267,being john malkovich,conv_37891,LOTTE,MAXINE,f,f,2,6,0,0.0,0,We have to meet. One hour.
m267,being john malkovich,conv_37892,LOTTE,MAXINE,f,f,4,86,6,0.0698,0,"Maxine! Listen:  It hasn't been me in John the last three times. Craig's had me locked up in the apartment. He made me call you at gunpoint. It's been him! Oh, God, it's been him! Really? Well, you know, he's quite good. I'm surprised. Anyway, I have a session with Malkovich I have to attend. I'll speak with you soon. But Maxine, I thought it was me you loved. I thought so too, doll. I guess we were mistaken."
m268,beloved,conv_37920,BABY SUGGS,DENVER,f,f,2,44,1,0.0227,0,"Why you never go back to Lady Jone's and learn your letters? You liked going there I remember. Seeing the other children. Then all a sudden, you stop. There was a boy there...said mama was a jailbird...said he could prove it.."
m268,beloved,conv_37921,BABY SUGGS,DENVER,f,f,5,53,0,0.0,0,"You got to go sometime. You got to go out there by yourself sometime. But you said...you said out there, there ain't no...what was that word?..no..de- fense. No de-fense. There ain't. Then what do I do? Know it, and go on out the yard. Go on."
m268,beloved,conv_37927,BABY SUGGS,SETHE,f,f,2,17,0,0.0,0,"No. Sorry. Ah, winter in Ohio is especially rough if you've got an appetite for color."
m268,beloved,conv_37928,BABY SUGGS,SETHE,f,f,7,316,12,0.038,0,"They'll be all right. I'm surprised they lasted here this long. I don't know. Maybe we should have moved. What'd be the point? Not a house in the country ain't packed to the rafters with some dead Negro's grief. We lucky our ghost is a baby. My husband spirit come back? Or yours? Don't talk to me! Ha..You lucky. You got one child left, still pullin at your skirts. Be thankful. I had eight. Eight with six fathers. Every one of them gone from me. Four taken, four chased and all, I expect, worrying somebody's house into evil. My first born - alls I can remember of her now is how she loved the burned bottom of bread. Her little hands..I wouldn't know'em if they slapped me. Can you beat that? Eight children and that's all I remember. You remember Halle. Oh, I remember bits and pieces of all of'em I guess..Halle, of course..I had Halle a lifetime. Almost twenty years... My two girls, sold and gone before I could even a heard about it, and them without their grown up teeth yet. My third child, my son after Halle...I let that straw boss have me for four months so's I could keep that boy. Next year, he had him traded for lumber anyway and me pregnant with his child. I couldn't love that child. I wouldn't. Not any of the rest either. God take what He would....and He did... The boys wouldn't have left if Halle were here. Those boys didn't even know him. You had six whole years of marriage to my Halle Fathered every one of your children. A blessing. I learned hard that a man's just a man, but a son like that...like Halle..now that's somebody."
m268,beloved,conv_37929,BABY SUGGS,SETHE,f,f,2,41,0,0.0,0,"...All I remember is how she loved the bottom of burned bread. Her little hands...I wouldn't know 'em if they slapped me"". ...""Here. Look here. See this mark? If you can't tell me by my face, look here."""
m268,beloved,conv_37930,BELOVED,DENVER,f,f,3,150,0,0.0,0,"..I swallowed her blood right along with my mother's milk. She played with me and always came to be with me whenever I needed her. Me and her waited for our daddy. I love her. I do. She never hurt me. I love my mother but I know she killed one of her own, and tender as she is with me, I'm scared of her because of it. All the time, I'm afraid the thing that happened that made it all right to kill her own, could happen again. Whatever it is, it comes from outside this house, outside the yard. So I never leave this house and I watch over the yard so it can't happen again ... I have to keep it away from my sister...I'll protect Beloved...'Cause She's mine... Beloved..She's mine       I am Beloved and she is mine..."
m268,beloved,conv_37931,BELOVED,DENVER,f,f,2,7,0,0.0,0,YOU HURT ME. I WILL PROTECT YOU.
m268,beloved,conv_37932,BELOVED,DENVER,f,f,3,17,1,0.0588,0,WATCH OUT FOR HER; SHE CAN GIVE YOU DREAMS. WHERE ARE THE MEN WITHOUT SKIN? THE WHITEFOLK?
m268,beloved,conv_37933,BELOVED,DENVER,f,f,2,22,0,0.0,0,What do you know about it? I sleep where I want. You best leave that quilt alone. That was grandma's quilt.
m268,beloved,conv_37934,BELOVED,SETHE,f,f,6,29,0,0.0,0,DID YOU COME FROM THE OTHER SIDE. YES. I WAS ON THE OTHER SIDE. YOU CAME BACK BECAUSE OF ME? YES. YOU NEVER FORGOT ME? YOUR FACE IS MINE.
m268,beloved,conv_37935,BELOVED,SETHE,f,f,3,17,0,0.0,0,WILL YOU STAY? WHY DID YOU LEAVE ME WHO AM YOU? I WILL NEVER LEAVE YOU AGAIN.
m268,beloved,conv_37936,BELOVED,SETHE,f,f,2,23,0,0.0,0,CAN THEY GET IN HERE? NO. THEY TRIED ONCE BUT I STOPPED THEM. THEY WON'T EVER COME BACK...YOU MY BEST THING.
m268,beloved,conv_37937,BELOVED,SETHE,f,f,10,172,1,0.0058,0,"You don't sit with me!! Baby, don't be like that. You don't sit with me!! I don't sit with people who leave me! Don't talk like that. Your mama loves you. I had another dream last night.  The dead man laying on top of me and I had nothing to eat. And the ghosts without skin stuck their fingers in me and said Beloved in the dark and bitch in the light.. Don't say those things. You forget about those dreams.. You gave me the bad dreams. You left me behind... Mama told you - I'd give up my own life, every minute, every hour of it to take back one of your tears baby...My children my best thing. You my best thing! You're weren't nice to me..you didn't smile at me.. That's not true. I told you, I had to get you out, make you safe...so's you and me could be together on the other side, forever.."
m268,beloved,conv_37938,BELOVED,SETHE,f,f,4,40,0,0.0,0,"I want somethin' sweet. We don't have nothing sweet no more, baby. Not for me, you don't! You don't let me eat the pies... No. Since mama lost her job, we don't have no more pies.."
m268,beloved,conv_37944,DENVER,JANEY,f,f,13,72,1,0.0139,0,"Yes? May I come in? What you want? I want to see Mr. and Mrs. Bodwin. Miss Bodwin. They brother and sister, darlin. Oh. What you want'em for? I'm looking for work. I was thinking they might know of some. You Baby Sugg's kin, ain't you? Yes ma'am. I heard your mother took sick, that so? Yes ma'am.. Well, come on in. You letting in flies."
m268,beloved,conv_37945,DENVER,JANEY,f,f,11,252,1,0.004,0,"You know what? I've been here since I was fourteen and I remember like yesterday when Baby Suggs, holy, came here and sat right where you are. Whiteman name of Garner brought her. He and Mr. Bodwin were good friends. That's how she got that house you all live in. Other things too. Yes ma'am. I never went to those woodland services but she was always nice to me. Always. Never be another like her. I miss her. Bet you do. Everybody miss her. That was a good woman...Well, I don't know whether the Bodwins think it or not but they sure could use some extra help. Ya think? They getting older now and I can't take care of 'em like I used to. More and more they keep asking me to sleep over night. Now, I don't want to quit these people but they can't have all my days and nights too. I got my own family needs me. It'll take some convincing but maybe you could come after supper - take care of your mama during the day, then earn a little something at night, how's that? Fine. But what would I do at night? Be here. In case. In case of what? In case the house burn down or bad weather slops the roads so bad I can't get here on time or late guests needed cleaning up after. Anything.  Don't ask me what whitefolks need at night."
m268,beloved,conv_37946,DENVER,JANEY,f,f,2,44,0,0.0,0,"They good whitefolks? Oh yeah. They good. Can't say they ain't good. I wouldn't trade them for another pair, tell you that. But you come back in a few days - give me a chance to lead'em to it. All right?"
m268,beloved,conv_37947,DENVER,LADY JONES,f,f,9,124,0,0.0,0,"I want to work, Miss Lady. Work? Start learnin your letters again? No. I mean work work. Well, what can you do? I can't do anything but I would learn it for you if you have a little extra. Extra? Food. My mama, she doesn't feel well. I couldn't stay away from her too long, cause of her condition but I could do chores in the mornings. Oh baby...I don't know anyone could pay anybody anything for work they did themselves...But if you all need to eat until your mother's well, all you have to do is say so...We have a church committee invented so nobody had to go hungry. No..No that won't do..."
m268,beloved,conv_37948,DENVER,SETHE,f,f,4,24,0,0.0,0,"Back stiff? OOh, yeah...Don't know if it's the floor or the skating. Could be that fall you took. That was fun."
m268,beloved,conv_37949,DENVER,SETHE,f,f,6,96,0,0.0,0,"Should I wake her? No, let her rest. She likes to see you off in the morning. I'll make sure she does. But first I'm going  make up a nice, big breakfast against that cold outside. Won't you be late for work? Don't matter. First time I'll be late in nine years. No great trouble..Whatever goes on out there goes on with or without me showing up on time... don't matter...  The world is in this room, baby. This is all there is and all there needs to be."
m268,beloved,conv_37950,DENVER,SETHE,f,f,2,10,0,0.0,0,DON'T LOVE HER TOO MUCH. DO YOU FORGIVE ME?
m268,beloved,conv_37951,DENVER,SETHE,f,f,2,9,0,0.0,0,OUT THERE. WAY OFF. DADDY IS COMING FOR US.
m268,beloved,conv_37952,DENVER,SETHE,f,f,2,4,0,0.0,0,"Morning. Morning, ma'am."
m268,beloved,conv_37953,DENVER,SETHE,f,f,4,24,0,0.0,0,MAMA! Hold back Denver - I'm fine..You..you go on upstairs. I'll do the cleaning up. But mama.. Go upstairs I said!!
m268,beloved,conv_37954,DENVER,SETHE,f,f,2,12,0,0.0,0,Mama let me help you. NO!...She wanted me to do it.
m268,beloved,conv_37955,DENVER,SETHE,f,f,4,74,0,0.0,0,Nobody..no sir..that's right..nobody's going be doing that..nobody going be writing my daughter's characteristics on the animal side..no sir..I don't care..ain't laying that down..no sir. I refuse..that's right..that's right... Mama...Mama she's asleep. Why don't you eat something. She likes this dress... But you'll hurt your eyes doin it there. Come sit at the table.
m268,beloved,conv_37956,DENVER,SETHE,f,f,2,4,0,0.0,0,No...no...no.. Mama?
m279,the bridges of madison county,conv_39211,BETTY,CAROLYN,f,f,2,31,0,0.0,0,I am so sick and tired of apologizing and not knowing what I've done! I'm sure you haven't done anything. Have some iced tea. How are the kids?
m279,the bridges of madison county,conv_39212,BETTY,CAROLYN,f,f,2,9,0,0.0,0,Eeeww! I know. I don't understand it either.
m279,the bridges of madison county,conv_39213,BETTY,CAROLYN,f,f,2,11,0,0.0,0,"How bizarre! Mr. Peterson, are you sure mama wrote all this?"
m279,the bridges of madison county,conv_39214,BETTY,CAROLYN,f,f,3,13,0,0.0,0,"Oh, just a old letter from a friend. No treasure maps, huh? No."
m279,the bridges of madison county,conv_39215,BETTY,CAROLYN,f,f,2,63,0,0.0,0,"I do not need instructions from you to bathe!  I knew you'd do this! I knew I'd come all the way here and be shut out as usual! I came to be here for you! I didn't have to come!  Lord knows I was never much welcome in this house before. Apparently dead or alive, nothing's changed. Aw, Betty."
m279,the bridges of madison county,conv_39216,BETTY,CAROLYN,f,f,2,10,0,0.0,0,Carolyn -- you want these candlesticks? No. You can have them.
m279,the bridges of madison county,conv_39239,FRANCESCA,MADGE,f,f,2,130,3,0.0231,0,"Madge? Hi. I made some brown betty. I sent Floyd off to town with the boy. I said -  ""Floyd, I'm going to visit my girlfriend and spend the afternoon and that's all there is to it. He said who's going to make lunch? I said I'm taking a sick day. Eat at the dinner."" Isn't that hilarious?  He didn't dare raise an eyebrow -- I don't even want to tell you how late he was out last night with those good for nothings from the Sandford ranch. I am so sorry, honey, I let two days pass before I came by, but with the boy home the time just escapes me. Have you heard from Richard? How's the fair? God, it's hot."
m279,the bridges of madison county,conv_39240,FRANCESCA,MADGE,f,f,2,100,3,0.03,0,"Madge. Please. Something's happened. I've met someone. I've fallen in love in a way I've never thought could happen my entire life. It's our last day together. I feel like I'm going to die when he leaves. Please. Help me. Oh, honey. I'm so sorry. But you've got to be grateful for even feeling the little you've be given. Believe me. Go to him. Don't let him leave without these new precious hours you've got left. And if you need anyone to cry on, you know where I am."
m279,the bridges of madison county,conv_39241,FRANCESCA,MADGE,f,f,6,101,0,0.0,0,"I don't know. I woke up a little dizzy. I didn't sleep well. I think I need to lay down. You want me to call the doctor? No, no. I just didn't sleep well. I'm not used to sleeping alone. And this heat. Would you mind? No, of course not. I'll just clean up. No, leave it. I'll do it later. Listen, maybe you and Floyd can come for dinner on Saturday. I'm sure Richard'll have so many stories to tell you both about the fair and all. Oh, that'll be nice."
m281,bound,conv_39543,CORKY,VIOLET,f,f,3,35,0,0.0,0,"Hi.  My name is Violet.  We sort of met in the elevator -- Yeah, sure.  I'm Corky. I heard you working in here and I just wondered if you'd like a cup of coffee?"
m281,bound,conv_39544,CORKY,VIOLET,f,f,3,26,3,0.1154,1,"Who? Rajeev, the man who usually works on the building. Oh, he went home to India, but as far as I know he'll be back."
m281,bound,conv_39545,CORKY,VIOLET,f,f,2,13,0,0.0,0,So this is temporary for you? Pretty much.  One day at a time.
m281,bound,conv_39546,CORKY,VIOLET,f,f,2,8,0,0.0,0,I guessed you were straight black. Good guess.
m281,bound,conv_39547,CORKY,VIOLET,f,f,12,163,3,0.0184,0,"Mmmm ...  thanks, I needed this. My pleasure ...  but to be honest, I did have a slightly ulterior motive here.  I was wondering if I could ask a small favor? A favor? Yeah, see, I'm kind of a night person, so I was wondering if it wasn't a terrible inconvenience if you could wait a bit before using power tools. Oh, I'm sorry -- No, it isn't your fault.  The walls here are just so thin. Are they really? Yes, it really causes problems. Sometimes it's like you're in the same room.  But if it's too much trouble, I understand ... No, no trouble.  There's other work to do. You're doing everything yourself? Yeah. That is so amazing.  I'm in awe of people who can fix things.  My dad was like that.  We never had anything new.  Whenever something broke he would open it up, tinker with it and it would work.  His hands were magic."
m281,bound,conv_39548,CORKY,VIOLET,f,f,7,28,1,0.0357,0,"Truck. Truck.  Of course. '63 Chevy. I knew it. So, how do you know the owner, Mr. Bianchinni? I don't, really.  I was referred to him. Oh, really."
m281,bound,conv_39549,CORKY,VIOLET,f,f,4,30,7,0.2333,1,"Do you know him? No, but Caesar does.  He likes him. Says he's a good Italian. Caesar is your husband? Oh no, no.  I'm not the marrying kind."
m281,bound,conv_39550,CORKY,VIOLET,f,f,3,14,0,0.0,0,I should be going.  You can drop the cup off anytime. Thanks. My pleasure.
m281,bound,conv_39551,CORKY,VIOLET,f,f,5,52,2,0.0385,0,"Oh no.  Shit.  I didn't know he would call you.  God, you must think |I'm a total nuisance. Not exactly. I'm sorry, I usually would call Rajeev, but I didn't know what to do so I called Mr. Bianchinni. He said you lost something. Yeah, come on in."
m281,bound,conv_39552,CORKY,VIOLET,f,f,2,23,0,0.0,0,"I'm sorry, look, forget it.  I shouldn't have called... I told Bianchinni I would take a look.  Is it that sink?"
m281,bound,conv_39553,CORKY,VIOLET,f,f,2,9,0,0.0,0,Do you have a pot or a bucket? Sure.
m281,bound,conv_39554,CORKY,VIOLET,f,f,2,23,0,0.0,0,Thank you so much.  You have to let me pay you something -- No.  Mr. Bianchinni asked me to do it.  I did it.
m281,bound,conv_39555,CORKY,VIOLET,f,f,4,13,0,0.0,0,"Okay, one drink. What do you want? A beer? A beer.  Of course."
m281,bound,conv_39556,CORKY,VIOLET,f,f,2,10,0,0.0,0,"You seem uncomfortable.  Do I make you nervous, Corky? No."
m281,bound,conv_39557,CORKY,VIOLET,f,f,2,15,0,0.0,0,"Curious, maybe. Curious?  That's funny, I'm feeling a bit curious myself right now."
m281,bound,conv_39558,CORKY,VIOLET,f,f,3,20,0,0.0,0,"Are you surprised that I know what it is? Maybe. I have a tattoo, would you like to see it?"
m281,bound,conv_39559,CORKY,VIOLET,f,f,3,27,0,0.0,0,Isn't it obvious?  I'm trying to seduce you. Why? Because I want to.  I've wanted to since I first saw you in the elevator.
m281,bound,conv_39560,CORKY,VIOLET,f,f,4,24,0,0.0,0,"You dropped that earring down the drain on purpose, didn't you? If I say yes, will you take your hand away? No. ...  yes."
m281,bound,conv_39561,CORKY,VIOLET,f,f,4,33,0,0.0,0,"I had to see you. Look, I don't think this is a good idea. I wanted to apologize. Don't apologize, please.  I can't stand women who apologize for wanting sex."
m281,bound,conv_39562,CORKY,VIOLET,f,f,2,7,0,0.0,0,...  I needed that. Tell me about it.
m281,bound,conv_39563,CORKY,VIOLET,f,f,12,64,7,0.1094,1,"Caesar's Mafia, isn't he? You have to ask? No. Funny, nobody calls it that anymore. Caesar calls it ""The |Business."" How did you meet him? They took over a club I was working at.  Caesar started managing it. He's a launderer? Basically. How long have you been with him? Almost five years. Five years is a long time. Yes, it is."
m281,bound,conv_39564,CORKY,VIOLET,f,f,7,62,0,0.0,0,The redistribution of wealth. What? Isn't that what you wanted to know? What I did time for? The redistribution of wealth? That's what I tell someone when I'm trying to get them in my bed. I'm already in your bed. My cellmate would say she did her time for getting caught.  She was always more honest than me.
m281,bound,conv_39565,CORKY,VIOLET,f,f,4,26,0,0.0,0,You didn't have to tell me if you didn't want to. I guess I wanted to. I'm glad you did. So am I.
m281,bound,conv_39566,CORKY,VIOLET,f,f,2,4,0,0.0,0,What's wrong? Nothing.
m281,bound,conv_39567,CORKY,VIOLET,f,f,23,245,1,0.0041,0,"Yes there is.  I felt it this morning when I brought you the coffee. Shit, here we go. You didn't want to see me, did you? If there is one thing I can't stand about sleeping with women, it's all the fucking mind reading. What are you afraid of? I'm not afraid of anything. I don't understand - ? I know!  You can't understand, because we're different, Violet.  We're different. We're not that different, Corky. How can you sit in that bed and say that? Because it's the truth. Let me guess.  This is where you tell me that what matters is on the inside.  That inside you, there is a little dyke just like me? Oh no, she's nothing like you.  She's a lot smarter than you. Is that what her daddy tells her? I know what I am.  I don't need to have it tattooed on my shoulder. What are you saying?  That you don't have sex with men? I don't. For Christ's sake, Violet!  I heard you!  Thin walls, remember? What you heard wasn't sex. What the fuck was it? All my life, everyone has been telling me that when I have sex, I'm not really having sex.  Not real sex. But they're wrong.  I know what is and isn't sex and what you heard was definitely not sex. What was it then? Work."
m281,bound,conv_39568,CORKY,VIOLET,f,f,6,61,3,0.0492,0,"We make our own choices and we pay our own prices.  I think we're more alike than you want to admit. What about that guy this morning? You mean Shelly? Don't tell me, you're a workaholic. No.  Shelly knows what I am.  He saw me in a bar with another woman. I suppose he just wants to watch."
m281,bound,conv_39569,CORKY,VIOLET,f,f,2,11,0,0.0,0,"Fuck it!  I think you better leave. I think so, too."
m281,bound,conv_39570,CORKY,VIOLET,f,f,5,76,13,0.1711,1,"Shelly was skimming from the business. He came to see me yesterday because he was afraid Caesar figured it out. He wanted to run but he wanted me to come with him. Even though he knew about you? Yes. He was in love with you, right? That's what he told himself.  But it wasn't even about me, it was about Caesar.  He wanted what Caesar had. That's how they are.  I understand them."
m281,bound,conv_39571,CORKY,VIOLET,f,f,3,63,11,0.1746,1,"For Shelly, taking the money was a way to take from Caesar.  He could have run at any time, but he didn't because he didn't want out. Sounds like he wanted to get caught. Maybe he did.  He would brag to me all the time.  He was never afraid of Caesar because he didn't know him.  Not like I do."
m281,bound,conv_39572,CORKY,VIOLET,f,f,3,88,11,0.125,1,"Caesar lives for these moments.  He tells me it's just the business, but I know it's more than that.  He likes it.  The violence.  I'll catch him in the bathroom mirror touching his scars.  He says they remind him who he his.  They're all like that. Except maybe Mickey. Mickey? He's the part of the business that the rest of them pretend to be. |But Mickey doesn't like it like they do.  I suppose that's why he's good at it."
m281,bound,conv_39573,CORKY,VIOLET,f,f,5,56,0,0.0,0,"I want out.  I want a new life.  I see what I've been waiting for, but I need you, Corky. For what? You made a choice once.  Do you think you would make that same choice again? What choice? If those quarters fell to the floor, would you still reach up to that cash register?"
m281,bound,conv_39574,CORKY,VIOLET,f,f,3,20,1,0.05,0,Caesar is going to get the money and bring -- How much money? Shelly said it was over two million dollars.
m281,bound,conv_39575,CORKY,VIOLET,f,f,2,47,2,0.0426,0,Caesar will bring it to the apartment to count and go through |Shelly's books to figure out how he did it. Wait a minute.  Wait a minute.  Do you have any idea what you are saying? You are asking me to help you fuck the mob.
m281,bound,conv_39576,CORKY,VIOLET,f,f,3,54,0,0.0,0,"These people are serious, Violet. If you want to know how serious, ask Shelly.  They're worse than any cop because they have lots of money and no rules.  You fuck them, you've got to do it right. That's why I need your help.  You said you were good. I am, but ..."
m281,bound,conv_39577,CORKY,VIOLET,f,f,3,60,2,0.0333,0,"All right, let's say for the moment that I believe everything you are saying. You think I'm lying? I didn't say that, but since you did, let's say that you are.  It would have been easy to set Shelly up.  You could have got him killed knowing that Caesar would bring the money to the apartment."
m281,bound,conv_39578,CORKY,VIOLET,f,f,3,45,0,0.0,0,"All you would need to keep yourself clean would be someone unconnected, someone like me. Is that what you think? I'm just making a point.  You have no idea what you're asking.  How much trust two people need to do something like this."
m281,bound,conv_39579,CORKY,VIOLET,f,f,3,38,0,0.0,0,"The difference is, I can have sex with someone I just met, someone I hardly know, but to steal I need to know someone like I know myself. Do you think you know me like that? I think ..."
m281,bound,conv_39580,CORKY,VIOLET,f,f,6,19,2,0.1053,1,You said he washed the money? Yeah. Then what?  Exactly. He hung it up. What? To let it dry.
m281,bound,conv_39581,CORKY,VIOLET,f,f,2,13,1,0.0769,0,And where is it now? In his office.  I saw it this morning.
m281,bound,conv_39582,CORKY,VIOLET,f,f,2,12,1,0.0833,0,"It's in a case, on his desk. Does the case lock?"
m281,bound,conv_39583,CORKY,VIOLET,f,f,2,2,0,0.0,0,Yes. Good.
m281,bound,conv_39584,CORKY,VIOLET,f,f,7,59,9,0.1525,1,"All right, now, tell me about Johnnie. Johnnie? It sounded like he and Caesar don't like each other. Like each other?  They hate each other. Why? It started way before I was around. I think basically it's because he thinks Johnnie is a complete idiot. But Johnnie runs Chicago because Gino is his father. Who is Gino?"
m281,bound,conv_39585,CORKY,VIOLET,f,f,4,17,2,0.1176,1,"Gino Marzzone. Marzzone?  As in Angelo Marzzone, head of the Marzzone family? That's his brother. ...  shit."
m281,bound,conv_39586,CORKY,VIOLET,f,f,5,23,4,0.1739,1,"Gino Marzzone is coming tonight to pick up the money? Yeah. And Johnnie is his son, that's Johnnie Marzzone? Yeah. Sweet Jesus."
m281,bound,conv_39587,CORKY,VIOLET,f,f,4,62,5,0.0806,0,"Gino Marzzone is coming to your apartment.  It's a big deal, isn't it?  That means Caesar will be ready. He doesn't want to look like an idiot. Gino has been there before? Yeah, twice. What happened? Not much, really.  Caesar was nervous, kept cleaning the apartment.  |The first time, he picked out the dress he wanted me to wear."
m281,bound,conv_39588,CORKY,VIOLET,f,f,8,89,11,0.1236,1,"Does Johnnie hit on you? Johnnie hits on anything in high heels. Has Caesar ever seen him? He does it right in front of him. It's getting better and better. Keep going. Gino doesn't know English, or at least he pretends he doesn't, so he doesn't talk much.  He gets right to the point.  Both times they talked for about five minutes, had one drink and then they left. What did Gino drink? Scotch, Glenlivet.  I remember that Caesar made a huge deal about it."
m281,bound,conv_39589,CORKY,VIOLET,f,f,5,37,3,0.0811,0,"What time did you say they would be there? The plane is in at seven, so I'd say about eight. Any bodyguards? Gino travels with a big man named Roy.  Caesar calls him the driver. Fine."
m281,bound,conv_39590,CORKY,VIOLET,f,f,2,19,1,0.0526,0,"We want him to come down, to relax, feel in control again. Poor boy, has to work so hard."
m281,bound,conv_39591,CORKY,VIOLET,f,f,2,10,0,0.0,0,Where will you be? Waiting in the apartment next door.
m281,bound,conv_39592,CORKY,VIOLET,f,f,3,22,0,0.0,0,"And as you do, the bottle will slip from your hands.  -- and shatter against the hardwood floor. An accident. Shit!  Oh shit!"
m281,bound,conv_39593,CORKY,VIOLET,f,f,2,8,2,0.25,1,What if he sees you? He won't.
m281,bound,conv_39594,CORKY,VIOLET,f,f,2,15,1,0.0667,0,"You can't know for certain that he won't see you. Trust me, Violet."
m281,bound,conv_39595,CORKY,VIOLET,f,f,2,9,1,0.1111,1,"I'm just asking, what if? If he does ..."
m281,bound,conv_39596,CORKY,VIOLET,f,f,3,31,0,0.0,0,"There is no going back. When I get the Scotch, how do I know you won't take off? The same way I'll know that you went to Scotch.  Trust."
m281,bound,conv_39597,CORKY,VIOLET,f,f,4,73,2,0.0274,0,"I still don't see how I'm going to get clean with the money in the apartment.  Everyone will think I did it. Not Caesar. Why? Because of what you are going to tell him.  You have to make it as real as you can.  The moment you open the door with the Scotch in your hand, you will be covered, and that moment is the most important moment in the plan."
m281,bound,conv_39598,CORKY,VIOLET,f,f,2,21,2,0.0952,0,"If it's real enough, he'll believe it, because deep down he'll want to. C!  Shit, I'm sorry!"
m281,bound,conv_39599,CORKY,VIOLET,f,f,3,24,3,0.125,1,"He'll have to run. If he runs, everyone will assume he took the money. You'll be clean and we'll be rich."
m281,bound,conv_39600,CORKY,VIOLET,f,f,4,51,0,0.0,0,"Jesus, that's beautiful. Thank you. If you're this goddamn smart, how did you ever get caught? Every job like this has moments where things don't go so well and everyone starts thinking about their own ass. It's in those moments that everything comes together or falls apart."
m281,bound,conv_39601,CORKY,VIOLET,f,f,3,19,0,0.0,0,I had a partner and she fucked me. I won't. I think we're going to find out.
m281,bound,conv_39602,CORKY,VIOLET,f,f,2,5,0,0.0,0,It's me. What happened?
m281,bound,conv_39603,CORKY,VIOLET,f,f,10,163,17,0.1043,1,"He totally freaked.  I've never seen him like this.  He's out of his fucking mind. That's okay, as long as he believes it was Johnnie. Believes it!  Jesus, it's driving him crazy.  He wants to kill him.  I don't know, Corky, I don't know what he is going to do.  I'm getting nervous, really nervous. It's all right, Violet.  It's working. All we got to do is wait him out and see what he does. What if he doesn't run? That means he probably will kill Johnnie. Oh, Christ, I got to get out of here! Listen, if he doesn't run, all you have to do is break down, go to your bedroom and pack some things, start crying, saying you love him but you can't do it.  You're sorry but you have to leave and just walk out. okay, all right. We're almost there, Violet.  just hang on."
m281,bound,conv_39604,CORKY,VIOLET,f,f,4,26,0,0.0,0,"Oh, thank God. I'm still here. I was so afraid you ... You don't quit on me, Violet, and I won't quit on you."
m281,bound,conv_39605,CORKY,VIOLET,f,f,2,10,0,0.0,0,"I'm sorry, Corky ... Don't be sorry.  Help me."
m281,bound,conv_39606,CORKY,VIOLET,f,f,4,12,0,0.0,0,"Hey. Hey. How'd it go? I'm here, aren't I?"
m281,bound,conv_39607,CORKY,VIOLET,f,f,3,12,0,0.0,0,"You know what the difference is between us, Violet? No. ...  Me neither."
m285,broadcast news,conv_40060,BLAIR,JANE,f,f,2,17,0,0.0,0,You don't have time.  Not a chance. I'll be right down.  It's right tight.
m285,broadcast news,conv_40061,BLAIR,JANE,f,f,2,15,1,0.0667,0,"I've got to tell Ernie...because there isn't enough time. Yes, there is."
m285,broadcast news,conv_40062,BLAIR,JANE,f,f,2,8,1,0.125,1,What did he say? I'll never tell.
m285,broadcast news,conv_40063,BLAIR,JANE,f,f,2,20,1,0.05,0,"Yeah, I know, I went back and forth on it. I liked it.  He's not afraid to be human."
m285,broadcast news,conv_40064,BLAIR,JANE,f,f,4,34,1,0.0294,0,Tell George and Jessica to try and cover everything without Tom having to ask additional questions. And Bobbie says... Did you hear what I just said -- do you have that?  Take a breath. Yes.
m285,broadcast news,conv_40065,BLAIR,JANE,f,f,2,4,1,0.25,1,It's Aaron. Yes?
m285,broadcast news,conv_40066,BLAIR,JANE,f,f,2,40,0,0.0,0,"Do you know you're the second woman in network news history to produce? No, I'm not.  I'm the fourth. Joan Richmond.  Pauline Fredericks got that credit once on a U.N. special and there's Susan Zirinsky."
m285,broadcast news,conv_40067,BLAIR,JANE,f,f,2,24,0,0.0,0,"What are you dressed up for?  Oh, that's right -- because the Evening News is here this week. I spent a fortune on this."
m285,broadcast news,conv_40068,BLAIR,JANE,f,f,2,20,2,0.1,1,"They canned me.  Well, my brother will feel great -- now he's not the only screw-up. It's started."
m285,broadcast news,conv_40155,JANE,JENNIFER,f,f,6,116,5,0.0431,0,"This is very awkward. Go ahead -- what? Ummm -- it's dumb dorm stuff but I see Tom around you a lot and this is such a small office and I'd like to see him outside of work, unless there's some reason for you to mind... in which case I just won't do anything. God Almighty -- Whew.  Do I mind? Why do I mind?  I do mind.  What a shock -- I don't have a right to... I don't think I like him.  I know I don't respect him...So what am I talking about -- what am I saying to you? You're saying stay away from him. I can't be."
m285,broadcast news,conv_40156,JANE,JENNIFER,f,f,2,12,0,0.0,0,I sure know that feeling.  Terrific work today. Right back to you.
m287,buffy the vampire slayer,conv_40347,BUFFY,JENNIFER,f,f,2,5,0,0.0,0,Excellent. What's playing there?
m287,buffy the vampire slayer,conv_40348,BUFFY,JENNIFER,f,f,3,34,0,0.0,0,"Your parents are always going away for the weekend.  You're so lucky. Yeah, I guess. My mom doesn't go anywhere.  She even does the shopping network. I'm gonna die a virgin."
m287,buffy the vampire slayer,conv_40349,BUFFY,JENNIFER,f,f,2,11,0,0.0,0,"Oh, my God.  Is that true? Probably.  What movie is this?"
m287,buffy the vampire slayer,conv_40350,BUFFY,JENNIFER,f,f,2,37,1,0.027,0,"Are there any good sicknesses that aren't too depressing? Guys.  The environment.  I'm telling you, it's totally key.  The earth is in terrible shape, we could al die, and besides, Sting's doing it."
m287,buffy the vampire slayer,conv_40351,BUFFY,JENNIFER,f,f,2,33,0,0.0,0,"Hey, I was thinking, for the dance, what about a big sign that says 'Don't Tread On Me'.  You know, and a picture of the earth. Don't tread on the earth?"
m287,buffy the vampire slayer,conv_40352,BUFFY,JENNIFER,f,f,2,2,0,0.0,0,Dying. Eeyuu.
m287,buffy the vampire slayer,conv_40353,BUFFY,JENNIFER,f,f,2,4,1,0.25,1,"Hi, Buffy. Hi, guys."
m287,buffy the vampire slayer,conv_40354,BUFFY,JENNIFER,f,f,2,15,3,0.2,1,He doesn't look fifty. Guys.  Guys!  Reality pulled out of her five minutes ago.
m287,buffy the vampire slayer,conv_40355,BUFFY,BUFFY'S MOM,f,f,2,10,0,0.0,0,Do you know what time it is? Uum... around ten?
m287,buffy the vampire slayer,conv_40356,BUFFY,BUFFY'S MOM,f,f,7,38,0,0.0,0,"Buffy, honey? Yeah? Have you gained a few pounds?  Maybe it's that outfit... Maybe. What's Bobby gonna say? I don't know, Mom; I've never met Bobby. Aren't we the chatty ones.  Kiss noise."
m287,buffy the vampire slayer,conv_40397,BUFFY,CASSANDRA,f,f,2,24,0,0.0,0,"It has to be, like a socially conscious theme. 'One that reflects the students' growing awareness of and involvement in the world around them.'"
m287,buffy the vampire slayer,conv_40398,BUFFY,CASSANDRA,f,f,2,14,0,0.0,0,"It is a pretty crucial subject. See, Cassandra likes it.  Cassandra's my friend."
m287,buffy the vampire slayer,conv_40399,BUFFY,CASSANDRA,f,f,2,8,1,0.125,1,"Bugs. Okay, guys, how about the ozone layer?"
m287,buffy the vampire slayer,conv_40400,BUFFY,CASSANDRA,f,f,6,51,0,0.0,0,"Can't.  History report.  The Normans and the Saxons. Bogutude.  Blow it off. I really can't.  Besides, it's pretty interesting. You're weird and I'm afraid of you. Seriously, Cassandra, there's a lot cooler things you could be doing than your homework. Like what? Like my homework."
m287,buffy the vampire slayer,conv_40401,BUFFY,KIMBERLY,f,f,3,16,1,0.0625,0,"Guys, what's the sitch?  I'm bored. ) What do you think? Please.  It's so '91."
m287,buffy the vampire slayer,conv_40402,BUFFY,KIMBERLY,f,f,3,13,0,0.0,0,"What are we doing? Why don't we see a movie? Well, where?"
m287,buffy the vampire slayer,conv_40403,BUFFY,KIMBERLY,f,f,2,9,0,0.0,0,Beverly Center. Please.  They show previews for foreign movies.
m287,buffy the vampire slayer,conv_40404,BUFFY,KIMBERLY,f,f,2,21,0,0.0,0,"Totally stale.  And the ushers are like, the acne patrol.  We're thinking Pavilion.  Sitch? Sounds toasty.  We're going Pavilion."
m287,buffy the vampire slayer,conv_40405,BUFFY,KIMBERLY,f,f,2,8,0,0.0,0,Excuse much!  Not rude or anything. Nice ensemble!
m287,buffy the vampire slayer,conv_40406,BUFFY,KIMBERLY,f,f,2,13,3,0.2308,1,"What did Jeffrey's dad say? 'Just remember you're in training, son'"
m287,buffy the vampire slayer,conv_40407,BUFFY,KIMBERLY,f,f,3,8,0,0.0,0,"Let's meet tonight, okay? Where? Cafe Blase."
m287,buffy the vampire slayer,conv_40408,BUFFY,KIMBERLY,f,f,2,16,0,0.0,0,"I don't see why we have to invite everyone. Kimberly, it's the senior dance."
m287,buffy the vampire slayer,conv_40409,BUFFY,KIMBERLY,f,f,3,31,2,0.0645,0,"I didn't learn... I just... it's not a big deal. Buffy, I'm gonna tell Jeffrey you were playing with another man's Hebrew National. Get a boob job."
m287,buffy the vampire slayer,conv_40410,BUFFY,KIMBERLY,f,f,5,68,2,0.0294,0,"You were supposed to be here at three. I forgot. Buffy, what is your sitch?  You're acting like The Thing From Another Tax-Bracket; it's too weird. Look, a lot's been going on.  That's what I wanted to tell you guys about. I need to tell you.  You see... a while ago, I met this guy -- Oh my God you're having an affair."
m287,buffy the vampire slayer,conv_40411,BUFFY,KIMBERLY,f,f,3,39,0,0.0,0,"Excuse me for having something important to do. This isn't important?  The earth is our home. Kimberly, it's a dance.  It's a stupid dance with a bunch of stupid kids that I see every stupid day."
m287,buffy the vampire slayer,conv_40412,BUFFY,KIMBERLY,f,f,2,13,0,0.0,0,Listen to you.  What language are you speaking? Get out of my facial.
m287,buffy the vampire slayer,conv_40413,BUFFY,KIMBERLY,f,f,4,29,1,0.0345,0,"I'm glad you guys are here.  It's good to see you. Yeah, whoops I came. You look way pretty, Kim. I know.  I like your little outfit."
m287,buffy the vampire slayer,conv_40451,BUFFY,NICOLE,f,f,3,72,3,0.0417,0,"Mr. Howard is so heinous.  He's always giving me a hard time.  I get a C-plus on the test and he tells me, 'You have no sense of history.'  I have no sense of history?  He wears a brown tie. You got a C-plus?  I can't believe I cheated off you. Excuse me for not knowing about El Salvador.  Like I'm ever going to Spain anyway.  Ooh!"
m287,buffy the vampire slayer,conv_40452,BUFFY,NICOLE,f,f,2,8,0,0.0,0,No THX. They don't even have Dolby.
m287,buffy the vampire slayer,conv_40453,BUFFY,NICOLE,f,f,3,16,1,0.0625,0,"So, is Jeffrey really spending the night at your house? That's the plan. Good enough!"
m287,buffy the vampire slayer,conv_40454,BUFFY,NICOLE,f,f,2,12,0,0.0,0,"Cool.  We can figure decorations and stuff. Cassandra, you gotta come, too."
m287,buffy the vampire slayer,conv_40455,BUFFY,NICOLE,f,f,2,20,0,0.0,0,"Come one, that was so weird. What, it's not weird.  I just cut the stupid hot dog in half."
m287,buffy the vampire slayer,conv_40456,BUFFY,NICOLE,f,f,3,17,0,0.0,0,-- like she's gonna kill me. I was just scared is all. No.  It was mondo bizarro.
m287,buffy the vampire slayer,conv_40457,BUFFY,NICOLE,f,f,3,16,0,0.0,0,That is so cool. Thank you very much. Nobody is even gonna look at the game.
m287,buffy the vampire slayer,conv_40458,BUFFY,NICOLE,f,f,2,20,0,0.0,0,"I don't get it. How do you not tread on the earth? I mean, you kind of have to."
m287,buffy the vampire slayer,conv_40459,BUFFY,NICOLE,f,f,4,27,1,0.037,0,"You guys blow.  I'm waiting on Cassandra.  She's gonna help me with my history. Cassandra's really smart. Yeah... She's okay, though. I guess."
m287,buffy the vampire slayer,conv_40460,BUFFY,NICOLE,f,f,3,22,2,0.0909,0,"Don't worry, Jennifer.  Someday your prince will come. Yeah, just make sure you do first. Let's go, guys. B'bye."
m287,buffy the vampire slayer,conv_40461,BUFFY,NICOLE,f,f,3,14,0,0.0,0,"Hey, Buffers.  You look thrashed. Thanks. You and Cassandra get anything done last night?"
m287,buffy the vampire slayer,conv_40462,BUFFY,NICOLE,f,f,2,7,0,0.0,0,"Buffy, Jesus!  You know these steps. Sorry."
m287,buffy the vampire slayer,conv_40463,BUFFY,NICOLE,f,f,2,8,2,0.25,1,Pike. You're having a fling with him?
m287,buffy the vampire slayer,conv_40464,BUFFY,NICOLE,f,f,3,13,0,0.0,0,"Well, I guess you got what you came for. Nicole... Later for it."
m287,buffy the vampire slayer,conv_40465,BUFFY,NICOLE,f,f,3,18,4,0.2222,1,"Hi, guys. Hi. Have you guys seen Jeffrey?  The limo never showed, I thought he might be here."
m287,buffy the vampire slayer,conv_40466,BUFFY,NICOLE,f,f,2,7,1,0.1429,1,I haven't seen him tonight. Oh.
m287,buffy the vampire slayer,conv_40480,JENNIFER,KIMBERLY,f,f,2,16,0,0.0,0,I can't believe they still ate it. Where'd you learn how to do that?
m287,buffy the vampire slayer,conv_40481,JENNIFER,KIMBERLY,f,f,3,44,0,0.0,0,"So they found Cassandra's body out by the railway tunnels.  Nobody's saying anything, but they think she was involved in something, like, illegal or something.  Like dealing. Well, I hope so. Probably was.  What do you suppose she was doing out there."
m287,buffy the vampire slayer,conv_40482,JENNIFER,KIMBERLY,f,f,2,15,0,0.0,0,I got all the plastic stuff.  What should I do with it? Throw it out.
m287,buffy the vampire slayer,conv_40483,JENNIFER,KIMBERLY,f,f,2,4,0,0.0,0,And Spring Fling. Okay.
m287,buffy the vampire slayer,conv_40484,JENNIFER,KIMBERLY,f,f,2,17,0,0.0,0,"She was even crazier after that.  I mean it, you wouldn't even have recognized her. Buffy?"
m287,buffy the vampire slayer,conv_40485,JENNIFER,NICOLE,f,f,2,5,0,0.0,0,Omniplex? Nee sitch.  No way.
m287,buffy the vampire slayer,conv_40486,JENNIFER,NICOLE,f,f,6,98,0,0.0,0,"What happened? Buffy was on the uneven parallels -- she was really good; coach said she could have been in the Olympics -- but she was doing a routine, spinning, and the beam broke. You're kidding. Snapped.  Buffy was, you know, on the upswing, and I swear to God she went across the room.  Perm over heels. Oh, my God!  Ouch!  No wonder you quit. Well, that's the thing.  She landed on her feet.  Didn't even sprain a toe.  And I go up to her and she turns and looks at me and she's like this --"
m287,buffy the vampire slayer,conv_40487,JENNIFER,NICOLE,f,f,2,10,0,0.0,0,I never thought of that. I gotta bail.  You coming?
m287,buffy the vampire slayer,conv_40488,JENNIFER,NICOLE,f,f,2,4,0,0.0,0,Buffy! What is she...
m287,buffy the vampire slayer,conv_40489,JENNIFER,NICOLE,f,f,2,4,1,0.25,1,Cool! Does Jeffrey know?
m287,buffy the vampire slayer,conv_40492,KIMBERLY,NICOLE,f,f,2,6,1,0.1667,1,"Oh, God. He is so bald."
m287,buffy the vampire slayer,conv_40493,KIMBERLY,NICOLE,f,f,2,12,0,0.0,0,God!  Take a chill lozenge. Like we don't have rights too?
m287,buffy the vampire slayer,conv_40494,KIMBERLY,NICOLE,f,f,2,4,0,0.0,0,"The homelesses? Oh, please."
m287,buffy the vampire slayer,conv_40495,KIMBERLY,NICOLE,f,f,2,7,0,0.0,0,Environment.  That's cool with me. Okay.
m287,buffy the vampire slayer,conv_40496,KIMBERLY,NICOLE,f,f,2,3,0,0.0,0,"Oh, yeah! Right!"
m287,buffy the vampire slayer,conv_40497,KIMBERLY,NICOLE,f,f,3,42,0,0.0,0,"If we don't invite all the seniors we can't use the school funds, you know that. Can't they make exceptions?  Maryanne Heinel?  She's such a scud.  Can't we have a Maryanne clause? Well, look who's here."
m287,buffy the vampire slayer,conv_40498,KIMBERLY,NICOLE,f,f,2,6,0,0.0,0,Smell of booze much. Nice much.
m287,buffy the vampire slayer,conv_40499,KIMBERLY,NICOLE,f,f,2,16,0,0.0,0,"Buffy, the ape-woman. Seriously, Buffy.  That look was way twisted.  What were you thinking about?"
m287,buffy the vampire slayer,conv_40500,KIMBERLY,NICOLE,f,f,3,52,2,0.0385,0,"I really was way way too too. Oh, please!  When she ran onto the field in the middle of the game? Was that the most out-of-it thing ever, or did I blink? I'm, like, yelling at her, 'What are you doing?'  And she's going 'Jeffrey, Jeffrey!'  Way mental."
m287,buffy the vampire slayer,conv_40501,KIMBERLY,NICOLE,f,f,2,24,0,0.0,0,"What are you talking about? Weird?  You mean like you hanging out with that homeless, Poke?  I saw you last night after the game."
m287,buffy the vampire slayer,conv_40502,KIMBERLY,NICOLE,f,f,3,28,0,0.0,0,"Oh, thank you very much. Like you've got a grip. You're so out of it.  You've blown off cheerleading, you've blown off dance committee --"
m287,buffy the vampire slayer,conv_40503,KIMBERLY,NICOLE,f,f,4,46,0,0.0,0,"So, we're stupid now? You know, just because you're having full-on wiggans doesn't mean you have to drag us into it.  This isn't just any dance.  It happens ot be the last dance of our last year. Except for Prom. Right."
m287,buffy the vampire slayer,conv_40504,KIMBERLY,NICOLE,f,f,2,35,0,0.0,0,"And the January Semi-formal -- Okay!  Look, Buffy.  You want to play house with the unwashed masses, that's fine.  But personally, I think you ought to spend a little time prioritizing.  I really do."
m287,buffy the vampire slayer,conv_40505,KIMBERLY,NICOLE,f,f,2,31,0,0.0,0,"It's amazing what you can do with a parachute and some starch. As long as there's room for three in it.  What, didn't you bring your new friends?"
m289,casino,conv_40925,GINGER,JENNIFER,f,f,3,28,1,0.0357,0,"So, what'd you say to that fuckin' jerk anyway? I told him I was Mrs Sam Rothstein. Well, you might as well get somethin' out of it."
m289,casino,conv_40926,GINGER,JENNIFER,f,f,3,19,0,0.0,0,"Great. You know, I've got to do some shopping afterwards. Do you want to go? Well, you know..."
m289,casino,conv_40927,GINGER,JENNIFER,f,f,2,6,0,0.0,0,...same outfit. But I saw something...
m290,catwoman,conv_41098,MOM,SELINA,f,f,2,6,0,0.0,0,"You're late. Yes, Mother. Dear."
m290,catwoman,conv_41099,MOM,SELINA,f,f,7,169,1,0.0059,0,"A hearty breakfast is the start of a great morning... Oh, I forgot to tell you, you're on a diet...The fact you're still reasonably pretty is the one thing you got going for you. Oh Mommy, you're embarrassing me. Is every single thing out of your mouth since your ""accident"" have to be a monotone mumble of cheap sarcasm? Maybe. It's funny, I've heard of giving up finding a man and raising a family to pursue a career. And I've heard of foregoing a career to start a family-- but I think you're onto something new, Selina. ""Absolutely nothing""-- Has a ring to it. I think it could catch on...How's that for sarcasm? Pretty good...Mom, I don't want you to think I don't appreciate...letting me stay, getting me the job--I've been a mess. I'm still a mess. It's just...we have to start having a different conversation. I can't take.."
m290,catwoman,conv_41100,MOM,SELINA,f,f,2,34,0,0.0,0,"I'll take your abuse, but it's way too early for the sanctimonious Cult of Gag... Oh, so now even the keepers of the city don't meet your standards...You're late."
m290,catwoman,conv_41101,MOM,SELINA,f,f,3,123,0,0.0,0,"Don't sneak up on me... Uh, it's just--that woman out there-- that horrible Hag. She's the one who keeps following me on her creepy little scooter--And now she's built a hut in the back..Why did you... Because she asked me--and I couldn't very well turn her down. Don't you remember-- of course you don't remember--that ""Hag"" is the one who brought you to that hospital in Gotham City. For what it's worth-- currently not much--we owe her your life...When I think about a single woman in Gotham City--amnesia is probably the best thing that could happen to a girl like you...Oh, don't forget your visor."
m290,catwoman,conv_41102,MOM,SELINA,f,f,2,33,0,0.0,0,"Where were you last night?  I didn't hear you come in. It's because I didn't come in. I live in the Hut, now. I meant to tell you..See ya."
m290,catwoman,conv_41103,MOM,SELINA,f,f,4,48,1,0.0208,0,"Mom?  Oh Mom, I messed up... What kind of name is ""Brock Leviathan?"" I never thanked you..the arrow..the motorcycle..the computer disc..You're so different from what I..and so the same. Yes, I'm pretty amazing. You should see this...It came this evening."
m290,catwoman,conv_41104,MOM,SELINA,f,f,8,109,0,0.0,0,"They're going to attack Frank's Fun Palace! I hate it when you let your hair just hang like that...you have such pretty eyes... Mom, not now!  I, I don't know what to do.. Yes, you do. You have to go rescue all those people... But I'm not a hero. I'm nobody's heroine..I'm nothing. You've said so yourself many times. Do you always listen to what your mother says?  Selina. Something you choose your life. Sometimes your life chooses you.  Save the day.. I don't know if I can do it alone. Trust me, you won't have to."
m294,cherry falls,conv_41729,JODY,SANDY,f,f,7,47,5,0.1064,1,"Go sit next to him. Who? Mark Shale. Why? Don't you want to talk to him? You watch him eat everyday. I don't watch him eat everyday. You stare at him non-stop, like every lunch. Like this. Like most people stare at car accidents."
m294,cherry falls,conv_41730,JODY,SANDY,f,f,3,40,3,0.075,0,"The seat behind him is open. Come on, I can eavesdrop too. You eventually have to talk to him. Why? All my mom and dad ever do is watch each other eat and they've been married for twenty years."
m294,cherry falls,conv_41731,JODY,SANDY,f,f,2,17,1,0.0588,0,No! That's his table. You're going to look really amoebic splitting off from me now.
m294,cherry falls,conv_41732,JODY,SANDY,f,f,6,85,4,0.0471,0,What am I supposed to say? 'Nice sweater Mark'? 'Did you buy it at Eddie Bauer's?' You could tell him you really liked the way he chews with his back molars. You're so fucking lucky your dad is the sheriff. You are 'sp fucking' wrong. You get to be a little Chelsea Clinton. Everyone wants to meet you. Party with you. Have sex with you. But you can't do any of it. So it sucks. I always have to 'set an example'.
m294,cherry falls,conv_41733,JODY,SANDY,f,f,3,34,2,0.0588,0,He's just trying to mess with your head. Ignore him. Does she fuck? I doubt it. Who'd want to fuck her. She probably reeks worse than the docks down in those panties.
m294,cherry falls,conv_41734,JODY,SANDY,f,f,9,101,8,0.0792,0,"Oh nice save. I was desperate. It was gross. Kenny'll come running back. This is just his way of pressuring you. He says he loves me. Personally I think he has a deep, almost pathological desire to corrupt you. But I suppose that's a type of love. I certainly wish someone wanted to corrupt me. Maybe I should blister through a bottle of Tequila and just fuck his brains out. No! You're the one always saying 'Just do it'. That was before he pulled this 'Dick me or I dump you' shit. I say fuck his best friend."
m294,cherry falls,conv_41735,JODY,SANDY,f,f,4,64,2,0.0312,0,"I don't know what I'm so scared of. Want to come in for awhile? Log onto AOL, flirt with some married men, head into a private S&M chat room . . . How do you know what to type back when they start to cyber with you. I keep a couple of my dad's porno books hidden in my desk for emergency reference."
m294,cherry falls,conv_41736,JODY,SANDY,f,f,2,13,0,0.0,0,I promised I'd go right home after school. OK. increase the peace.
m294,cherry falls,conv_41737,JODY,SANDY,f,f,2,35,1,0.0286,0,"Sandy, you have to chill out, at least two-thirds of the kids in our class are still virgins. He can't butcher all of us. There will be a lot fewer by tomorrow night."
m294,cherry falls,conv_41738,JODY,SANDY,f,f,3,23,0,0.0,0,Not that many. You watch. There's going to be a hymen holocaust tomorrow. Maybe I'll finally talk to Mark Shale. NO?!
m294,cherry falls,conv_41739,JODY,SANDY,f,f,2,23,0,0.0,0,Someone tried to kill me. The phone just went dead. I called the police and ran right over as fast as I could.
m294,cherry falls,conv_41740,JODY,SANDY,f,f,8,34,0,0.0,0,You ok? FINE. Are you? Hurricane Hormone. it's flattened the whole school. Guess what? What? Mark invited me to the party. What party? Shh. Ben's party. Tonight. Haven't you heard? No.
m294,cherry falls,conv_41741,JODY,SANDY,f,f,13,128,3,0.0234,0,"You can't tell your parents. Ok. Especially not your dad. I won't. It's like a pop your cherry party. Everyone's saying it's 'Fuck or Die' time. You're thinking of sleeping with Mark tonight? Unless he makes a move during seventh period. Didn't you have something a little more romantic in mind for your first time? I kind of like the idea that we can all lose it together, on the same night. It'll be a lot less scary. You have to go. Stag? Kenny'll want to go with you. Cindy's holding a Q and A session at the bleachers. Come on. I can't right now. Jody, you have to go to the party. For your own safety."
m294,cherry falls,conv_41761,JODY,MARGE,f,f,7,26,0,0.0,0,Hi mom. Hi princess. Mom? Yes? I need to ask you something. You can ask me anything. Have you ever heard of someone named Lisa Sherman?
m294,cherry falls,conv_41762,JODY,MARGE,f,f,11,98,7,0.0714,0,Lisa Sherman? Yeah. Who is she? I don't know. Where did you hear that name. I overheard daddy mentioning her to someone. I he thinks she's the killer. What? That's what he said. Did he say anything else about her? No but he got really weird. Like I've never seen him act. REALLY angry and super uptight. I've never heard of her. Maybe something else was on his mind. No. I think she lived her a long time ago. Like twenty-eight years ago. When dad was eighteen. Not that I know of.
m294,cherry falls,conv_41763,JODY,MARGE,f,f,2,10,0,0.0,0,Where are you going? The library. I'll be fine.
m294,cherry falls,conv_41764,JODY,MARGE,f,f,5,53,0,0.0,0,"I want you to come home with me right now, Jody. Who is she? She's nobody you should be concerned with. Whoever tried to kill me was made up to look exactly like this picture of Lisa Sherman, clothes and all. I think that concerns me. Don't make me order you."
m294,cherry falls,conv_41765,JODY,MARGE,f,f,3,24,1,0.0417,0,Wait. What? I'm not leaving. I want to know why you and dad are so freaked out. Three of my classmates are dead.
m294,cherry falls,conv_41766,JODY,MARGE,f,f,16,197,1,0.0051,0,"Years ago, something horrible happened in this town. When I was still in high school. A girl named Elizabeth Sherman was attacked by four drunken seniors. Attacked how? She was raped. At least that's what she claimed. You didn't believe her? No, I believed her. She was in pretty bad shape. Inside and out. But the boys were never formally charged. Why not? They were children of our leading citizens, stars of the football team. And she was  a loner. An angry girl that no one really liked. She'd called them 'queers'. People thought these guys had a right to rape her because she called them 'queers'? They were proving to her they weren't. They were very drunk. Things were different back then. You think kids are sexually bottled up today.... And the police did nothing? EVERYONE JUST KIND OF LOOKED THE OTHER WAY. How could you? I don't know. We just did. I guess I was kind of scared going against the gain. Against the whole town. The word is Mob. I've regretted it ever since. Never run with the herd just because they're the herd. Who were they?"
m294,cherry falls,conv_41767,JODY,MARGE,f,f,4,25,2,0.08,0,Who? The men. Do any of them still live around here? Two men left town right after it happened. You're not telling me something.
m294,cherry falls,conv_41768,JODY,MARGE,f,f,4,13,0,0.0,0,Mr. Sisler was one of them. The principal? Yes. Who was the fourth?
m294,cherry falls,conv_41769,JODY,MARGE,f,f,3,35,4,0.1143,1,THAT'S why he called Mr. Sisler first. He was one of them. Not a day has gone by where your father has not torn himself to shreds for what happened. We both have... NO!
m298,citizen kane,conv_42336,EMILY,KANE,f,f,2,12,0,0.0,0,What do you expect me to do?  What in the world - Charles.
m298,citizen kane,conv_42337,EMILY,KANE,f,f,2,33,0,0.0,0,"They won't do anything to Junior, darling.  Anonymous letter writers -   I've got guards in front of the house, and I'm going to arrange - Please don't talk any more, Charles."
m298,citizen kane,conv_42338,EMILY,KANE,f,f,2,36,3,0.0833,0,"Have they heard from father yet? Has he seen - I've tried to tell you, Emily. The President's going to be all right.  He had a comfortable night. There's no danger of any kind."
m298,citizen kane,conv_42339,EMILY,KANE,f,f,3,42,0,0.0,0,"Here I am, darling...  Darling!... Darling, it's all right...  Mother's here. Emily - you musn't leave me now - you can't do that to me. They won't hurt you, darling. Mother's with you!  Mother's looking after you!"
m298,citizen kane,conv_42340,EMILY,KANE,f,f,5,43,0,0.0,0,"I'm sending Junior home in the car, Charles - with Oliver - But I'd arranged to go home with you myself. There's a call I want you to make with me, Charles. It can wait. No, it can't.  Good night, darling."
m298,citizen kane,conv_42341,EMILY,KANE,f,f,2,22,0,0.0,0,"What's this all about, Emily?  I've had a very tiring day and - It may not be about anything at all."
m298,citizen kane,conv_42342,EMILY,KANE,f,f,3,22,0,0.0,0,I intend to find out. I insist on being told exactly what you have in mind. I'm going to -  - 185 West 74th Street.
m298,citizen kane,conv_42343,EMILY,KANE,f,f,2,16,0,0.0,0,"Oh!! You're a cheap, crooked grafter - and your concern for your children and your mother -"
m298,citizen kane,conv_42344,EMILY,KANE,f,f,6,115,2,0.0174,0,"You don't think I'm going to let this blackmailer intimidate me, do you? I don't see what else you can do, Charles.  If he's right - and the papers publish this story he has - Oh, they'll publish it all right. But that's not going to stop me - Charles, this - this story - doesn't concern only you.  I'll be in it, too, won't I?  And Junior? I suppose so, but - I'm not afraid of the story.  You can't tell me that the voters of this state - I'm not interested in the voters of this state right now.  I am interested in - well, Junior, for one thing."
m298,citizen kane,conv_42345,EMILY,KANE,f,f,3,14,0,0.0,0,"Oh yes, there is. I don't think so.  Are you coming, Charles? No."
m298,citizen kane,conv_42346,EMILY,KANE,f,f,3,72,0,0.0,0,"There's only one person in the world to decide what I'm going to do - and that's me.  And if you think - if any of you think - You decided what you were going to do, Charles - some time ago.  You can't always have it your own way, regardless of anything else that may have happened.  Come on, Charles. Go on!  Get out!  I can fight this thing all alone!"
m298,citizen kane,conv_42347,EMILY,KANE,f,f,2,53,0,0.0,0,"Charles, if you don't listen to reason, it may be too late - Too late for what?  Too late for you and this -  this public thief to take the love of the people of this state away from me?  Well, you won't do it, I tell you.  You won't do it!"
m298,citizen kane,conv_42348,KANE,SUSAN,f,f,2,40,1,0.025,0,"I can't tell you the things he said, Charlie.  You haven't got any idea - Rogers, I don't think I will postpone doing something about you until I'm elected.  To start with, I'll break your neck."
m298,citizen kane,conv_42349,KANE,SUSAN,f,f,2,17,1,0.0588,0,"You can't blackmail me, Rogers, you can't - Charlie, he said, unless you withdrew your name -"
m298,citizen kane,conv_42350,KANE,SUSAN,f,f,2,18,0,0.0,0,"Charlie, you're just excited.  You don't realize - I know exactly what I'm doing.  Get out!"
m298,citizen kane,conv_42351,KANE,SUSAN,f,f,3,20,0,0.0,0,"Get out, both of you! Charlie, please don't - What are you waiting here for? Why don't you go?"
m298,citizen kane,conv_42352,KANE,SUSAN,f,f,4,9,0,0.0,0,Ow! What's the matter with you? Toothache. Hmm!
m298,citizen kane,conv_42353,KANE,SUSAN,f,f,2,23,0,0.0,0,You've got some on your face. If these sidewalks were kept in condition - instead of the money going to some cheap grafter -
m298,citizen kane,conv_42354,KANE,SUSAN,f,f,2,15,0,0.0,0,What's funny now? You are.  You look like you've been making mud pies.
m298,citizen kane,conv_42355,KANE,SUSAN,f,f,4,32,0,0.0,0,Oh! You're no Venus de Milo. If you want to come in and wash your face -  I can get you some hot water to get that dirt off your trousers - Thanks.
m298,citizen kane,conv_42356,KANE,SUSAN,f,f,3,24,0,0.0,0,"Hey, you should be more careful. That's my ma and pa. I'm sorry.  They live here, too? No.  They've passed on."
m298,citizen kane,conv_42357,KANE,SUSAN,f,f,2,7,0,0.0,0,Where's the soap? In the water.
m298,citizen kane,conv_42358,KANE,SUSAN,f,f,2,38,0,0.0,0,"You're very easily amused. I always like to see the funny side of things.  No sense crying when you don't have to.  And you're so funny.  Looking at you, I forget all about my toothache."
m298,citizen kane,conv_42359,KANE,SUSAN,f,f,3,20,0,0.0,0,Oh! I can't stay here all night chasing your pain away. I know...  But you do look so silly.
m298,citizen kane,conv_42360,KANE,SUSAN,f,f,5,47,0,0.0,0,"Where's the towel? On the chiffonier.  Here. Thanks. I've got a brush in the closet.  As soon as the mud on your trousers is all dry - you just brush it off. I'll get these streets fixed, if it's the last thing I do."
m298,citizen kane,conv_42361,KANE,SUSAN,f,f,12,194,0,0.0,0,"A chicken? No.  But you're close. A rooster? You're getting farther away all the time.  It's a duck. Excuse me, Mr. Kane.  I know this takes a lot of nerve, but - who are you?  I mean - I'm pretty ignorant, I guess you caught on to that - You really don't know who I am? No.  That is, I bet it turns out I've heard your name a million times, only you know how it is - But you like me, don't you?  Even though you don't know who I am? You've been wonderful!  I can't tell you how glad I am you're here, I don't know many people and - And I know too many people.  Obviously, we're both lonely.  Would you like to know where I was going tonight - when you ran into me and ruined my Sunday clothes? I didn't run into you and I bet they're not your Sunday clothes. You've probably got a lot of clothes. I was only joking!  This evening I was on my way to the Western Manhattan Warehouses - in search of my youth."
m298,citizen kane,conv_42362,KANE,SUSAN,f,f,12,168,0,0.0,0,"Who am I?  Well, let's see.  Charles Foster Kane was born in New Salem, Colorado in eighteen six -  I run a couple of newspapers.  How about you? Oh, me - How old did you say you were? I didn't say. I didn't think you did.  If you had, I wouldn't have asked you again, because I'd have remembered. How old? Pretty old.  I'll be twenty-two in August. That's a ripe old age -  What do you do? I work at Seligman's. Is that what you want to do? I want to be a singer.  I mean, I didn't.  Mother did for me. What happened to the singing? You're not in a show, are you? Oh, no!  Nothing like that.  Mother always thought - she used to talk about Grand Opera for me.  Imagine! An American girl, for one thing - and then my voice isn't really that kind anyway, it's just that Mother - you know what mothers are like."
m298,citizen kane,conv_42363,KANE,SUSAN,f,f,9,60,0,0.0,0,"Yes - As a matter of fact, I do sing a little. Would you sing for me? Oh, you wouldn't want to hear me sing. Yes, I would.  That's why I asked. Well, I - Don't tell me your toothache is bothering you again? Oh, no, that's all gone. Then you have no alibi at all. Please sing."
m298,citizen kane,conv_42364,KANE,SUSAN,f,f,2,104,0,0.0,0,"I couldn't make you see how I felt, Charlie.  I just couldn't -  I couldn't go threw with singing again. You don't know what it means to feel - to know that people - that an audience don't want you.  That if you haven't got what they want - a real voice - they just don't care about you.  Even when they're polite - and they don't laugh or get restless or - you know... They don't want you.  They just 0 That's when you've got to fight them. That's when you've got to make them. That's -"
m298,citizen kane,conv_42365,KANE,SUSAN,f,f,9,81,0,0.0,0,"Charlie!  I said, what time is it? Half past eleven. I mean in New York. Half past eleven. At night? Yes.  The bulldog's just gone to press. Hurray for the bulldog!  Half past eleven!  The shows have just let out.  People are going to night clubs and restaurants.  Of course, we're different.  We live in a palace - at the end of the world. You always said you wanted to live in a palace. Can't we go back, Charlie?"
m298,citizen kane,conv_42366,KANE,SUSAN,f,f,5,104,0,0.0,0,"It makes a whole lot more sense than collecting Venuses. You may be right -  I sometimes wonder - but you get into the habit - It's not a habit.  I do it because I like it. I was referring to myself.  I thought we might have a picnic tomorrow - it might be a nice change after the Wild West party tonight.  Invite everybody to go to the Everglades - Invite everybody!  Order everybody, you mean, and make them sleep in tents!  Who wants to sleep in tents when they have a nice room of their own - with their own bath, where they know where everything is?"
m298,citizen kane,conv_42367,KANE,SUSAN,f,f,16,427,0,0.0,0,"I mean it.  Oh, I know I always say I mean it, and then I don't - or you get me so I don't do what I say I'm going to - but - You're in a tent, darling.  You're not at home.  And I can hear you very well if you just talk in a normal tone of voice. I'm not going to have my guests insulted, just because you think -  - if people want to bring a drink or two along on a picnic, that's their business.  You've got no right - I've got more than a right as far as you're concerned, Susan. Oh, I'm sick and tired of you telling me what I must and what I musn't do! You're my wife, Susan, and - I'm not just your wife, I'm a person all by myself - or I ought to be.  I was once.  Sometimes you get me to believing I never was. We can discuss all this some other time, Susan.  Right now - I'll discuss what's on my mind when I want to.  You're not going to keep on running my life the way you want it. As far as you're concerned, Susan, I've never wanted anything -  I don't want anything now - except what you want. What you want me to want, you mean. What you've decided I ought to have - what you'd want if you were me. But you've never given me anything that - Susan, I really think - Oh, I don't mean the things you've given me - that don't mean anything to you.  What's the difference between giving me a bracelet or giving somebody else a hundred thousand dollars for a statue you're going to keep crated up and never look at?  It's only money.  It doesn't mean anything. You're not really giving anything that belongs to you, that you care about. Susan, I want you to stop this. And right now! Well, I'm not going to stop it.  I'm going to say exactly what I think.  You've never given me anything.  You've tried to buy me into giving you something.  You're -  - it's like you were bribing me!  That's what it's been from the first moment I met you.  No matter how much it cost you - your time, your money - that's what you've done with everybody you've ever known.  Tried to bribe them! Susan!"
m298,citizen kane,conv_42368,KANE,SUSAN,f,f,2,63,0,0.0,0,"You're talking an incredible amount of nonsense, Susan.  Whatever I do -  I do - because I love you. Love!  You don't love anybody!  Me or anybody else!  You want to be loved - that's all you want!  I'm Charles Foster Kane.  Whatever you want - just name it and it's yours! Only love me!  Don't expect me to love you -"
m298,citizen kane,conv_42369,KANE,SUSAN,f,f,7,43,0,0.0,0,"You'll never have another chance to hit me again.  I never knew till this minute - Susan, it seems to me - Don't tell me you're sorry. I'm not sorry. I'm going to leave you. No, you're not. Yes."
m298,citizen kane,conv_42370,KANE,SUSAN,f,f,2,48,0,0.0,0,Don't you realize that everybody here is going to know about this? That you've packed your bags and ordered the car and - - And left?  Of course they'll hear.  I'm not saying goodbye - except to you - but I never imagined that people wouldn't know.
m298,citizen kane,conv_42371,KANE,SUSAN,f,f,2,11,0,0.0,0,I won't let you go. You can't stop me.
m298,citizen kane,conv_42372,KANE,SUSAN,f,f,4,28,0,0.0,0,"Goodbye, Charlie. Don't go, Susan. Let's not start all over again, Charlie.  We've said everything that can be said. Susan, don't go!  Susan, please!"
m306,copycat,conv_43416,HELEN,M.J.,f,f,2,11,0,0.0,0,"Who is this? Inspector Halloran, Homicide.  I'm in charge here."
m306,copycat,conv_43417,HELEN,M.J.,f,f,5,64,0,0.0,0,"No, ma'am.  This is no joke.  And neither is tying up telephone lines to police with crank calls while people in trouble are trying to get through for help. You're calling me a crank? Do you have any evidence to report, ma'am?  Do you know any of the victims... I think this is number three... That's an opinion, not evidence..."
m306,copycat,conv_43418,HELEN,M.J.,f,f,6,34,3,0.0882,0,"Ring the gong, he goes.  Poor impulse control. Is he out? Who? If he's not out, why are they here? Because of your phone calls. What calls?  I haven't made any calls."
m306,copycat,conv_43419,HELEN,M.J.,f,f,4,92,2,0.0217,0,"I want to tell you it's a great honor to meet you and talk to you. You don't admire me.  No police admire me.  I got one of you killed.  Why don't you say right out what you're here for? <u>You</u> called <u>us</u>, Doctor Hudson. Yes, I did.  Poor impulse control. The accounts of the firs two murders made it so clear they were the work of the same man, but you kept announcing they were unrelated.  You'll never catch him that way."
m306,copycat,conv_43420,HELEN,M.J.,f,f,9,243,2,0.0082,0,"Sugar and cream for Goetz; I take mine black.  You're absolutely correct.  The politicians don't want panic headlines spoiling the Festival of Love. Well, let's thank God you and Inspector Goetz are on the case, then. Would you want to work with us on this? Oh, my God, no!  I'm a clinical hysteric, with panic syndrome, and anxiety neurosis, agoraphobic, I'm afraid of everything, real and imaginary.  I never leave this apartment now.  Nobody ever comes here.  I just wanted to get your attention.  I write and I used to lecture on these crimes, but... I'm not competent. I think you are.  I really admire everything you've done; it would be an honor to work with you, and we need all the help we can get, especially yours. Inspector Halloran, that is so much bullshit, you don't like or admire me, but the beautiful part is I don't give a fuck.  That's the upside of having a breakdown. Well, it's a hell of an apartment you got here.  I'm living one step away from the projects, myself, but I get to go to work every day, wading in blood and guts.  I guess the books you wrote about these sons of bitches paid off pretty good. Will you go.  Andy, make them go. You can't go out lecturing?  Tough shit.  Women are dying.  Where can I lay this stuff out?"
m306,copycat,conv_43421,HELEN,M.J.,f,f,5,37,3,0.0811,0,Is it an ongoing case? For months... last October. It was a lover or a husband. Someone close.  Somebody who knew her and cared about her. How do you know that? He felt remorse.  He covered her.
m306,copycat,conv_43422,HELEN,M.J.,f,f,5,109,7,0.0642,0,"The bodies have been carefully arranged... different positions, but somehow the same.  The positions are brutal... yet quite... artful.  It's like... a signature.  He's proud of his accomplishments.  There are early Picassos and late Picassos, but you always recognize the hand.  He wants us to recognize <u>his</u> hand. I've seen this hand before... what are you hiding? Nothing. Where are the stockings he strangled them with? How did you know they were stockings? I sent Andy out on murder missions. For God's sake -- it's the Boston Strangler, Alber deSalvo.  He used their own stockings to strangle them.  Tied in a bow-knot."
m306,copycat,conv_43423,HELEN,M.J.,f,f,3,53,3,0.0566,0,"Why imitate a dead serial killer? If you knew why, you might know where to look for him. I don't envy you this; he's not done -- he's going to do them faster and faster to keep the adrenaline rush.  Now, I've done what you asked me. Work with me."
m306,copycat,conv_43424,HELEN,M.J.,f,f,2,25,0,0.0,0,How do you know that? Look at the bottom of the screen. You see the icon with the arrow pointing left?  Click on that... twice.
m306,copycat,conv_43425,HELEN,M.J.,f,f,2,22,0,0.0,0,Can you make a copy we can show on our computers? It's too big a file to copy to a disk.
m306,copycat,conv_43426,HELEN,M.J.,f,f,3,33,1,0.0303,0,"I'm going to put a guard on your door. One officer already got killed trying to protect me.  Please, just take it all away.  Leave me alone. <u>He</u> won't."
m306,copycat,conv_43427,HELEN,M.J.,f,f,2,41,1,0.0244,0,"We'll show that to... Show what?  It's gone.  He wrote a self destruct virus into the code, so it would only play until we try to copy it.  Then it erased itself. Gone...  Do you remember what you saw?"
m306,copycat,conv_43428,HELEN,M.J.,f,f,4,81,1,0.0123,0,I am not going to look at any more pictures.  They're like a disease. They get into my head.  I can't get them out. I don't look at pictures.  I look at the <u>real thing</u>.  I don't feel infected. Maybe that's why you can't catch him.  I <u>know</u> what she looks like -- the red-headed woman in my computer. I just came from her... here's what you haven't seen.
m306,copycat,conv_43429,HELEN,M.J.,f,f,2,51,1,0.0196,0,She probably let him in the door without a thought.  Where are their mothers?!  Where are the mothers that are supposed to teach them to be wary and to tough and not afraid to fight? Look at the sign.  'Hell'?  In the Festival of Love?  You make any sense in that?
m306,copycat,conv_43430,HELEN,M.J.,f,f,3,95,3,0.0316,0,"It's <u>anybody</u> connected to author- ity.  They write, they even knock on your door.  They're <u>fans</u>.  It thrills them to flirt with getting caught. Nobody knows you have anything to do with this case; nothing has been on TV or the news... Why would he want to get in <u>your</u> computer? Because I'm his damned pin-up girl! His, all of them!  They know me. They're in prisons with libraries, they collect clippings, I'm their worthy opponent.  You keep my name out of this."
m306,copycat,conv_43431,HELEN,M.J.,f,f,3,82,5,0.061,0,"That's amazing.  A whole new book, thought up in a minute.  Very good.  All I know how t do is get up, take a shower, and go to work. Hope, if he does another I'll nail the son of bitch, and they'll spell my name right in the newspaper. Where is Andy going? He's going home.  He slept over because I was a little anxious... I want a guard on you.  I'm worried about leaving you alone."
m306,copycat,conv_43432,HELEN,M.J.,f,f,6,106,4,0.0377,0,"We've got another one. That's no surprise. But it's a different m.o. Then what do you need me for? She was killed somewhere else and dumped outdoors in an empty lot. Where it says ""no dumping.""  Her legs pulled apart in a kind of sexual pose.   It's all different but it seems so -- the same. Artificial and <u>posed</u>... Something's wrong with it. You're saying it's the same man, but he's changed his style?  That doesn't happen.  These men are robotic; the murder is like a ritual.  The method itself is part of the pleasure..."
m306,copycat,conv_43433,HELEN,M.J.,f,f,7,187,7,0.0374,0,"Who turned off the Internet computer... I turned it off.  It's like an open window he can climb right in... He comes in the window, we maybe grab him.  Where's the on-switch? Have you got a warrant?  Get the hell out o here!  This is the <u>only space I have left in the</u> <u>world</u>!  Why can't you leave me out of it? Helen -- the killer directly contacted you.  His interest in you is <u>intense</u>.  I'm worried about you. I don't want to lose you.  I know this stirs up every monster under the bed, but this is the only direct contact we have with him. The only chance we have to trap him.  So, you can turn Internet back on, or I do, and we put somebody here on a 24 hour shift and you can kick, scream and hyperventilate. That little Winona Ryder manner... you're more convincing as Clint Eastwood. Clint is putting a guard on you. But if you swear to leave the computer on, Winona will assign him to the hall outside."
m306,copycat,conv_43434,HELEN,M.J.,f,f,3,18,0,0.0,0,"Ruben. Hello, Ruben...  So that's that... Please thank Inspector Goetz for taking care of me last night."
m306,copycat,conv_43435,HELEN,M.J.,f,f,2,19,0,0.0,0,There were needle marks.  But no drugs in her blood. So far nothing they test for comes up positive.
m306,copycat,conv_43436,HELEN,M.J.,f,f,2,15,0,0.0,0,"Is that it? That's exactly... I could have taken that same picture, this morning."
m306,copycat,conv_43437,HELEN,M.J.,f,f,11,238,15,0.063,0,"That's not consistent... You said they never changed their style, they're robots... Consistency is the hobgoblin of <u>little</u> minds.  Tell them to test for the chemicals found in Windex. That's a product for cleaning with... I know Windex, for God's sake, I clean my own windows... It's what Bianchi and Buono injected into one of their victims. Injected Windex!  Why would he switch to a new m.o.? Ah, if you knew that, you'd be half way to nailing him.  Serial killing is irrational and rigid and compulsive.  This guy has a plan all thought out, flexible and complex.  He's playing a game with us.  Who will he imitate next? Maybe he's doing all the serial killers in history, the great innovators, the murderers' hall of fame.  Just to prove he's better than all of them.  They got caught; he didn't. He'll get caught.  If he has a plan that'll be what trips him up... Who's going to catch him?  You?  And if you do, there'll be another one.  And one after that. You're afraid of him. This one, yes.  I was always curious about these twisted little souls, but this is the first one I've felt personally terrified of. He's something new and unheard of. I don't know what he wants. I'm giving you Clint outside."
m306,copycat,conv_43438,HELEN,M.J.,f,f,5,49,0,0.0,0,Halloran. You betrayed me!  Now every psychopath in the city knows I'm back in business... You lied to me! I did not; the Mouth -- that's what we call Susan Schiffer -- got it on her own. Why should I trust you? Because I'm all you've got.
m306,copycat,conv_43439,HELEN,M.J.,f,f,2,24,1,0.0417,0,"Helen, hang up, let Ruben get on with his work... What's that music.  It's Abba.  I can hear it.  It's Abba."
m306,copycat,conv_43440,HELEN,M.J.,f,f,4,52,3,0.0577,0,What's that siren? One of those goddamned car alarms. What's going... Ruben's gone to look... It's banged up but it looks like a .44.  It's Son of Sam.  Is it Son of Sam? Look in the crowd.  He liked to hang around and watch the cops at work...
m306,copycat,conv_43441,HELEN,M.J.,f,f,7,233,13,0.0558,0,"They put  Merry <u>Saks</u> on it?! He said to send you his regards and to tell you that the Bureau holds you in the highest esteem. What I can't believe is that in an earlier life I slept with him! Christ!  Any God that loved his people would give women a rewind on their life and an erase button.  Just give me a minute here.  The letter is addressed to me...  You don't feel fear, do you? You're young.  You feel like you'll live forever.  How wonderful. I put my ass on the line, giving you that. They weren't going to show it to me?!  The arrogance!  It's my <u>life</u>! It's also the major piece of evidence, and it makes you a key part of his plan.  You can't run away from it anymore.  Look at the order he's doing them... He did three as the Boston Strangler just to tell us a copycat serial killer was at work.  Then he did one like the Hillside Strang- ler.  And then one as Son of Sam. To lead us on -- to where and what end?  And he's doing more than that -- he's imitating each killer's method as closely as he can -- in details.  Injecting Windex.  Using .44.  Playing Abba. It's not chronological: Son of Sam was before Hillside."
m306,copycat,conv_43442,HELEN,M.J.,f,f,2,63,2,0.0317,0,"'...great dark hall of fame... all our greatest killers...'  His greatest <u>heroes</u>?  He wants to be famous.  When they're caught and people like me write about them, we give them a kind of immortality. They get thousands of letters. Ramirez kills eight women and gets a hundred marriage proposals a month.  They're like film stars. They get fan letters..."
m306,copycat,conv_43443,HELEN,M.J.,f,f,3,86,3,0.0349,0,"Let's speed up the game plan... call all the living serials to ask if they've had contact with a Peter Kurten.  We could use some help on the phones... They're not talking to me.  Saks looks right through me.  I ask him for some bodies, for the phones -- he's so encouraging: ""you make that <u>your</u> little job.""  Condescending bastard.  Helen, on your lists to call is San Quentin.  Daryll Lee Cullum? You do that one, I don't want it..."
m306,copycat,conv_43444,HELEN,M.J.,f,f,2,27,1,0.037,0,"What happened to you?! Ruben's dead.   So stupid, a cop thing, a crazy kid and a buncha dumb mistakes... I'm sorry... because you and he..."
m306,copycat,conv_43445,HELEN,M.J.,f,f,5,107,7,0.0654,0,"I just thought it was so -- unprofessional.  Of you both! He felt sorry for me.  It was so nice to flirt.  He was a darling man. A man?  I thought he was a boy.  This last Christmas was the happiest Christmas I had in the last ten years... you know why?  It was the first Christmas in six years I was not in love.  Son of a bitch <u>married men</u>!  Who cares about marriage, the bed just gets crowded and noisy?! You're exhausted.  Let me get you a brandy. Where's the john?  Let me clean up this mess, and get back to work."
m306,copycat,conv_43446,HELEN,M.J.,f,f,2,19,2,0.1053,1,"Who's the married man? What does it matter?  This guy, you checked your course records, who signed up?"
m306,copycat,conv_43447,HELEN,M.J.,f,f,2,44,2,0.0455,0,"The University computer is down for maintenance, but I've been going through my own notes... Look.  There's the order:  you wrote it:  DeSalvo, Bianchi & Buono, Berkowitz and Dahmer.  It's going to be Dahmer next.  Which means he'll kill a man."
m306,copycat,conv_43448,HELEN,M.J.,f,f,5,53,4,0.0755,0,"Yes.  Dahmer!  And after that... Bundy.  That's the last one in your speech... Maybe you should... I'm working on it!  It's what I do.  Quinn...Halloran.  I'll wait.  Where's Andy, can we get some coffee in here? Out.  Where does he go?  Nowhere. What does he do?  Nothing."
m306,copycat,conv_43449,HELEN,M.J.,f,f,2,98,4,0.0408,0,"I am not going to talk about it. How do you <u>know</u> it was Andy if the head was gone?  Where is the head? Are you looking for it?  Oh, God, why him?  Because of me.  I can't talk about it.  I write about things like this, stuff it all in books and bury it in libraries. This is the first person close to me who's ever died.  And it's because of me.  This monster killed him because I loved him. I've got to go.  I've <u>got</u> to go."
m306,copycat,conv_43450,HELEN,M.J.,f,f,3,50,3,0.06,0,"How many do you need to sleep. Really sheep? W-We had a fight.  I called him... called him a name... Christ, Helen.  The first time, we're ahead of the son of a bitch! I can't leave you like this -- and there's no time.  Knock yourself out."
m306,copycat,conv_43451,HELEN,M.J.,f,f,7,140,10,0.0714,0,"Helen.  I saw him die.  I saw him burning on the basement stairs, he never reached the top. They never kill themselves.  How do you know it was him.  You never met him.  You never even saw a photograph... Helen -- let go.  You've got to let go. He hasn't done Bundy.  He's done every one of the others, hasn't he? If there are three dead Chi Omega college girls tomorrow, how will you feel?  Go there.  See if there could be any way for him to escape. This has been the worst 48 hours of my life.  I'm going home.  I'm going to try to get drunk. If there's a one percent possibil- ity, can you live with yourself when he kills again? Oh, shut up, and don't be so damn self righteous."
m306,copycat,conv_43452,HELEN,M.J.,f,f,2,28,0,0.0,0,"Why can't I drive home?  I will. You.  Look at you.  <u>You</u> need a ride home.  And you don't even know it. Well, thanks."
m306,copycat,conv_43523,M.J.,SUSAN,f,f,3,35,0,0.0,0,"I just got here myself, Susan. ...confirm this third murder adds up to a pattern?  Do we have a serial killer on the loose in the city? I just got here.  Talk to you later..."
m306,copycat,conv_43524,M.J.,SUSAN,f,f,2,42,1,0.0238,0,"... third Bay Area woman has been strangled, but the police continue to deny that this is the work of one killer.  Lt. Thomas Quinn declares that the murders will be treated as unrelated crimes, unless new evidence... You messed with the evidence."
m306,copycat,conv_43525,M.J.,SUSAN,f,f,2,11,0,0.0,0,"Detective Niccoletti? What's this about the Boston Strangler, M.J.?"
m306,copycat,conv_43526,M.J.,SUSAN,f,f,2,30,0,0.0,0,"Inspector, will you confirm somebody is copying the Boston Strangler?  This is the fourth, is that correct? We're going to review all the evidence carefully before making any statement..."
m312,cruel intentions,conv_44093,ANNETTE,KATHRYN,f,f,2,5,0,0.0,0,I'm Kathryn. Annette Harrison.
m312,cruel intentions,conv_44094,ANNETTE,KATHRYN,f,f,7,43,2,0.0465,0,Have we met? I don't think so. Did you know Sebastian well? You might say that. Now I remember. Annette Harrison. Your father's the new headmaster at Oakwood. That's right. I'm sure you're going to love it there.
m312,cruel intentions,conv_44095,ANNETTE,KATHRYN,f,f,3,24,0,0.0,0,"Are you okay? I'll be fine. Well, I'll leave you alone now. I just came in here to get something of mine."
m312,cruel intentions,conv_44096,ANNETTE,KATHRYN,f,f,15,200,10,0.05,0,"Thank you. Look, I know this sounds corny, but whenever I feel like I can't go on I...  turn to Jesus and he helps me through the problem. Call me an anachronism, but - Oh cut the shit, Kathryn. Excuse me? You heard me. Who the hell do you think you are coming into my house and saying those things to me. My brother is dead, have some respect. Kathryn, I know all about you and Sebastian. Sebastian was a pathological liar. I wouldn't believe a word he - I have his journal. You what? His journal. He sent it to me the day before he died. Everything about you is in it. The blow jobs, the hand jobs, the menages, your bout with bulimia, the affair you had with your guidance counselor and how he gave you... eww. Let's see, then there's your coke problem... You still keep it in your crucifix, don't you? It's all in there. You didn't show it to anybody? Actually, I was planning on running down to Kinkos. Do you think you could give me ride? You can't do this to me. It could ruin me. I know."
m312,cruel intentions,conv_44148,CECILE,MRS. CALDWELL,f,f,2,28,0,0.0,0,"What are the boys like? Cecile, is that the best you can do?  You must forgive her, Kathryn. She's never been in a co-educational atmosphere before."
m312,cruel intentions,conv_44149,CECILE,MRS. CALDWELL,f,f,4,29,0,0.0,0,"Where did you find those? Margarita found them while cleaning your room. Those are my letters! Don't you raise your voice at me. Go to your room, now."
m312,cruel intentions,conv_44150,CECILE,MRS. CALDWELL,f,f,3,20,0,0.0,0,"I'm in the bath, mom. Well hurry up. I want to be at Mrs. Rosemond's before lunch. Okay."
m312,cruel intentions,conv_44151,CECILE,KATHRYN,f,f,2,13,0,0.0,0,What was that? I was thanking her. Vietnamese is such a beautiful language.
m312,cruel intentions,conv_44152,CECILE,KATHRYN,f,f,2,18,0,0.0,0,I'll call you later and we'll get together and plan your curriculum. Thanks.  Nice meeting you.
m312,cruel intentions,conv_44153,CECILE,KATHRYN,f,f,11,127,5,0.0394,0,"So, rumor has it that you went on a date with Court Reynolds. I hear he's very nice. He's alright.  He kept talking about this bulimic headcase he dumped over Fourth Of July. Really? Bulimic headcase. What a loser she must be.  Anyhow, Court's invited me to the Hamptons for Labor Day Weekend. That's great. You think so? I don't know. I guess I'm just scared. What are you scared of? Ah duh. Boys. I've never even gone to first base with a guy. What do I do? Haven't you ever practiced with one of your girlfriends? Eww. No. That's gross. It's not gross. How else do you think girls learn? Here turn around and face me."
m312,cruel intentions,conv_44154,CECILE,KATHRYN,f,f,3,17,0,0.0,0,Are you for real? Do you want to learn or not? I guess. It still sounds gross.
m312,cruel intentions,conv_44155,CECILE,KATHRYN,f,f,5,49,0,0.0,0,"See that wasn't so bad. It was nothing. Let's try it again, only this time I'm going to stick my tongue in your mouth. When I do that I want you to massage my tongue with yours. That's what first base is. Okay. Eyes closed."
m312,cruel intentions,conv_44156,CECILE,KATHRYN,f,f,5,30,1,0.0333,0,That was cool. Maybe you should try it on your friend Ronald sometime. What are you saying? Oh come on Cecile. He's crazy about you. Is it that obvious?
m312,cruel intentions,conv_44157,CECILE,KATHRYN,f,f,6,43,3,0.0698,0,"That's so romantic. Have you responded? No. Well do you like him? I don't know. Cecile, we just made out in the middle of Central Park. You can trust me. I do like him. I can't stop thinking about him."
m312,cruel intentions,conv_44158,CECILE,KATHRYN,f,f,10,102,2,0.0196,0,"Listen to me. Your mother must never know. Never. Okay. Did you hide the letters? Yes. They're in this antique doll house in my room. I want you to make me copies of his letters and bring them to me. Why? Cecile if there's one thing I'm great at it's love letters. With my help, he'll be eating out of the palm of your hand. Perhaps we can arrange a little get together for the two of you at my house. You'd do that for me? Of course I would. We're friends, right? Best friends."
m312,cruel intentions,conv_44159,CECILE,KATHRYN,f,f,2,6,0,0.0,0,Who is it? It's Kathryn.
m312,cruel intentions,conv_44160,CECILE,KATHRYN,f,f,15,104,5,0.0481,0,"Calm down. Tell me what's wrong. Something awful happened last night. What do you mean?! I... I don't think you want to know. Cecile, you have to tell me. It involves your brother. He... took advantage of me. Does your mother know? If she knew, she'd kill me. It happened at your house last night. Why didn't you do something? I don't know. So, let me get this straight. You came over to our house late last night and he forced intercourse on you. Well... not exactly. He made you give him a blow job. No. Well what then?"
m312,cruel intentions,conv_44161,CECILE,KATHRYN,f,f,5,83,1,0.012,0,"If that's what you call it. Cecile, I think you're going to have a hard time crying rape if that's all he did. What do I do then? Well did you like it? Well... I don't know - it was weird. At first it felt icky, then it felt kind of okay. Then, I started getting really hot and then I started shaking and then like, I don't t know... it felt like an explosion, but a good one."
m312,cruel intentions,conv_44162,CECILE,KATHRYN,f,f,4,20,0,0.0,0,"Cecile, you had an orgasm. I did? I'm so proud of you. You're becoming a woman. I am?"
m312,cruel intentions,conv_44163,CECILE,KATHRYN,f,f,5,83,3,0.0361,0,"Now listen. Now that you're on your way, it would be stupid of you to stop. Think of Sebastian as a tutor. Let him instruct you. I don't love him. I love Ronald. So? Don't you want to make Ronald a happy pappy? Practice makes perfect, Cecile. My advice is to sleep with as many people as possible. But that would make me a slut.  Wouldn't it? Cecile, everybody does it. It's just that nobody talks about it."
m312,cruel intentions,conv_44164,CECILE,KATHRYN,f,f,3,15,0,0.0,0,It's like a secret society. That's one way of looking at it. Cool.
m312,cruel intentions,conv_44247,KATHRYN,MRS. CALDWELL,f,f,2,55,0,0.0,0,I can't tell you how happy we are that Cecile is going to be attending Oakwood with you this fall. You've always been an inspiration to Beau and I on raising her. We just hope she can rise to the high standards which you've set for her. I'll do my best.
m312,cruel intentions,conv_44248,KATHRYN,MRS. CALDWELL,f,f,4,61,1,0.0164,0,"You're too kind. How do you do it? I mean with all peer pressuring that goes on in high school. Where do you get your strength? I know this sounds corny, but whenever I feel temptations of peer pressure, I...  turn to God and he helps me through the problem. Call me an anachronism, but it works. That's beautiful."
m312,cruel intentions,conv_44249,KATHRYN,MRS. CALDWELL,f,f,2,48,4,0.0833,0,"Don't worry, it's totally understandable. Most of the boys that matriculate at Oakwood are very upstanding gentleman, however there are the occasional bad apples. Like your step-brother Sebastian. I can't believe they didn't expel him after what he did to the school nurse."
m312,cruel intentions,conv_44250,KATHRYN,MRS. CALDWELL,f,f,11,90,1,0.0111,0,"I got your message and came as quick as I could. I hope I didn't keep you from something. Not at all. What's wrong? It's Cecile. What about her? Well... you promise you won't say anything to her. We've developed a friendship and... Kathryn, you have my word. It isn't drugs is it? It's worse. I think there's something going on between Cecile and her music teacher. Ronald? That's crazy. I know. She's so young and he's so - Black."
m312,cruel intentions,conv_44251,KATHRYN,MRS. CALDWELL,f,f,3,13,0,0.0,0,I can't thank you enough. You will be discreet about this? Absolutely.
m312,cruel intentions,conv_44252,KATHRYN,MRS. CALDWELL,f,f,3,22,0,0.0,0,Let me get that for you. Oh please. I can't have you do that. It's the least I can do.
m325,domino,conv_45718,DOMINO,TARYN,f,f,2,48,0,0.0,0,Ms. Harvey... my name is Taryn Miles. I'm a criminal psychologist working for the FBI. I'm here to ask you a few questions. <i>Here's the part where I'm supposed to get all defensive and say... 'not until I speak with my attorney.'</i>
m325,domino,conv_45719,DOMINO,TARYN,f,f,5,116,3,0.0259,0,"<i>The driver's name was Locus Fender. We know that he was in on the heist.</i> <b> INT. ARMORED CAR -- NEXT </b> LOCUS FENDER  is behind the wheel of the armored car. His unshaven, disheveled appearance looks totally out of place in his security uniform. <b> INT. VEGAS SECURITY LOCKDOWN -- NIGHT </b> Taryn is now scrawling notes on a pad. Where is the money? I don't know. I think that you're lying. I think you know exactly where the money is. You're trying to scare me into falsely incriminating myself... and it's not working. I said I'd tell you everything I know. You and your friends behind the mirror."
m325,domino,conv_45720,DOMINO,TARYN,f,f,4,66,1,0.0152,0,Is it true that you were hired to track down and capture the thieves... and then deliver them to Drake Bishop... owner of the Stratosphere Hotel & Casino? Yes. You then learned where the thieves had hidden the money... and at the instructions of your employer went to retrieve it yourself. He sent us out to the Fender Compound. Out in the desert near the Chicken Ranch.
m325,domino,conv_45721,DOMINO,TARYN,f,f,2,56,2,0.0357,0,He's a reality television producer. His name is Mark Weiss. Mr. Weiss was very generous in turning over some video tapes to the FBI. There's lots of footage of you. We know everything.  If you don't come clean... the information on these tapes could send you to prison for a very long time.
m325,domino,conv_45722,DOMINO,TARYN,f,f,4,67,0,0.0,0,Are you aware that Lateesha Rodriguez has been running a counterfeit driver's license racket? That's the rumor on the street. What was your business with Lateesha that day? We needed to verify some bond certificates for Claremont. She pushes stuff through the system for us... helps us track down perps for a kick back. It's all legal. <b> INT. MUSTANG CONVERTIBLE -- [FLASHBACK] DAY </b>
m325,domino,conv_45723,DOMINO,TARYN,f,f,2,25,0,0.0,0,<i>You drove Lateesha's daughter to school... then dropped her off at the DMV. Why?</i> <i>Her car was in the shop.</i>
m325,domino,conv_45724,DOMINO,TARYN,f,f,4,49,0,0.0,0,<i>The bitch was bluffing. There were no dupe tapes. If there were... they'd have shown them to me by now.</i> Show me the tapes. I want to see them. Not yet. <b> INT. CAST WINNEBAGO -- NEXT </b> Alf pulls onto the 15 FREEWAY. Take us to Vegas.
m325,domino,conv_45725,DOMINO,TARYN,f,f,2,80,0,0.0,0,<i>Now the bitch was getting personal.</i> That's the only way you can cope with the route your life has taken. The fact that you made the choice to pursue this life- style... much to the chagrin of your mother... who is so clearly ashamed of you.  Imagine her shame when we cart you off to prison because you won't just tell the truth about what really happened. <b> EXT. NEVADA DESERT -- DAY FOR NIGHT [MESCALINE TRIP]
m325,domino,conv_45726,DOMINO,TARYN,f,f,2,50,0,0.0,0,Take us to Vegas. <b> EXT. DESERT ROAD -- DAY </b> The crew rides in the back of the Wanderer's truck toward Vegas. <b> INT. VEGAS SECURITY LOCKDOWN -- NIGHT </b> Domino stares at Taryn as she returns to the table. This is your last chance. Tell us everything you know.
m325,domino,conv_45727,DOMINO,TARYN,f,f,3,80,1,0.0125,0,Do you want know the real reason why I became a bounty hunter? No. Please enlighten me. I became a bounty hunter because of cunts like you.  I remember all the cunts in high school who were mean to me. Eventually... they all grew up to be just like you. Angry and bitter because they peaked early... and now they're stuck in some dead end marriage... or worse yet... an unfulfilling job that keeps them from meeting a man.
m325,domino,conv_45728,DOMINO,EDNA,f,f,3,37,3,0.0811,0,"<i>That's my best friend. His name is Choco. He's always fancied me... but too shy to ever do anything about it.</i> Chi-Chi!  CHI-CHI! Chi-Chi has gone to doggie heaven, bitch!"
m325,domino,conv_45729,DOMINO,EDNA,f,f,2,10,0,0.0,0,"Is that you, Domino? Nice to see you again, Edna."
m325,domino,conv_45730,DOMINO,EDNA,f,f,2,7,1,0.1429,1,"HE'S STILL ALIVE, EDNA! PROVE IT!"
m325,domino,conv_45731,DOMINO,EDNA,f,f,2,10,0,0.0,0,"LOCUS! BABY... I'M HERE! Turn over your weapon, Edna!"
m325,domino,conv_45732,DOMINO,EDNA,f,f,2,12,0,0.0,0,Is that the decoder? Yeah. <b> INT. FENDER HOUSE -- MOMENTS LATER </b>
m325,domino,conv_45733,DOMINO,EDNA,f,f,2,43,0,0.0,0,<i>Either this was some kind of set up... or the First Ladies got scared... decided to pull out and cut their losses.</i> Fuck 'em. Their loss is our gain. Put the money in the safe until we hear from Claremont. <b>
m325,domino,conv_45734,DOMINO,EDNA,f,f,2,36,0,0.0,0,Cock-fuckers are gonna pay. <i>Mescaline.</i> <b> INT. CAST WINNEBAGO -- NIGHT </b> Domino and the others are all drinking coffee. Alf stares out through the windshield at the GLOW of Vegas in the distance.
m325,domino,conv_45735,DOMINO,SOPHIE,f,f,2,62,2,0.0323,0,"<i>After dad passed on, Mum's agenda was to hit the town and find another husband with a boatload of cash.</i> <b> INT. LONDON APARTMENT -- EVENING </b> Sophie is dolled up for a night on the town... CLEAVAGE spilling out of her cocktail dress. Domino is feeding her pet GOLDFISH. ""THUNDERBIRDS"" plays on the television. Be kind to your sitter."
m325,domino,conv_45736,DOMINO,SOPHIE,f,f,11,139,1,0.0072,0,Everything. It is a ghastly existence. Why must you fight... everything that is normal? You are blessed with such beauty. Life could be so easy... if only you allowed yourself to fit the mold. The mold? I am living among these crypto-fascist Orange County cunts... with daddy's BMW and the boob job... just waiting to implode. Crypto-fascist? Who talks like this?! I refuse to turn out like them. Twenty-one years old and they're already looking for a husband.  Stupid fucking cunts with no self- esteem. They let the boys control their lives. Not me. Must you use that awful word? Cunt. Stop it. Cunt. I said stop it. Cunt. It's just a word. Why does everyone in this fucking country get their knickers in a twist by the slightest bit of indecent conversation?
m325,domino,conv_45737,DOMINO,SOPHIE,f,f,4,48,8,0.1667,1,So who is this <i>Choko?</i> Is he your new boyfriend? It's Choco. And he's not my boyfriend. He's a bounty hunter. <i>Whatever.</i> He's a criminal. And this Ed Martin character is a complete loser. He used to date Pat Benatar!
m325,domino,conv_45738,DOMINO,SOPHIE,f,f,2,16,0,0.0,0,God help us. God help us all. <i>It was the beginning of the end.</i>
m325,domino,conv_45769,LASHANDRA,LASHINDRA,f,f,2,5,0,0.0,0,You were good. Real good.
m325,domino,conv_45770,LASHANDRA,LASHINDRA,f,f,2,12,0,0.0,0,Ain't nobody gonna call me a bitch without some payback. Nobody.
m325,domino,conv_45771,LASHANDRA,LASHINDRA,f,f,2,55,0,0.0,0,<i>Gotta strip/ Gotta give some lip/ Gotta make my tip/ But keep yo hands to yourself - Cuz you ain't touching these tits.</i> <i>House is a wreck/ Gotta collect my check/ Gotta perfume my neck/ But keep yo hands off the weave cuz this black bitch don't suck the dick.</i>
m325,domino,conv_45772,LASHANDRA,LASHINDRA,f,f,2,18,0,0.0,0,Just like Billy Ocean says. <i>When the going gets tough...</i> <i>The tough get going.</i>
m325,domino,conv_45773,LASHANDRA,LASHINDRA,f,f,2,11,0,0.0,0,Meeka's white blood cell count is dropping fast. Real fast.
m326,do the right thing,conv_45820,JADE,MOTHER SISTER,f,f,2,17,0,0.0,0,"Jade, you're late. I know, Mother Sister, but I'm here now.  Where's the stuff?"
m326,do the right thing,conv_45821,JADE,MOTHER SISTER,f,f,2,22,0,0.0,0,This might take some time. I got nowhere to go.  We haven't had a good sit-down for a long while.
m326,do the right thing,conv_45822,JADE,MOTHER SISTER,f,f,9,72,0,0.0,0,"Tender-headed runs in my family. You tender-headed? Yeah, me too. That's why I don't fool with it. Only let you touch it...Ouch! Sorry, comb got caught. Be gentle, child.  Mother Sister is an old woman. How are you holding up in this weather? I'll do. I don't know why you still haven't bought an air conditioner. Don't like 'em.  A fan will do."
m326,do the right thing,conv_45823,JADE,MOTHER SISTER,f,f,2,36,3,0.0833,0,"You are too cruel to Da Mayor, it isn't right. I'm not studying no Mayor.  Besides, he reminds me of my least favorite peoples.  My tenants and my ex- husband--Goddamn-bless his soul."
m326,do the right thing,conv_45824,JADE,MOTHER SISTER,f,f,4,73,2,0.0274,0,"Number One: I got some jive, late- rent-paying trifling Negroes in this house.  Every year I keep threatening to sell it. And move to Long Island... And move to Long Island.  Number Two: my ex-husband lost all my property, all my money in his scheme to build a Black business empire.  Needless to say what happened, this house is it, all I got.  I'm too through with yar people. Whew!"
m331,election,conv_46626,LISA,TAMMY,f,f,2,17,0,0.0,0,"What? I told you ... I can't. I just -- It doesn't feel right anymore, you know?"
m331,election,conv_46627,LISA,TAMMY,f,f,4,29,0,0.0,0,"Where 're you going? I'm not like you. What...? I'm not a dyke, okay, and we're not in love. We were just... I was just experimenting."
m331,election,conv_46628,LISA,TAMMY,f,f,9,32,0,0.0,0,"Are you crazy? What? People can see this. So? These are private -- these are for us. I know. But other people can see them too. I don't care. Well, I do."
m334,the english patient,conv_47074,HANA,JAN,f,f,5,41,0,0.0,0,"There's meant to be lace in the next village - the boys are taking me. I'm not sewing anything else. You don't have any money, do you? Just in case there's silk. No! Hana, I know you do!"
m334,the english patient,conv_47075,HANA,JAN,f,f,2,11,0,0.0,0,I'm not sewing anything else for you! I love you.
m334,the english patient,conv_47076,HANA,JAN,f,f,2,11,0,0.0,0,"Where's your Stuart from? Somewhere near there, isn't it?"
m334,the english patient,conv_47111,KATHARINE,LADY HAMPTON,f,f,2,27,0,0.0,0,"Katharine! Coming.  I can't sleep.  I woke up shouting in the middle of the night. Geoffrey thinks it's the thing in the desert, the trauma."
m334,the english patient,conv_47112,KATHARINE,LADY HAMPTON,f,f,6,68,1,0.0147,0,"You should sit down, darling.  She's quite all right.  Are you pregnant? I don't think so. How romantic.  With Fiona I fell over every five minutes.  Ronnie Christened me Lady Downfall. I think I might go inside and sit down for a few minutes. I'll come with you. No, please.  I shall be absolutely fine. They pass Almásy, who doesn't look up from his book."
m336,erin brockovich,conv_47310,ANNA,ERIN,f,f,3,51,0,0.0,0,"... what we do in here is keep track of all the case files.  That way, at any time, we can find out a case's status -- where it is in the office, stuff like that.  We file 'em all here, alphabetically -- Oh, hell.  I'm dyslexic. That's a joke, right?"
m336,erin brockovich,conv_47311,ANNA,ERIN,f,f,2,51,0,0.0,0,"Anna?  With this real-estate valuing stuff - - could you remind me, cause I'm a little confused about how exactly we do that. Erin, you've been here three weeks.  If you don't know how to do your job by now, I am not about to do it for you."
m336,erin brockovich,conv_47312,ANNA,ERIN,f,f,3,19,0,0.0,0,Where've you been? What the fuck did you do with my stuff? Don't use language with me --
m336,erin brockovich,conv_47313,ANNA,ERIN,f,f,2,37,0,0.0,0,"Um, Erin?  Listen.  Even though you're not necessarily my favorite person in the world ...  ... sometimes you're not half-bad. I'm gonna assume that was meant as a compliment, Anna, and just say thank you."
m336,erin brockovich,conv_47328,DONNA,ERIN,f,f,5,29,0,0.0,0,"Hi.  Donna Irving? Yes? I'm Erin Brockovich, from Masry & Vititoe? You're a lawyer? Hell, no.  I hate lawyers.  I just work for them.  You got a minute?"
m336,erin brockovich,conv_47329,DONNA,ERIN,f,f,2,21,0,0.0,0,"This is a real nice place you got here. Well it oughta be, with all the work I put into it."
m336,erin brockovich,conv_47330,DONNA,ERIN,f,f,2,30,0,0.0,0,"I added air conditioning, put in the pool, made all those pillows by hand ... Yeah?  I should learn to do stuff like that. They make the place feel real homey."
m336,erin brockovich,conv_47331,DONNA,ERIN,f,f,4,162,0,0.0,0,"Thank you.  I think so too.  That's why I'm being such a stickler on this house price thing.  I don't mean to be a pain in PG&E's backside, especially after all they've done for Hinkley, but I look around here and I think, if they want this place, they're gonna have to pay for it.  And I don't just mean pay for the house; I'd like them to pay me for the trouble of starting over. Right. Cause first you gotta move, then there's decorating, and if the windows aren't the same size, you know -- you're making all new curtains.  Honest to God, I don't know if I have the energy.  You know, I've been sick. Me and Peter both have. Yeah, I'm real glad you brought that up.  I was going through your file here, and I ran into these medical records.  They kinda surprised me --"
m336,erin brockovich,conv_47332,DONNA,ERIN,f,f,6,173,0,0.0,0,"I know.  They're more than a bit unusual. See, two years ago, Pete got Hodgkin's disease.  That's a kind of cancer -- Yeah, I'm real sorry to hear that. Thank you.  It's in remission now, thank the Lord, but you never know.  And then while that's going on, I end up having to have a hysterectomy.  Plus a whole mess of lumps removed from my breasts.  All benign so far, but still, no matter how positive you stay, an operation can still take it out of you. I'll say.  Holy moley. So the whole idea of selling the house -- don't get me wrong, I'd be glad to move to some better place, but if they aren't gonna pay us properly, I just don't see the point. Yeah, I can see that.  I guess the only thing that confused me is - - not that your medical problems aren't important, but -- how come the files about them are in with all the real estate stuff?"
m336,erin brockovich,conv_47333,DONNA,ERIN,f,f,9,124,0,0.0,0,"Are you kidding?  With how our lives are, if I start subdividing files, I'll be sunk.  I just kept all PG&E correspondence in one place. Right, but -- I'm sorry, I don't see why you were corresponding with PG&E about it in the first place. Well, they paid for the doctor's visit. They did? You bet.  Paid for a check-up for the whole family.  And not like with insurance where you pay, then wait a year to be reimbursed, either.  They just took care of it.  Just like that.  We never even saw a bill. Wow.  Why would they do that? Cause of the chromium. The what? The chromium.  Well, that's what kicked this whole thing off."
m336,erin brockovich,conv_47334,DONNA,ERIN,f,f,4,62,0,0.0,0,"What's chromium? It's a chemical they used over at that compressor station up the road there. Well, hell, maybe that's why you all have been so sick -- I thought the same thing, right off the bat. That's why we went to see the doctor.  But hunh-uh.  Turns out one's got nothing to do with the other."
m336,erin brockovich,conv_47335,DONNA,ERIN,f,f,2,57,0,0.0,0,"Seems like an awful big coincidence -- your water being messed with and you being so sick. Not around here.  This is a rough part of the world.  Hard times, not a lot of money, not a lot of luck.  It's a challenge, staying healthy in a town like this.  Heck, even our dogs up and die."
m336,erin brockovich,conv_47336,DONNA,ERIN,f,f,6,98,2,0.0204,0,"An on-site monitoring well?  That means -- It was right up on the PG&E property over there. And you say this stuff, this hexavalent chromium -- it's poisonous? Yeah. Well -- then it's gotta be a different than what's in our water, cause ours is okay. The guys from PG&E told me.  They sat right in the kitchen and said it was fine. I know.  But the toxicologist I been talking to?  He gave me a list of problems that can come from hexavalent chromium exposure. And everything you all have is on that list."
m336,erin brockovich,conv_47337,DONNA,ERIN,f,f,2,35,2,0.0571,0,"No.  Hunh-uh, see, that's not what the doctor said.  He said one's got absolutely nothing to do with the other. Right, but -- didn't you say he was paid by PG&E?"
m336,erin brockovich,conv_47338,DONNA,ERIN,f,f,2,48,0,0.0,0,"Sure wish I had longer to get used to the idea.  You think if you got no uterus, and no breasts, you're still technically a woman? Sure you are.  You're just a happier woman, cause you don't have to deal with maxi-pads and underwire."
m336,erin brockovich,conv_47339,DONNA,ERIN,f,f,3,34,0,0.0,0,"You wouldn't happen to have a little time right now, would you, Donna? For what? Well, I was gonna head over to the Browns now.  I was thinking -- Mandy really values your opinion ..."
m336,erin brockovich,conv_47340,DONNA,ERIN,f,f,2,22,0,0.0,0,"It's a good day.  I feel good. Well, then -- if you're feeling up to it, maybe we should talk shop."
m336,erin brockovich,conv_47341,DONNA,ERIN,f,f,3,17,0,0.0,0,"The judge came up with a number. A number for the whole group, or for us? Both."
m336,erin brockovich,conv_47342,DONNA,ERIN,f,f,4,22,1,0.0455,0,"Oh, my God. And he's making them give five million of it to you all. Five million dollars? Five million dollars."
m336,erin brockovich,conv_47343,DONNA,ERIN,f,f,2,32,0,0.0,0,"I don't even know how much money that is. It's enough -- for whatever you need, for whatever your girls need, for whatever your girls' girls need -- it'll be enough."
m336,erin brockovich,conv_47344,DONNA,ERIN,f,f,5,27,0,0.0,0,I can put them in a good school. Any school you want. And get someone to help around the house. Yup. Oh my God.  Oh my God.
m336,erin brockovich,conv_47434,ERIN,KATIE,f,f,2,15,0,0.0,0,Put your napkins in your laps and eat up. How come you're not eating?
m336,erin brockovich,conv_47435,ERIN,KATIE,f,f,2,14,0,0.0,0,"Mommy, can I get a flower? Sweetheart, you can get a whole big bunch."
m336,erin brockovich,conv_47436,ERIN,KATIE,f,f,3,30,0,0.0,0,"I hate it too.  I hate this trip. Oh, come on, where's your sense of adventure?  We're going someplace you never been before. I'm gonna hate it."
m336,erin brockovich,conv_47437,ERIN,KATIE,f,f,2,16,0,0.0,0,"Yeah.  A real moron. Some kind of half-wit, no-good, big-haired, bimbo, I bet."
m336,erin brockovich,conv_47438,ERIN,KATIE,f,f,3,77,0,0.0,0,"Look, I know you're mad.  But the way this job is, things come up at the last minute, real important things, and I gotta deal with them.  Now I don't like me missing dinner any more than you do, but we're all gonna have to get used to it, cause the fact is, it's gonna happen sometimes. It happens all the time. That's not true; we had dinner together just last night."
m336,erin brockovich,conv_47439,ERIN,KATIE,f,f,3,14,2,0.1429,1,What are you <u>doing</u>?  Where's George? I don't know. George!
m336,erin brockovich,conv_47440,ERIN,ROSALIND,f,f,2,39,0,0.0,0,"Masry & Vititoe, can I help you? Hi, Rosalind, this is Erin.  Brockovich. From the file room?  I was wondering if you could tell Mr. Masry that I'm following up on that real estate thing out of the office."
m336,erin brockovich,conv_47441,ERIN,ROSALIND,f,f,3,34,1,0.0294,0,"You've been reading for hours. I'm a slow reader, on account of the fact that I look at the word ""dog"" and see ""god"". Hey, just so long as you see Him."
m336,erin brockovich,conv_47442,ERIN,ROSALIND,f,f,2,13,0,0.0,0,"Hey, Erin, I thought you were taking a sick day. So did I."
m336,erin brockovich,conv_47443,ERIN,ROSALIND,f,f,4,29,0,0.0,0,"What's going on in there? Some meeting.  With PG&E people. PG& -- Are you sure? Yup.  They must be important, too, cause they came on a special plane."
m336,erin brockovich,conv_47444,ERIN,ROSALIND,f,f,2,8,0,0.0,0,"Hey, Ros, where are they? In the conference --"
m336,erin brockovich,conv_47445,ERIN,ROSALIND,f,f,2,25,0,0.0,0,"Hey, Ros.  Nice view, huh? Yeah, I'm gonna start sleeping here.  Masry & Vititoe, can I -- damn it.  Does anyone know anything about these phones?"
m336,erin brockovich,conv_47454,ERIN,THERESA,f,f,2,38,0,0.0,0,"Hey -- those are my files -- Yeah, we had them couriered over.  And listen, good work.  They're a great start. We're just going to have to spend a little time filling in the holes in your research."
m336,erin brockovich,conv_47455,ERIN,THERESA,f,f,8,117,0,0.0,0,"Excuse me -- Theresa, was it?  There are no holes in my research. No offense.  There are just some things we need that you probably didn't know to ask. Don't talk to me like I'm an idiot, okay?  I may not have a law degree, but I've spent 18 months on this case, and I know more about those plaintiffs than you ever will. Erin.  You don't even have phone numbers for some of them. Whose number do you need? Everyone's.  This is a lawsuit.  We need to be able to contact the plaintiffs. I said, <u>whose number do you need</u>? You don't know six hundreds plaintiffs' numbers by heart."
m336,erin brockovich,conv_47456,ERIN,THERESA,f,f,2,4,0,0.0,0,Annabelle Daniels. Annabelle Daniels.  714-454-9346.
m336,erin brockovich,conv_47457,ERIN,THERESA,f,f,2,25,0,0.0,0,"Okay, look -- I think we got off on the wrong foot here -- That's all you got, lady.  Two wrong feet. In fucking ugly shoes."
m336,erin brockovich,conv_47499,ERIN,LAURA,f,f,4,37,0,0.0,0,"I'm embarrassed. That's okay.  I understand. It's just -- the pain.  It's only getting worse.  I can't be a good wife.  I can't be a good mother. I'm real sorry, Laura."
m336,erin brockovich,conv_47500,ERIN,LAURA,f,f,4,58,0,0.0,0,"Know what I always thought I wanted outta life, Erin?  A Jaguar. Jaguar's a darn pretty car. I thought if I could spend that kinda money on a car, it'd mean everything else was fine.  I don't even know how much they cost. A lot.  But you hang in there, maybe you'll get one."
m336,erin brockovich,conv_47506,ERIN,MANDY,f,f,2,10,0,0.0,0,"Excuse me, are you Erin Brockovich? Yeah.  Who are you?"
m336,erin brockovich,conv_47507,ERIN,MANDY,f,f,2,32,0,0.0,0,"When Donna told us about you, and what you told her about the chromium, we figured that might have something to do with this, too. It sure could, yeah.  Thanks a lot."
m336,erin brockovich,conv_47508,ERIN,MANDY,f,f,2,6,0,0.0,0,"There's something else, too. What?"
m336,erin brockovich,conv_47509,ERIN,MANDY,f,f,2,15,0,0.0,0,I know.  It's an awful lot. I'm surprised Donna didn't say anything.
m336,erin brockovich,conv_47510,ERIN,MANDY,f,f,3,64,2,0.0312,0,"You know that thing it says in here about rashes? Uh-huh? Well, this old neighbor of mine, Bob Linwood -- he ran the dairy on Community -- seemed like someone in his family always had a rash somewhere or other.  I just figured it was something in the genes.  And you know how it is -- you don't like to ask about things like that ..."
m336,erin brockovich,conv_47511,ERIN,MRS. MORALES,f,f,2,20,0,0.0,0,"Hi, sweetie.  Were you a good girl?  Where are Matt and Katie? Outside with the sprinkler.  So it's good?"
m336,erin brockovich,conv_47512,ERIN,MRS. MORALES,f,f,8,95,0,0.0,0,"It'll be fine, yeah. Ai, bueno.  Because I didn't want to tell you before, with your worries -- What? My daughter, she's bought a big house with a room for me.  I'm going to move in with her. You're moving away?  When? Next week. Wow, that's soon -- I know.  But it's good for me.  Now I can help my daughter take care of my grandkids. And it's good for you, too.  Now you have money, you can find a good babysitter, huh? Not the old lady next door."
m341,the exorcist,conv_47901,CHRIS,SHARON,f,f,2,3,0,0.0,0,Hello? In here!
m341,the exorcist,conv_47902,CHRIS,SHARON,f,f,3,30,0,0.0,0,"Hi Hi, how'd your day go? Oh not to bad, kinda like the Walt Disney version of the Ho Chi Minh story, but other than that it was terrific."
m341,the exorcist,conv_47903,CHRIS,SHARON,f,f,8,36,0,0.0,0,"Here. Oh great, anything else? And you got an invitation. What's this? Dinner at the White House. Your kidding me. What is it a big party or something? Just five or six people. No kidding."
m341,the exorcist,conv_47904,CHRIS,SHARON,f,f,4,62,3,0.0484,0,"Hello? Yes this is Mrs. MacNeil. Operator you have got to be kidding I have been on this line for twenty minutes.  Jesus Christ, can you believe this, he doesn't even call his daughter on her birthday for christ sake. Maybe the circuit is busy? Oh circuit my ass, he doesn't give a shit! Why don't you let me?"
m341,the exorcist,conv_47905,CHRIS,SHARON,f,f,7,72,2,0.0278,0,"What the hell do you mean going out and leaving Regan by her self! What are you kidding her window's wide open... What didn't he tell you? Didn't who tell me? Burke. What's Burke got to do with it? Well, when I went to get the Thorazine I had him to stay with her and... Oh, I should of known better. Yeah, well I guess you should've."
m341,the exorcist,conv_47906,CHRIS,SHARON,f,f,2,13,0,0.0,0,What did the doctor say? We have to start looking for a shrink.
m341,the exorcist,conv_47907,CHRIS,SHARON,f,f,2,9,0,0.0,0,Oh Burke! Poor Burke! I can't believe it.
m341,the exorcist,conv_47908,CHRIS,SHARON,f,f,2,16,0,0.0,0,This was under Regan's pillow. Did you put it there? Of course I didn't.
m341,the exorcist,conv_47909,CHRIS,SHARON,f,f,4,10,0,0.0,0,Where do you want this? What is it? Phonograph. Storage.
m341,the exorcist,conv_47910,CHRIS,SHARON,f,f,3,14,0,0.0,0,I'm gonna miss you. Me too. Sure you won't change your mind?
m341,the exorcist,conv_47951,CHRIS,REGAN,f,f,4,31,0,0.0,0,"What did you do today? Um........Stuff. What kind of stuff? Well, me and Sharon played a game in the back yard, and we had a picnic down by the river."
m341,the exorcist,conv_47952,CHRIS,REGAN,f,f,4,51,2,0.0392,0,"Oh mom, you should have seen this man came along on this beautiful grey horse.  Wasn't it pretty? Really, what kind was it a mair or guilding? Think it was a guilding. It was grey. Oh it was so beautiful, the guy let me ride it all around. Your kidding?"
m341,the exorcist,conv_47953,CHRIS,REGAN,f,f,5,30,0,0.0,0,"Well, not while we're in Washington. Oh............ We'll see when we get home okay. When can I have one? We'll see Regan.  Now about those party invitations......."
m341,the exorcist,conv_47954,CHRIS,REGAN,f,f,3,12,0,0.0,0,Oh look at that. You like it? Oh it's so funny.
m341,the exorcist,conv_47955,CHRIS,REGAN,f,f,4,12,0,0.0,0,"Hey, where'd this come from? I found it. Where? The closet"
m341,the exorcist,conv_47956,CHRIS,REGAN,f,f,4,15,0,0.0,0,You've been playing with it? Yeah. You know how? Here I'll show you.
m341,the exorcist,conv_47957,CHRIS,REGAN,f,f,3,23,0,0.0,0,"Wait a minute you need two. No you don't. I do it all the time. Oh yeah, well let's both play."
m341,the exorcist,conv_47958,CHRIS,REGAN,f,f,10,51,3,0.0588,0,"You really don't want me to play huh? No I do, Captain Howdy said no. Captain who? Captain Howdy. Who's Captain Howdy? You know, I make the questions and he does the answers. Oh, Captain Howdy.... He's nice. Oh I bet he is. Here I'll show you."
m341,the exorcist,conv_47959,CHRIS,REGAN,f,f,3,25,1,0.04,0,"Captain Howdy, Do you think my mom's pretty? Captain Howdy? Captain Howdy that isn't very nice. Well, maybe he's sleeping. You think?"
m341,the exorcist,conv_47960,CHRIS,REGAN,f,f,5,39,1,0.0256,0,"Regan, why are you reading that? Cause I like it. It's not even a good picture. Looks to mature. I wouldn't talk. Oh you wouldn't talk, well I didn't have my make up man there."
m341,the exorcist,conv_47961,CHRIS,REGAN,f,f,3,37,0,0.0,0,"What are we gonna do on your birthday, isn't that nice it's on a Sunday this year, what can we do? I don't know Well what would you like to do? Got any ideas?"
m341,the exorcist,conv_47962,CHRIS,REGAN,f,f,3,17,0,0.0,0,"Yeah Okay. And tomorrow night, I'll take you to a movie, okay? Oh I love you."
m341,the exorcist,conv_47963,CHRIS,REGAN,f,f,22,192,8,0.0417,0,"I love you Rags. We'll have a good day yeah? You can bring Mr. Dennings if you like. Mr. Dennings? Well you know it's okay. Well thank you very much but why on earth would I want to bring Burke on your birthday? You like him. Yeah I like him. Don't you like him? Hey what's going on? What is this? Your not gonna marry him are you? Oh my god, you kidding, me marry Burke Dennings don't be silly, of course not. What? Where'd you ever get an idea like that? But you like him. Course I like him, I like pizzas to but I'm not gonna marry one. Do you not like him like daddy? Oh Regan I love your daddy. I'll always love your daddy. Burke just comes around here a lot because he's lonely, don't got nothin' to do. Well I heard differently. Oh you did. What did you hear? I don't know, I just thought. Well your thinking's not so good. How do you know? Cause Burke and I are just friends. Okay, really. Okay."
m341,the exorcist,conv_47964,CHRIS,REGAN,f,f,3,20,1,0.05,0,"People get tired. Why does God let us get tired? God gets lonesome for us, Rags. He wants us back."
m341,the exorcist,conv_47965,CHRIS,REGAN,f,f,3,17,0,0.0,0,"What are you doing here? My bed was shaking, I can't get to sleep. Oh, honey."
m341,the exorcist,conv_47966,CHRIS,REGAN,f,f,2,12,0,0.0,0,Oh my God! Make it stop! What's wrong!! I'm scared!!!
m341,the exorcist,conv_47967,CHRIS,REGAN,f,f,2,11,0,0.0,0,I don't want it. Honey it's to help you.
m341,the exorcist,conv_47968,CHRIS,REGAN,f,f,3,31,0,0.0,0,"Mother please! Oh please mother make it stop! It's burning, it's burning please mother! So something please Doctor, Help her! Make it stop,it really hurts! Mother! Make it..."
m341,the exorcist,conv_47969,CHRIS,REGAN,f,f,3,9,2,0.2222,1,All done. Honey this is Father Dyer. Hi Father.
m347,fargo,conv_48919,HOOKER ONE,MARGE,f,f,2,5,0,0.0,0,Where you girls from? Chaska.
m347,fargo,conv_48920,HOOKER ONE,MARGE,f,f,12,81,6,0.0741,0,"Well, the little guy, he was kinda funny-looking. In what way? I dunno. Just funny-looking. Can you be any more specific? I couldn't really say. He wasn't circumcised. Was he funny-looking apart from that? Yah. So you were having sex with the little fella, then? Uh-huh. Is there anything else you can tell me about him? No. Like I say, he was funny-looking. More'n most people even. And what about the other fella?"
m347,fargo,conv_48921,HOOKER ONE,MARGE,f,f,2,11,0,0.0,0,"They said they were goin' to the Twin Cities? Oh, yah?"
m347,fargo,conv_48922,HOOKER TWO,MARGE,f,f,2,23,0,0.0,0,"LeSeure. But I went to high school in White Bear Lake. Okay, I want you to tell me what these fellas looked like."
m347,fargo,conv_48923,HOOKER TWO,MARGE,f,f,7,32,3,0.0938,0,"He was a little older. Looked like the Marlboro man. Yah? Yah. Maybe I'm sayin' that cause he smoked Marlboros. Uh-huh. A subconscious-type thing. Yah, that can happen. Yah."
m349,final destination 2,conv_49203,CLEAR,KIMBERLY,f,f,5,65,0,0.0,0,"Kimberly Burroughs, eh?  What do you want? I thought...I thought you might be able to help me. Yeah, how? I had a premonition about the Route 18 pile up... I saved some people. And now I think Death is after me. Nice work.  Maybe if you're real lucky, you'll wind up in here with me.  But I doubt you'll survive that long."
m349,final destination 2,conv_49204,CLEAR,KIMBERLY,f,f,4,51,0,0.0,0,"It's not just about me.  Someone I saved died last night in a freak accident.  What if the others are in danger, too? Well, if you put them on the list, they're already tits up. What list? Death's list.  The precise order you're going to die in."
m349,final destination 2,conv_49205,CLEAR,KIMBERLY,f,f,2,43,0,0.0,0,"The survivors of Flight 180 died in the exact order they were originally meant to die in the plane crash. That was Death's original design. Exact order?  Then I'm next!  I was meant to die with my friends, so I'm next!"
m349,final destination 2,conv_49206,CLEAR,KIMBERLY,f,f,3,65,0,0.0,0,"Officer Burke pulled me away from the crash that killed my friends. Congratufuckinglations.  That makes you last to go.  But don't worry, once the others are dead, it'll come back for you.  Always does. That still doesn't make sense.  You said you die in the same order you were originally meant to.  But Evan Shaeffer died last in my premonition, not first."
m349,final destination 2,conv_49207,CLEAR,KIMBERLY,f,f,5,88,1,0.0114,0,"That's good.  Get all your tears out now, you'll need your eyes.  For the signs. Signs? If you have the same power as Alex, you'll be seeing signs soon.  When you see anything creepy or ominous, an in-your-face irony kinda thing? Don't ignore it.  It usually means the difference between life and death. The songs on the radio.  But wait.  I don't understand.  Why is this even happening to me? That's what Alex used to ask himself right up until..."
m349,final destination 2,conv_49208,CLEAR,KIMBERLY,f,f,2,80,0,0.0,0,"I didn't beat it; I hid from it. If you were smart you'd put a down payment on a burial plot and say goodbye to the dog, because what little life you have left is over as you know it.  Don't make new friends, don't fall in love, and don't ever bother trying to save others.  That's the worst killer of them all. How can you say that?  What kind of monster are you?"
m349,final destination 2,conv_49209,CLEAR,KIMBERLY,f,f,2,16,0,0.0,0,The second one just dies.  A 16 year old kid. I hope you're ready for this.
m349,final destination 2,conv_49210,CLEAR,KIMBERLY,f,f,2,8,0,0.0,0,You have to tell us now. I...I...
m349,final destination 2,conv_49211,CLEAR,KIMBERLY,f,f,4,55,0,0.0,0,I was driving a white van.  It must've gone out of control because it crashed into a lake and I drowned.  It was...horrible. You were there? I can practically taste the water in my throat.  And something else.  The smell of flowers... Then it wasn't just a sign. It was a premonition?
m349,final destination 2,conv_49212,CLEAR,KIMBERLY,f,f,3,38,0,0.0,0,"Please, what else could it mean? So if you give us the pregnant lady's number, we can warn her about the lake and she'll live long enough to have the baby. So let's do it."
m349,final destination 2,conv_49213,CLEAR,KIMBERLY,f,f,2,9,0,0.0,0,"What about that? How you doing in there, hero?"
m349,final destination 2,conv_49214,CLEAR,KIMBERLY,f,f,6,82,2,0.0244,0,"What are you doing?  You're going to kill us! No.  If anyone dies from a crash now, it'll be me.  But I can't die if Eugene and Isabella are still alive.  I'm last on Death's list. Are you crazy?  What makes you think you'd survive? What happened when Eugene tried to kill himself out of turn? Six duds in a row. And when it was Rory's turn to die, and Thomas was in the way?"
m349,final destination 2,conv_49215,CLEAR,KIMBERLY,f,f,2,48,1,0.0208,0,This makes no sense.  Isabella was supposed to crash her van into a lake.  Could we have altered her destiny when we had her arrested? I don't think so.  Alex's premonitions happened exactly as he saw them no matter how much we tried to change it.
m349,final destination 2,conv_49216,CLEAR,KIMBERLY,f,f,2,30,0,0.0,0,"What did you see?  What am I looking for? No, it's not here.  This one was different.  More like the pile up and the van going into the lake."
m349,final destination 2,conv_49217,CLEAR,KIMBERLY,f,f,2,34,0,0.0,0,"Another premonition? Yes.  I was in a hospital.  There was screaming... A nurse was choking me.  I couldn't tell what she looked like, but the name tag was right in my face.  Kalarjian."
m349,final destination 2,conv_49218,CLEAR,KIMBERLY,f,f,3,14,0,0.0,0,"What do you want me to do? Speed up. Yeah, fuck 'em.  No offense."
m349,final destination 2,conv_49219,CLEAR,KIMBERLY,f,f,2,18,0,0.0,0,What did you see? I was dead.  And came back to life. An EEG machine.  Where's Eugene?
m349,final destination 2,conv_49220,CLEAR,KIMBERLY,f,f,2,10,0,0.0,0,No!  It can't be. I have to save Eugene!
m349,final destination 2,conv_49279,KIMBERLY,SHAINA,f,f,2,8,0,0.0,0,"Want me to drive? No, I'm good."
m349,final destination 2,conv_49280,KIMBERLY,SHAINA,f,f,3,26,2,0.0769,0,"This trip better be worth it. What's the guy-girl ratio again? Get ready to smile, five guys per girl. I can live with thaaaa --"
m349,final destination 2,conv_49281,KIMBERLY,SHAINA,f,f,2,22,1,0.0455,0,What's the chance of finding a nice mature guy once we get to Daytona? How does a nice mature fuck sound?
m349,final destination 2,conv_49282,KIMBERLY,SHAINA,f,f,2,24,0,0.0,0,What is it?  What are you? There's going to be a huge accident! Everyone's gonna die.  All of us!  I saw it!
m349,final destination 2,conv_49283,KIMBERLY,SHAINA,f,f,2,24,0,0.0,0,"What is it?  What are you? There's going to be a huge accident! Everyone's gonna die, all of us, I saw it!"
m349,final destination 2,conv_49284,KIMBERLY,SHAINA,f,f,3,21,0,0.0,0,"Relax, you need to chill the fuck out. Highway to Hell, Highway to Hell. For Christ sakes girl, take a breath."
m352,the fisher king,conv_49450,ANNE,LYDIA,f,f,3,28,0,0.0,0,"This will last you one year after which you have the option to renew if... you like at a membership discount. But now it's free, right? Yeah."
m352,the fisher king,conv_49451,ANNE,LYDIA,f,f,4,32,0,0.0,0,"You know, I think I... ordered some just the other day. Well did you or didn't you? Yes!  They'll be in soon. Well, I guess I'll come back then."
m352,the fisher king,conv_49452,ANNE,LYDIA,f,f,2,23,0,0.0,0,I like your nails.  Where did you get them done? Ah... I do them myself.  I used to work in a beauty parlor.
m352,the fisher king,conv_49453,ANNE,LYDIA,f,f,3,39,0,0.0,0,"I've never been in an apartment above a store.  You always pass them on the street but you never think anyone really lives in them. Can I get you anything...coffee... tea...a little tequilla? No, thank you."
m352,the fisher king,conv_49454,ANNE,LYDIA,f,f,2,15,0,0.0,0,Will it hurt? That all depends on you. ...Sure you don't want a drink?
m352,the fisher king,conv_49455,ANNE,LYDIA,f,f,2,47,4,0.0851,0,"...So he says to me, ""you'll never find another man like me""...I said, ""please, men like you have one hand on their dicks and the other hand on their mother's leg... I said, there's the door - take a trip. You threw him out?"
m352,the fisher king,conv_49456,ANNE,LYDIA,f,f,2,26,0,0.0,0,"My parents were divorced. It's an awful thing, let me tell you. My Aunt used to say,  ""divorce is the sister-in-law of death""."
m352,the fisher king,conv_49457,ANNE,LYDIA,f,f,2,14,0,0.0,0,...SO...anybody special in your life? Do I look like I have someone special?
m352,the fisher king,conv_49458,ANNE,LYDIA,f,f,9,89,0,0.0,0,"Well, don't say it like that. It's not so...ya know, crazy an idea. You are a healthy woman... You hold a steady job. Ya not crossed eyed or anything... Well, there's nobody special! Fine. I mean, it's not easy in this day and age. What? Meeting ... people. Tell me about it. I've been dating longer than I've been driving. I can't believe that. I never really...went through a... dating period. It's a disgusting process. You haven't missed anything."
m352,the fisher king,conv_49459,ANNE,LYDIA,f,f,7,206,1,0.0049,0,"...My mother calls every week. Like a recurring nightmare. ""So, have you met anyone?""...""No mom"".. ""So what's going to happen?""... ""I don't know Mom""... I only thank God I moved out. I can't believe you lived with her for that long. If I had to live with my mother, I'd stab myself six times. I think some people are meant to be alone.  Maybe I was a man in a former life and I used women for pleasure so now I'm paying for it - which would be fine, if I could just remember some of the pleasure parts... I don't understand you. What is the problem? I don't feel like I make any impression on people... At office parties I spend my time re-arranging the hors d'oeuvres as people eat them, so the platters will always look full. I don't start conversations because I have no idea how to end them...I think I'm just meant to live in the background of things. That's not true...You gotta ease up... Conversations have a life of their own. You gotta just go with it...We're having a lovely conversation. I'm paying you."
m352,the fisher king,conv_49460,ANNE,LYDIA,f,f,3,81,0,0.0,0,"You know, let me tell you something! I'm not that kind of person. I don't do people favors. If I talk to you it's because I want to. So we're not all ...uh...Jerri Hall...Big deal... What a boring world if we were. You do the best you can with what you got. You're not so so invisible, ya know... You want make an impression? Try this; you can be a real bitch. Really? Yeah!"
m352,the fisher king,conv_49461,ANNE,LYDIA,f,f,2,18,0,0.0,0,"Oh, no..I have to get home... The nails!! Watch the nails!!...  Listen, you still have to eat."
m352,the fisher king,conv_49462,ANNE,LYDIA,f,f,2,32,0,0.0,0,No really..I can't. Hey? What did I tell you? Why don't you come? It's just dinner. You'll have something to tell your mother next time she calls.
m353,five easy pieces,conv_49721,CATHERINE,SAMIA,f,f,4,47,0,0.0,0,"And what about love? What about it? Wouldn't you agree that a great deal of mischief has been done in the name of love? No, I wouldn't. Well, you're a romantic, Catherine, as are most musicians, and what's more, about to be married..."
m353,five easy pieces,conv_49722,CATHERINE,SAMIA,f,f,2,35,0,0.0,0,"... which should exclude you from any objective discussion. But keep in mind, even the arts aren't free of aggressive content, nor the institution of marriage. I think these cold, ""objective"" discussions are aggressive, Samia..."
m353,five easy pieces,conv_49723,CATHERINE,SAMIA,f,f,3,31,0,0.0,0,"But I'd like to say, so that I don't dampen the spirit of your adventure... You haven't dampened my spirit, Samia... Excuse me. Well, I should hope not..."
m353,five easy pieces,conv_49724,PALM,RAYETTE,f,f,2,12,0,0.0,0,"Come on, Terry, we got a ride! Jesus, what a rude person..."
m353,five easy pieces,conv_49725,PALM,RAYETTE,f,f,2,67,1,0.0149,0,"There'd never be a hole big enough. Now took at me, for instance, when I was just one person, before Bobby, I had so much garbage collectin' onto me every day, I was thinkin' about gettin a dispose all... A dispose-all, what's that but more crap? I've never seen such crap. Oofh, I don't know how people get up in the morning."
m353,five easy pieces,conv_49726,PALM,RAYETTE,f,f,2,21,0,0.0,0,"Well... Not dirt. See, dirt isn't bad. It's filth. Filth is bad. That's what starts maggots and riots..."
m353,five easy pieces,conv_49727,PALM,RAYETTE,f,f,3,29,0,0.0,0,"Hey, follow that truck. They know the best places to stop. That's an old maid's tale. Bullshit! Truck drivers know the best eating places on the road."
m353,five easy pieces,conv_49728,PALM,RAYETTE,f,f,6,49,0,0.0,0,"Salesmen and cops are the ones. If you'd ever waitressed, honey, you'd know. Don't call me ""honey,"" mack. Don't call me ""mack,"" honey. I wouldn't be a waitress. They're nasty and full of crap. You better hold onto your tongue! Hold onto this."
m353,five easy pieces,conv_49729,PALM,TERRY,f,f,8,159,0,0.0,0,"Mass production is what does it. What do you mean ""mass""... I have to come out and tell you, you're not that clean, either. Wait a minute. I'm not that neat, maybe, but I am clean. Well, you're not that bad, but some people... I mean, people's homes, just filth. I've been in people's homes... In my personal observation, I think that more people are neat than are clean... In my personal thing, I don't see that. I'm seeing more filth. A lot of filth. What they need to do every day, no, once in a while, is a cockroach thing, where they spray the homes. And uh... can you imagine, if their doors were painted a pretty color, and they had a pot outside, with... Yeah, it could be adorable... And they picked up! I mean, it wouldn't be filthy, with Coke bottles and whiskey, and those signs everywhere..."
m353,five easy pieces,conv_49730,PALM,TERRY,f,f,3,105,2,0.019,0,"And you know, I read where they invented this car that runs on... that runs on... when you boil water... Steam. Right, steam. A car you could ride around in and not cause a stink. But do you know, they will not even let us have it. Can you believe it? Why?! Man! He likes to create a stink. I wrote them a note once, and told them to clean it... I mean, don't you see that? It's just filthy! I mean, I've seen filth you wouldn't believe! Oofh, what a stink! I don't even want to talk about it..."
m353,five easy pieces,conv_49731,RAYETTE,SAMIA,f,f,5,68,1,0.0147,0,"John believes in the basic goodness of man, and that's fine, but gaze into the pit like I have and that view seems a little soporific. And not unlike television, it hardly represents the real world... There's some good things on it, though. Pardon me? The TV. There's some good things on it, sometimes. I strongly doubt it, but I wasn't really discussing media..."
m353,five easy pieces,conv_49732,RAYETTE,SAMIA,f,f,3,18,0,0.0,0,"The choice of words, ""squashed flat,"" juxtaposed against the image of a fluffy kitten... Well, she was. Perhaps..."
m359,friday the 13th part iii,conv_50311,CHRIS,DEBBIE,f,f,2,15,0,0.0,0,Which one is it? It's the last house on the left. She lives downstairs.
m359,friday the 13th part iii,conv_50312,CHRIS,DEBBIE,f,f,2,23,0,0.0,0,"I appreciate the fact that you worry about me, but don't. Okay, we won't.  We'll just have fun, all agreed?"
m359,friday the 13th part iii,conv_50313,CHRIS,DEBBIE,f,f,2,11,0,0.0,0,What are they saying? I don't know.  I flunked Spanish.
m359,friday the 13th part iii,conv_50314,CHRIS,DEBBIE,f,f,2,6,0,0.0,0,Come on down! You go ahead...
m359,friday the 13th part iii,conv_50315,CHRIS,DEBBIE,f,f,4,15,0,0.0,0,What's this? Your bed. A hammock? Have you ever made love in a hammock?
m362,friday the 13th part viii: jason takes manhattan,conv_50470,EVA,TAMARA,f,f,3,29,1,0.0345,0,I hear the crew members are cute guys in their twenties. Really? I'm sure we'll have no problem getting them to party with us...especially with this.
m362,friday the 13th part viii: jason takes manhattan,conv_50471,EVA,TAMARA,f,f,3,32,1,0.0312,0,It's my graduation gift from Daddy. It cost over a thousand bucks but it's the best. He bought you that? More or less. It's part of my college fund.
m362,friday the 13th part viii: jason takes manhattan,conv_50472,EVA,TAMARA,f,f,3,12,0,0.0,0,"A major prick. What are you going to do? Improvise, of course."
m362,friday the 13th part viii: jason takes manhattan,conv_50473,EVA,TAMARA,f,f,3,56,3,0.0536,0,"He's undefeated, you know that?  Julius is the only senior I'd even consider doing it with. If he wasn't black, that is. My parents are open minded about that sort of thing. My stepmom couldn't care less, but Daddy would have a shit fit.  He might even pay some attention to me."
m362,friday the 13th part viii: jason takes manhattan,conv_50474,EVA,TAMARA,f,f,3,30,0,0.0,0,"I think it's time for some recreational activity, girl. Sounds good. I hear there's a shuffleboard court on deck -- it might be kinds cool... You're joking, right?"
m362,friday the 13th part viii: jason takes manhattan,conv_50475,EVA,TAMARA,f,f,6,84,0,0.0,0,"No thanks. What? Don't be a lightweight...this is top dollar toot. It's not that, it's just that...  It I get caught, I'll lose my science scholarship and everything. You're talking to the prom queen, Eva. Do you really think I'm going to risk getting caught? I guess not. Do you realize how many people would kill to be sitting here right now? Come on, it's grad night. You've got your whole life to be uptight."
m362,friday the 13th part viii: jason takes manhattan,conv_50476,EVA,TAMARA,f,f,3,30,1,0.0333,0,A real space cadet. I wonder if she'll narc on us... I have her in Creative Writing and she's fairly nice. Nobody related to McCulloch can be nice.
m362,friday the 13th part viii: jason takes manhattan,conv_50477,EVA,TAMARA,f,f,2,36,2,0.0556,0,"What are you going to do? Relax, I've got McCulloch covered... but that little narcing bitch niece of his is a different matter.  Rumor has it she's a teensy bit afraid of the water..."
m362,friday the 13th part viii: jason takes manhattan,conv_50478,EVA,TAMARA,f,f,5,24,0,0.0,0,"That was truly excellent. Yeah. Time to check out the waiters. I think I'll pass. See you later, okay? But...wait a minute!"
m362,friday the 13th part viii: jason takes manhattan,conv_50522,MISS VAN DEUSEN,RENNIE,f,f,4,49,2,0.0408,0,"I'm glad you decided to come after all. Me too. But I'm not sure Uncle Charles will be. You let me worry about him, okay?  Personal experiences are what fuel the minds of great writers, Rennie. You made the right decision. What about not-so-great writers?"
m362,friday the 13th part viii: jason takes manhattan,conv_50523,MISS VAN DEUSEN,RENNIE,f,f,2,7,0,0.0,0,Everything okay? Just felt a little chill.
m362,friday the 13th part viii: jason takes manhattan,conv_50524,MISS VAN DEUSEN,RENNIE,f,f,4,39,0,0.0,0,"Did you know that I'm giving up teaching? Really? Since the school is closing anyway, I'm going to write that novel I've been threatening on everybody. That's wonderful, Miss Van Deusen...what's it about?"
m362,friday the 13th part viii: jason takes manhattan,conv_50525,MISS VAN DEUSEN,RENNIE,f,f,3,43,2,0.0465,0,"Stephen King supposedly used it when he was in high school. I don't know what to say... Rennie, you're the best student I ever had...you have a real gift. If anybody can make use of that pen, it's you."
m362,friday the 13th part viii: jason takes manhattan,conv_50526,MISS VAN DEUSEN,RENNIE,f,f,3,41,0,0.0,0,"Rennie -- I was just on my way over to your room Have you seen my dog anywhere? No, but I'm sure Toby's fine. The ship's only so big and there's certainly no way off it, is there?"
m362,friday the 13th part viii: jason takes manhattan,conv_50527,MISS VAN DEUSEN,RENNIE,f,f,4,34,0,0.0,0,"So, are you having fun yet? Yeah...a lot. I seem to detect a hint of ingenuousness in your tone.  In other words, level with me. There's something I haven't told you..."
m362,friday the 13th part viii: jason takes manhattan,conv_50528,MISS VAN DEUSEN,RENNIE,f,f,2,7,0,0.0,0,I can't swim. I gathered that.
m362,friday the 13th part viii: jason takes manhattan,conv_50529,MISS VAN DEUSEN,RENNIE,f,f,4,78,2,0.0256,0,"I had a skiing accident in high school, broke my left leg. It took three winters before I would even look at the snow again...but the solution kept eluding me.  I finally took lessons. I've never broken a bone since. It's not that simple. Maybe not. But you're not telling me everything, are you? Whenever I get near the water, I see this young boy drowning. He tries to pull me down with him."
m362,friday the 13th part viii: jason takes manhattan,conv_50530,MISS VAN DEUSEN,RENNIE,f,f,3,28,1,0.0357,0,When did this start? About four years ago...at Crystal Lake. I spent a few summers there with Uncle Charles inbetween boarding school. After your parents passed away?
m362,friday the 13th part viii: jason takes manhattan,conv_50531,MISS VAN DEUSEN,RENNIE,f,f,3,46,1,0.0217,0,"Did you have an accident in the lake? No. It was just a normal summer. I've never been able to figure it out. Only one young boy ever drowned in that lake, and that was before you were even born. His name was Jason Voorhees."
m372,goodfellas,conv_51800,ANGIE,MICKEY,f,f,6,138,7,0.0507,0,"You think I don't know? You think I like to keep this inside? But I gotta, or he'll kill the miserable bastard and he'll be there for life. It's disgusting what you have to put up with. Look at Jeannie's kid. What? What happened? The oldest one.  He was in an argument. A lousy ten-dollar card game. The kid pulls out a gun. It goes off. The kid gets killed. The grandmother hears it and finds out he's been arrested. She has a heart attack.  She drops dead right on the spot. Now Jeannie's got a husband and son in jail and a mother in the funeral parlor. But he was always a bad kid, that one. No. Come on. It was the younger one that was the bad one."
m372,goodfellas,conv_51870,KAREN,KAREN'S MOTHER,f,f,7,66,8,0.1212,1,He didn't call? He's with his friends. What kind of person doesn't call? He's a grown man. Be doesn't have to call every five minutes. If he was so grown up he'd get you two an apartment. Don't bring that up. You're the one who wanted us here. Look. He's got the whole house in an uproar.
m372,goodfellas,conv_51871,KAREN,KAREN'S MOTHER,f,f,6,116,8,0.069,0,He's got your father upset. Good thing he doesn't have to go to work in the morning. Is this what he deserves? Ma!  Please! You're driving me crazy. Driving you crazy?  Don't get me started.  You're here a month and sometimes I know he doesn't come home at all. What kind of people are these? Ma!  Stop! What do you want me to do? Do?  What can you do?  What did you expect?  He wasn't Jewish. Did you know bow they live?  Your father would never stay out this late without calling.  In thirty years he never stayed out all night. Stayed out? Daddy never went out at all.
m374,the grapes of wrath,conv_52147,MA,ROSASHARN,f,f,10,190,0,0.0,0,"Ma... all this, will it hurt the baby? Now don't you go gettin' nimsy-mimsy. Sometimes I'm all jumpy inside. Well, can't nobody get through nine *months* without sorrow. But will it--hurt the baby? They use' to be a sayin': A chile born outa sorrow'll be a happy chile. An' another: Born outa too much joy'll be a doleful boy. That's the way I always heard it. You don't ever get scairt, do you, Ma? Sometimes. A little. Only it ain't scairt so much. It's just waitin' an' wonderin'. But when sump'n happens that I got to do sump'n--  --I'll do it. Don't it ever scare you it won't be nice in California like we think? No. No, it don't. I can't do that. I can't let m'self. All I can do is see how soon they gonna wanta eat again. They'd all get upset if I done anymore 'n that. They all depen' on me jus' thinkin' about that.  That's my part--that an' keepin' the fambly together."
m374,the grapes of wrath,conv_52148,MA,ROSASHARN,f,f,2,33,3,0.0909,0,"Maybe Connie went to get some books to study up with. He's gonna be a radio expert, ya know. Maybe he figgered to suprise us. Maybe that's jus' what he done."
m374,the grapes of wrath,conv_52149,MA,ROSASHARN,f,f,4,33,0,0.0,0,"We gonna live here? Why, sure. It won't be so bad once we get her washed out. I like the tent better. This got a floor. Wouldn't leak when it rains."
m374,the grapes of wrath,conv_52150,MA,ROSASHARN,f,f,3,9,0,0.0,0,Anybody ask anything? No'm. Stand by the door.
m374,the grapes of wrath,conv_52151,MA,ROSASHARN,f,f,2,38,1,0.0263,0,"Ma... you know, if Connie was here I wouldn't min' any a this. I know, honey, an' just as soon as we get settled Al's gonna set out an' look for him. How 'bout gas, Tommy?"
m374,the grapes of wrath,conv_52152,MA,ROSASHARN,f,f,3,63,1,0.0159,0,"Ma...  Ma, I--I can't go to the dance. I jus' can't Ma. I can't hardly stan' it, with Connie not here--an' me this way. Why, honey, it makes folks happy to see a girl that way--makes folks sort of giggly an' happy. I can't he'p it, Ma. It don't make *me* giggly an' happy."
m374,the grapes of wrath,conv_52153,MA,ROSASHARN,f,f,3,70,0,0.0,0,"You an' me's goin' together--jus' you an' me. We're a-goin' to that dance an' we're a-goin' to jus' set an' watch. If anybody says to come dance--why I'll say you're poorly. But you an' me, we're gonna hear the music an' see the fun. An' you won't let nobody touch me? No--an' look what I got for you."
m379,halloween,conv_52779,ANNIE,BRACKETT,f,f,7,43,1,0.0233,0,"Hi, Annie, Laurie... Hi, Dad. What happened? What? What happened? Someone broke into the hardware store. Probably kids. You blame everything on kids. The only things missing were some Halloween masks, rope, a set of knives. What does that sound like to you?"
m379,halloween,conv_52780,ANNIE,BRACKETT,f,f,2,11,0,0.0,0,"You're going to be late at the Doyles, Annie. Huh?"
m379,halloween,conv_52781,ANNIE,BRACKETT,f,f,2,9,1,0.1111,1,"You're going to be late! He shouts, too."
m379,halloween,conv_52782,ANNIE,LYNDA,f,f,3,23,0,0.0,0,Why didn't you wait for me? We did. Fifteen minutes. You totally never showed up. That's not true. Here I am.
m379,halloween,conv_52783,ANNIE,LYNDA,f,f,4,31,3,0.0968,0,It's been totally charted. We just talked. Sure. Old jerko got caught throwing eggs and soaping windows. His parents grounded him for the weekend. He can't come over tonight.
m379,halloween,conv_52784,ANNIE,LYNDA,f,f,4,38,0,0.0,0,"Well, are we still on for tonight? I wouldn't want to get you in deep trouble, Lynda. Come on, Annie. Bob and I have been planning on it all week. All right. The Wallaces leave at seven."
m379,halloween,conv_52785,ANNIE,LYNDA,f,f,4,29,1,0.0345,0,What time? I don't know yet. I have to get out of taking my stupid brother trick-or- treating. Saving the treats for Bob? Fun-ny. See you.
m379,halloween,conv_52786,ANNIE,LAURIE,f,f,3,27,0,0.0,0,"What's wrong, Annie? You're not smiling. I'm never smiling again. Paul dragged me into the boys' locker room to tell me... Exploring uncharted territory?"
m379,halloween,conv_52787,ANNIE,LAURIE,f,f,3,12,0,0.0,0,Shit! I have a place for that. I forgot my chemistry book.
m379,halloween,conv_52788,ANNIE,LAURIE,f,f,2,37,0,0.0,0,"I'M baby sitting for the Doyles. It's only three houses away. We can keep each other company. Terrific. I've got three choices. Watch the kid sleep, listen to Lynda screw, or talk to you."
m379,halloween,conv_52789,ANNIE,LAURIE,f,f,3,7,0,0.0,0,Look. Look where? Behind that bush there.
m379,halloween,conv_52790,ANNIE,LAURIE,f,f,3,23,2,0.087,0,"I don't see anything. That man who drove by so fast, the one you yelled at. Subtle, isn't he? Hey creep!"
m379,halloween,conv_52791,ANNIE,LAURIE,f,f,3,13,1,0.0769,0,He was standing right here. Poor Laurie. You scared another one away. Cute.
m379,halloween,conv_52792,ANNIE,LAURIE,f,f,2,25,1,0.04,0,It's tragic. You never go out. You must have a small fortune stashed from babysitting so much. The guys think I'm too smart.
m379,halloween,conv_52793,ANNIE,LAURIE,f,f,2,11,0,0.0,0,"Well, home sweet home. I'll see you later. Okay. Bye."
m379,halloween,conv_52794,ANNIE,LAURIE,f,f,12,80,0,0.0,0,"Hello? Why did you hang up on me? Annie, was that you? Of course. Why didn't you say anything? You scared me to death. I had my mouth full. Couldn't you hear me? I thought it was an obscene phone call. Now you hear obscene chewing. You're losing it, Laurie. I've already lost it. I doubt that. Listen, my mother is letting me use her car. I'll pick you up. 6:30. Sure, see you later. Bye."
m379,halloween,conv_52795,ANNIE,LAURIE,f,f,9,47,3,0.0638,0,"You still spooked? I wasn't spooked. Lies. I saw someone standing in Mr. Riddle's back yard. Probably Mister Riddle. He was watching me. Mister Riddle was watching you? Laurie, Mister Riddle is eighty-seven. He can still watch. That's probably all he can do."
m379,halloween,conv_52796,ANNIE,LAURIE,f,f,5,68,2,0.0294,0,"What's the pumpkin for? I brought it for Tommy. I figured making a Jack-O-Lantern would keep him occupied. I always said you'd make a fabulous girl scout. Thanks. For that matter, I might as well be a girl scout tonight. I plan on making popcorn and watching Doctor Dementia. Six straight hours of horror movies. Little Lindsey Wallace won't know what hit her."
m379,halloween,conv_52797,ANNIE,LAURIE,f,f,7,87,5,0.0575,0,"I hate that dog. I'm the only person in the world he doesn't like. What's this big, big news? What would you say if I told you that you were going to the Homecoming Dance tomorrow night? I'd say you must have the wrong number. Well, I just talked with Ben Tramer and he got real excited when I told him how attracted you were to him. Annie, you didn't. Tell me you didn't. You guys will make a fabulous couple."
m379,halloween,conv_52798,ANNIE,LAURIE,f,f,2,19,1,0.0526,0,You'll have to. He's calling you tomorrow to find out what time to pick you up. Annie!
m379,halloween,conv_52799,ANNIE,LAURIE,f,f,6,97,4,0.0412,0,"Fancy. This has not been my night. My clothes are in the wash, I spilled butter down the front of me, I got stuck in a window... I'm glad you're here because I have something I want you to do. I want you to call up Ben Tramer and tell him you were just fooling around. I can't. Yes, you can. He went out drinking beer with Mike Godfrey and he won't be back until late. YOU'LL have to call him tomorrow. Besides, I'm on my way to pick up Paul."
m379,halloween,conv_52800,ANNIE,LAURIE,f,f,4,45,1,0.0222,0,"Wait a minute here... If you watch her, I'll CONSIDER talking to Ben Tramer in the morning. Deal. Hey, I thought Paul was grounded. He was. Old jerko found a way to sneak out. Listen, I'll call you in an hour or so."
m379,halloween,conv_52801,ANNIE,LINDSEY,f,f,2,7,1,0.1429,1,"Get him out of here! Here, Lester."
m379,halloween,conv_52802,ANNIE,LINDSEY,f,f,2,15,1,0.0667,0,"Lindsey, Lester's barking again and getting on my nerves again. No, he's not."
m379,halloween,conv_52803,ANNIE,LINDSEY,f,f,2,17,0,0.0,0,"Annie, Paul's on the phone! Lindsey, open the door! I'm locked in the laundry room!"
m379,halloween,conv_52804,ANNIE,LINDSEY,f,f,2,12,0,0.0,0,You locked yourself in. I know. Pull my legs. I'm stuck.
m379,halloween,conv_52805,ANNIE,LINDSEY,f,f,7,52,0,0.0,0,"I'm scared. Then why are you sitting here with half the lights off? I don't know. Well, come on, get your coat. We're going to pick up Paul. I don't want to. Look, Lindsey, I thought we understood each other... I want to stay here and watch this."
m379,halloween,conv_52806,ANNIE,LINDSEY,f,f,2,4,0,0.0,0,Yes. Come with me.
m379,halloween,conv_52826,LAURIE,LYNDA,f,f,5,70,0,0.0,0,"It's totally insane! We have three new cheers to learn in the morning, the game in the afternoon, I get my hair done at five, and the dance is at eight. I'll be totally wiped out! I think you have too much to do tomorrow. TOTALLY! As usual, I don't have anything to do. It's your own fault and I don't feel sorry for you."
m379,halloween,conv_52827,LAURIE,LYNDA,f,f,2,17,0,0.0,0,I thought you were babysitting tonight. The only reason she babysits is to have a place to...
m379,halloween,conv_52828,LAURIE,LYNDA,f,f,2,13,1,0.0769,0,Isn't that David Graham? He's cute. I don't think so...
m379,halloween,conv_52829,LAURIE,LYNDA,f,f,2,14,0,0.0,0,"Annie, some day you're going to get us all in deep trouble. Totally."
m379,halloween,conv_52830,LAURIE,LYNDA,f,f,8,76,0,0.0,0,"Hi, Laurie, what's up? Nothing. I was just sitting down for the first time tonight. Is Annie around? No. I thought she'd be home by now. She went to pick up Paul. Well, she's totally not here. They probably stopped off somewhere. Have her call me when she gets back. I've got Lyndsey here and I want to know what time to put her to bed. Okay. Later. Have a good time."
m379,halloween,conv_52848,LAURIE,LINDSEY,f,f,3,38,0,0.0,0,"Everybody has a good time tonight. Okay, kids, what do you want to do now? Let's make more popcorn. You've had enough. Why don't we just sit down and watch the rest of this movie."
m379,halloween,conv_52849,LAURIE,LINDSEY,f,f,2,13,0,0.0,0,I'm scared! There's nothing to be scared of now. Get changed.
m379,halloween,conv_52850,LAURIE,LINDSEY,f,f,3,58,0,0.0,0,"Now, I want you to walk to the door, down the stairs and right out the front door. You're coming with us... Listen to me. I want you to walk down the street to the MacKensie's and knock on their door. You tell them to call the police and send them over here. Do you understand?"
m380,hannah and her sisters,conv_52860,APRIL,HANNAH,f,f,2,5,0,0.0,0,...any sister talk? Mm-mm!
m380,hannah and her sisters,conv_52861,APRIL,HANNAH,f,f,4,18,1,0.0556,0,"Oh, good... Come in, come in. ...because there are no interesting single men at this party! Oh, listen..."
m380,hannah and her sisters,conv_52862,APRIL,HANNAH,f,f,3,16,2,0.125,1,"Hm-mm.  Oh, yeah.  I met Phil. Mmm? He's the--He looks like Ichabod Crane?"
m380,hannah and her sisters,conv_52863,APRIL,HANNAH,f,f,2,12,0,0.0,0,I love that.  That's my type. I can't believe it!
m380,hannah and her sisters,conv_52874,APRIL,HOLLY,f,f,2,11,0,0.0,0,"I know.  It's terrible! I mean, I've looked everywhere."
m380,hannah and her sisters,conv_52875,APRIL,HOLLY,f,f,2,15,1,0.0667,0,"No, really, I really like him a lot. No, really, we mustn't get discouraged."
m380,hannah and her sisters,conv_52876,APRIL,HOLLY,f,f,2,14,1,0.0714,0,Hannah will invite some men over who don't look like Ichabod Crane. Mmm.
m380,hannah and her sisters,conv_52877,APRIL,HOLLY,f,f,2,29,0,0.0,0,"We're a big hit. Oh, in this we're a big hit. Yesterday I auditioned for Come Back Little Sheba.  That, I wasn't such a big hit."
m380,hannah and her sisters,conv_52878,APRIL,HOLLY,f,f,2,10,0,0.0,0,"Wow, it's the red one? Oh, it's magnificent!"
m380,hannah and her sisters,conv_52879,APRIL,HOLLY,f,f,5,52,0,0.0,0,"Oh! Oh, is that what it is? Uh-- APRIL  I-i-it has an o-organic quality, you know. Right. It's almost...almost, uhhh, entirely wholly interdependent, if you know what I mean.  I-I... I can't put it into words.  The important thing is-is-is it-it breathes."
m380,hannah and her sisters,conv_52880,APRIL,HOLLY,f,f,3,15,0,0.0,0,"It's French, though.  It really is. Yeah. It feels like you're in France."
m380,hannah and her sisters,conv_52881,APRIL,HOLLY,f,f,3,13,0,0.0,0,That's disgusting! ...a monstrosity!  Who would do that? It's really terrible.
m380,hannah and her sisters,conv_52882,APRIL,HOLLY,f,f,2,11,0,0.0,0,"Well...we have seen a lot of stuff today, though. Yeah."
m380,hannah and her sisters,conv_52883,APRIL,HOLLY,f,f,2,4,0,0.0,0,"Oh, geez, yeah. Okay."
m380,hannah and her sisters,conv_52884,APRIL,HOLLY,f,f,2,10,0,0.0,0,"Well, I live downtown. Yeah, I, we both live downtown."
m380,hannah and her sisters,conv_52885,APRIL,HOLLY,f,f,5,39,0,0.0,0,"Uh... It depends on what way you want to go. Well, wait.  You know what?  I know. Uh... If...well, if we took the, if we took Fifth, then-then-then we'd get to your house first, yeah?"
m380,hannah and her sisters,conv_52886,APRIL,HOLLY,f,f,2,13,0,0.0,0,"Well, sometimes, some, uh... I mean, it's jammed.  If we went... um..."
m380,hannah and her sisters,conv_52887,APRIL,HOLLY,f,f,16,193,13,0.0674,0,"I'm telling you, you sounded great. You, uh, you may be surprised. Oh, I'm just glad we have a catering job this week.  I'm real low on money. Yeah, we have Mr. Morris Levine's eightieth birthday party on Riverside Drive...or Riverside Memorial Chapel, depending on his health. Oh, uh, listen, David called me up. What? Uh, David called me last night, and he wants to take me to the opera.  I didn't know what to say. You're joking. No, he called late last night. I, uh, I'm very surprised. He wants to take me to see Rigoletto. And you, you-you're going? Well, I-I-I didn't know what to say. First I said no, but then, he pressed it.  He said, uh, he'd taken you once and he really wanted to invite me. But I'm seeing him. I know.  I said that, but...  he said it was something he really felt like doing. Gee, um...  I...I don't know what to say. Look, it's just an evening at the opera.  Did I, I-I do wrong in accepting?"
m380,hannah and her sisters,conv_53034,HANNAH,LEE,f,f,3,21,0,0.0,0,"Aah... Hey, have you tried Holly and her friend's shrimp puffs? I think they're fantastic. You've outdone yourself."
m380,hannah and her sisters,conv_53035,HANNAH,LEE,f,f,2,14,2,0.1429,1,"Oh, I don-- Ask Elliot for that. Uh, he's got them somewhere. Okay."
m380,hannah and her sisters,conv_53036,HANNAH,LEE,f,f,5,17,0,0.0,0,"Oh, great. You look so beautiful. Come on. Doesn't she look pretty? I bumped into your..."
m380,hannah and her sisters,conv_53037,HANNAH,LEE,f,f,2,21,4,0.1905,1,"Oh, yeah? He was, he's just as crazy as ever. He was on his way to get a blood test."
m380,hannah and her sisters,conv_53038,HANNAH,LEE,f,f,3,27,0,0.0,0,"Hi.  Where's Holly? Hi.  She's auditioning for a television commercial.  She said she's gonna be a little late. Oh, yeah?  How's she doing?"
m380,hannah and her sisters,conv_53039,HANNAH,LEE,f,f,4,40,0,0.0,0,"I hope you tell her it was your idea... Why? ...'cause every time I try to be helpful, you know, sh-she gets so defensive. Oh, Hannah, she's-she's just embarrassed in front of you, that's all."
m380,hannah and her sisters,conv_53040,HANNAH,LEE,f,f,9,57,4,0.0702,0,"So how are you? Oh, me, I'm okay. Do you miss Frederick? No. I can't believe Elliot and I can't think of someone nice for you to go out with, you know-- How are you? I'm okay. You know, how's everything?  You doing okay?  How's Frederick?  I mean, Elliot. Y-yeah."
m380,hannah and her sisters,conv_53041,HANNAH,LEE,f,f,6,79,9,0.1139,1,"Oh, he's fine.  He's-he's, I guess he's fine.  I don't know.  He's been kinda moody lately, the last few months. Really? Yeah.  I-I don't know what's wrong with him.  He's just...kind of distant and difficult. Oh... I've been trying to talk to him about it.  He says everything's fine, but I don't know. Automatically, you know, I leap to the worst conclusions. Like what?"
m380,hannah and her sisters,conv_53042,HANNAH,LEE,f,f,2,23,1,0.0435,0,"I mean, I don't know, he's seeing someone else or something, but... Oh, no!  I mean, everyone thinks things like that."
m380,hannah and her sisters,conv_53043,HANNAH,LEE,f,f,2,11,0,0.0,0,"What do--?  You're being ridiculous. You are, Holly.  Stop it."
m380,hannah and her sisters,conv_53044,HANNAH,LEE,f,f,3,18,0,0.0,0,"Oh, will you stop attacking Hannah?! Oh, now-- She's going through a really rough time right now."
m380,hannah and her sisters,conv_53045,HANNAH,LEE,f,f,4,53,0,0.0,0,"What's the matter?  What's the matter with you?  You look pale.  You okay? I'm-I'm okay.  Yeah, I-I-I, you know, I...I'm just, um, I got dizzy all of a sudden.  I'm-I'm...I have a headache. Yeah? I think we need to eat."
m380,hannah and her sisters,conv_53046,HANNAH,LEE,f,f,3,31,0,0.0,0,"Hey, Hannah, did you read that last thing Holly wrote?  It was great. She's really developed. I know, she...she really writes good dialogue. Yeah.  I'll get some ice."
m380,hannah and her sisters,conv_53062,HANNAH,NORMA,f,f,2,4,0,0.0,0,"Hey! ...from Mavis, also."
m380,hannah and her sisters,conv_53063,HANNAH,NORMA,f,f,9,153,17,0.1111,1,"Here, Mom.  Drink this.  You know, you're awful.  You probably were flirting. No!  I like to joke around and have fun, and he gets angry because I get the attention.  He's gotten sourer as he's gotten older, and I've tried to stay young...at heart. You promised to stay on the wagon. The sacrifices I've made because of that man.  He's ruined me with his ego, his philandering, his--  his-his-his-his mediocrity! Okay, stop being so dramatic. He's the one that's made every ingenue in stock! Okay, okay. Th-th-they, they wanted me for a screen test. Yeah, I know, Mom. NORMA  But I, I knew that he'd get up there and he'd flounder around with his expensive haircuts and hairdos and clothes.  He's all show!  Now how can you act when there's nothing inside to come out?!"
m380,hannah and her sisters,conv_53064,HANNAH,NORMA,f,f,3,57,0,0.0,0,"I just had a lot of luck...from my first show, you know?  I've always thought Lee was the one destined for great things. Yes, she's lovely, but she doesn't have your spark.  She knows it.  She worships you. She wouldn't dare get up there on the stage. Now, Holly's not shy."
m380,hannah and her sisters,conv_53065,HANNAH,NORMA,f,f,3,19,0,0.0,0,"No, Holly's game for anything. Holly takes after me. True. I'd have been a great dope addict."
m380,hannah and her sisters,conv_53066,HANNAH,HOLLY,f,f,2,8,0,0.0,0,"What?  You're kidding! No, no, we decided!"
m380,hannah and her sisters,conv_53067,HANNAH,HOLLY,f,f,2,34,0,0.0,0,"Perfect! Mmm...I mean, we love to cook for our friends, so  we thought until an acting job comes through, we could just make some extra money, you know, doing a few private parties."
m380,hannah and her sisters,conv_53068,HANNAH,HOLLY,f,f,2,11,0,0.0,0,"Get outta here.  Could I speak to you privately? Oh, sure."
m380,hannah and her sisters,conv_53069,HANNAH,HOLLY,f,f,3,33,0,0.0,0,"Hannah, I have to borrow some more money.  Don't get upset. Mmm, I never get upset over that. Mmm? This is the last time, I promise. And I'm keeping strict accounts."
m380,hannah and her sisters,conv_53070,HANNAH,HOLLY,f,f,4,24,0,0.0,0,"Holly, please.  Don't insult me. Someday, I'll pay it all back. I know.  H-how much do you need? Two thousand dollars."
m380,hannah and her sisters,conv_53071,HANNAH,HOLLY,f,f,2,27,0,0.0,0,"Uh-huh. Hannah, I know it's a lot, but my friend April and I, we have this catering idea I think's going to be great."
m380,hannah and her sisters,conv_53072,HANNAH,HOLLY,f,f,7,62,0,0.0,0,"You admit that we're great cooks, right? Yeah. Well, in order to get started, there's just a few things I have to buy...  and some old debts I have outstanding. Will you just tell me one thing? Okay. Are we talking about cocaine again? I swear.  I swear.  We've already got some requests to do a few dinner parties."
m380,hannah and her sisters,conv_53073,HANNAH,HOLLY,f,f,2,3,0,0.0,0,Ohh? Uh-oh.
m380,hannah and her sisters,conv_53074,HANNAH,HOLLY,f,f,2,10,0,0.0,0,Doesn't she look great in that new dress? Yeah.
m380,hannah and her sisters,conv_53075,HANNAH,HOLLY,f,f,2,10,0,0.0,0,"Don't you think she does? She really does, though."
m380,hannah and her sisters,conv_53076,HANNAH,HOLLY,f,f,2,24,1,0.0417,0,"Maybe when she's eighty, she'll stop straightening her garter belt when there's a guy around. I should get a garter belt."
m380,hannah and her sisters,conv_53077,HANNAH,HOLLY,f,f,3,30,4,0.1333,1,Frederick didn't come with her. When does Frederick ever come with her? Tch.  He's such an angry...he's such a depressive.  I thought she was moving out!
m380,hannah and her sisters,conv_53078,HANNAH,HOLLY,f,f,2,12,1,0.0833,0,"Watch out, you guys.  Beep-beep! Oh, your kids are so adorable."
m380,hannah and her sisters,conv_53079,HANNAH,HOLLY,f,f,7,89,13,0.1461,1,"Oh, Hannah! It's, uh, you never know-- He's such a loser! He's not a loser at all! Oh, he's such a loser! He's the headmaster of Daisy's school. Oh, perfect!  He reminds me of Ichabod Crane.  His Adam's apple keeps jumping up and down whenever he gets excited. HANNAH  Listen.  He's a lot better than your ex-husband.  He's got a good job.  Would you light those, please? He's-he's-he's not a dope addict or anything."
m380,hannah and her sisters,conv_53080,HANNAH,HOLLY,f,f,3,27,0,0.0,0,"Not this Thanksgiving, you know. Here.  Be careful with those. Maybe at Christmas, New Year's.  If not this New Year's, maybe next New Year's."
m380,hannah and her sisters,conv_53081,HANNAH,HOLLY,f,f,2,2,0,0.0,0,Ouch! Oh!
m380,hannah and her sisters,conv_53082,HANNAH,HOLLY,f,f,4,55,0,0.0,0,"You know, I just want to look so good, but I don't want to seem, you know, like I'm overdressed.  You know what I'm saying? HANNAH  Oh, no, not at all. Well, how about this? Well, I, I really like that.  I think that's a pretty color on you. Oh, yeah."
m380,hannah and her sisters,conv_53083,HANNAH,HOLLY,f,f,2,19,2,0.1053,1,"He's married... Oh-oh. HOLLY  ...and his wife's, uh, in and out of institutions.  She's schizophrenic."
m380,hannah and her sisters,conv_53084,HANNAH,HOLLY,f,f,5,52,5,0.0962,0,"Sometimes she's terrific... Oooo. ...and then she just breaks down.  And he has this sweet daughter...and when she goes to college next year, he's going to split permanently.  I mean... Oh? ...he's really paid his dues, but...then she helped put him through architecture school, you know, so..."
m380,hannah and her sisters,conv_53085,HANNAH,HOLLY,f,f,2,31,1,0.0323,0,"You found all this, all this out on one date? Well, I think he was dying to open up.  It's so sad.  Now...what should I wear to my audition?"
m380,hannah and her sisters,conv_53086,HANNAH,HOLLY,f,f,6,63,0,0.0,0,"I've got a singing audition for a Broadway musical.  Of course, I'll never get it. Singing? Yeah, can you believe it? Really? Well, I mean, why not?  You know, wh-what have I got to lose?  Uh... Well, no...I-I know, I just, uh... No, I-I, eh, you know, I, I didn't, I didn't know you sung."
m380,hannah and her sisters,conv_53087,HANNAH,HOLLY,f,f,2,20,0,0.0,0,"Well, you think everybody in m- musicals sings so well? No!  No, I, eh, it's just that they sing."
m380,hannah and her sisters,conv_53088,HANNAH,HOLLY,f,f,5,46,0,0.0,0,"Ohh! You know. I know, no--  I know. I mean, y-you know, don't say it that way, you know, because my confidence is not my strong point, I-- No, I'm sorry.  No, I didn't mean that.  No, I didn't mean that."
m380,hannah and her sisters,conv_53089,HANNAH,HOLLY,f,f,3,16,0,0.0,0,"Uh, you know, I think I can fake my way through a song. Uh-huh. Easily."
m380,hannah and her sisters,conv_53090,HANNAH,HOLLY,f,f,3,49,0,0.0,0,"W-why?  You don't think it's realistic? No, I didn't, I, that's no.  No, I- I-I, no, I-I just...  hate to see you put yourself in a position where, where you get hurt, you know.  You know, you know how you take... Yeah."
m380,hannah and her sisters,conv_53091,HANNAH,HOLLY,f,f,3,26,0,0.0,0,"...every, eh, single rejection as- as-as a...a confirmation that you have no talent, or something? Yeah.  Well, maybe I'll get it. I hope."
m380,hannah and her sisters,conv_53092,HANNAH,HOLLY,f,f,3,34,0,0.0,0,"Boy, you really know how to cut me down. What?  You don't, don't be so sensitive.  Can't I say anything? Tch, well, I sing!  For Chrissake, Hannah, you heard me sing!"
m380,hannah and her sisters,conv_53093,HANNAH,HOLLY,f,f,2,19,0,0.0,0,"Nobody but you can do that to me. I don't know why. Look, everything's going your way."
m380,hannah and her sisters,conv_53094,HANNAH,HOLLY,f,f,2,9,0,0.0,0,"Hey, hi! Well, I just came from an audition..."
m380,hannah and her sisters,conv_53095,HANNAH,HOLLY,f,f,2,5,0,0.0,0,Awwww... So what's new?
m380,hannah and her sisters,conv_53096,HANNAH,HOLLY,f,f,3,18,0,0.0,0,"Boy-- They said I was too offbeat looking, whatever the hell that means. Oh, what do they know?"
m380,hannah and her sisters,conv_53097,HANNAH,HOLLY,f,f,2,5,0,0.0,0,"Oh, gosh. You got it."
m380,hannah and her sisters,conv_53098,HANNAH,HOLLY,f,f,2,37,0,0.0,0,"Oh, God... Yeah, although it's put an end to the Stanislavski Catering Company. Which is why I have to speak to you. And...  you're gonna get impatient, but...I have to borrow some more money."
m380,hannah and her sisters,conv_53099,HANNAH,HOLLY,f,f,2,96,0,0.0,0,"Well, that...th-that's fine. But what I decided to do is some writing.  Yeah, I think I've had it with acting.  You know, these meaningless auditions at cattle calls.  And I can't handle another rejection.  Now let's face it here.  I gotta, you know, latch on to something in my life.  You know--something with a future.  I'm not sixteen anymore.  It's just...crazy!  I've got...an idea for a story. More than one.  And I just need a few months, you know, or, uh, a year even."
m380,hannah and her sisters,conv_53100,HANNAH,HOLLY,f,f,2,31,0,0.0,0,"Well, that-that's good.  It just, uh...it just seems to me that-that six months or a year, if-if you spent it more productively... Well-well, like what?"
m380,hannah and her sisters,conv_53101,HANNAH,HOLLY,f,f,3,51,0,0.0,0,"Well, I don't know.  We'd uh, uh, um... Didn't Mom mention there was something...something at the Museum of Broadcasting? Yeah, that's clerical. No.  She, didn't she say it was, um...she said it was in the publicity department.  That-that can lead to other things."
m380,hannah and her sisters,conv_53102,HANNAH,HOLLY,f,f,3,50,0,0.0,0,"Boy, I knew you'd be discouraging. I'm not!  I'm not!  I'm trying to be helpful.  A person doesn't just say one day, ""Okay, now-now I'm finished as an actress.  Now I'm a writer.""  I mean-- Yeah, you mean not at my age."
m380,hannah and her sisters,conv_53103,HANNAH,HOLLY,f,f,3,20,0,0.0,0,You treat me like a loser. How? You never have any faith in my plans.  You always undercut my enthusiasm.
m380,hannah and her sisters,conv_53104,HANNAH,HOLLY,f,f,6,82,2,0.0244,0,"Not so!  No.  I think I've been very supportive.  I've...I try to give you honest, constructive advice. Hmm! I'm-I'm always happy to help you financially.  I think I've gone out of my way to-to introduce you to interesting single men.  There's nothing I would-- Uh, losers!  All losers! You're too demanding. You know, I could always tell what you thought of me by the type of men you fixed me up with!"
m380,hannah and her sisters,conv_53105,HANNAH,HOLLY,f,f,2,14,0,0.0,0,"You're crazy!  That's not true. Hey, Hannah, I know I'm mediocre."
m380,hannah and her sisters,conv_53106,HANNAH,HOLLY,f,f,6,62,0,0.0,0,"What's the matter with you, Lee? Why are you so sensitive all of a sudden? Look.  Listen.  Listen.  You want to write?  Write. What's the matter? Write!  Let's just not talk about it anymore. Good. Take...take a year.  Take six months.  Whatever you want.  Who knows?  Maybe you'll, maybe you'll be sitting with a good play."
m380,hannah and her sisters,conv_53107,HANNAH,HOLLY,f,f,2,13,0,0.0,0,"Hey, what's the matter? I'm real upset about what you wrote."
m380,hannah and her sisters,conv_53108,HANNAH,HOLLY,f,f,6,45,1,0.0222,0,"My script? It's obviously based on Elliot and me. Oh, so loosely. No, not ""Oh, so loosely""!  Real specifically!  Is that how you see us? Well-- Can I, can I not accept gestures and feelings from people?  Do I, do I put people off?"
m380,hannah and her sisters,conv_53109,HANNAH,HOLLY,f,f,5,84,0,0.0,0,"Wow, I guess I hit a nerve. You make it sound like, you know, I have no needs or something.  You think I'm too self-sufficient? Now, Hannah, that's not what I meant, you know.  Uh, yeah, everybody relies on you for so much. ""You're so giving. It's not a criticism.  We love you. We're grateful."" You're grateful, but you resent me. Oh, wow!  I don't want to have this conversation.  I didn't do anything wrong."
m380,hannah and her sisters,conv_53110,HANNAH,HOLLY,f,f,2,50,1,0.02,0,"Y-you mentioned to me yourself that you and Elliot were having some problems. Yeah, we're having some problems, but problems that are my business...which I don't see how you could know about in such detail. How does Lee know about these things?  How?  They're private!"
m380,hannah and her sisters,conv_53111,HANNAH,HOLLY,f,f,5,58,2,0.0345,0,"Well, why don't you share them with us? I don't...I don't want to bother everyone. That's the point.  I'd like to be bothered. I don't see how you could know about these things unless Elliot's been talking to you. No, he hasn't.  If I offended you, I'm sorry."
m380,hannah and her sisters,conv_53137,HOLLY,LEE,f,f,2,18,0,0.0,0,"Oh, my God.  Thank you. I need an antihistamine.  Mom thinks she's feeling her asthma, and so..."
m380,hannah and her sisters,conv_53138,HOLLY,LEE,f,f,3,22,0,0.0,0,"Yeah, Mom's Camille when she gets up in the morning. At least she isn't drinking.  Did you notice? Mm-hm."
m380,hannah and her sisters,conv_53139,HOLLY,LEE,f,f,2,15,1,0.0667,0,"Yeah, she knows it, too, 'cause she's flirting with all the men here. God."
m380,hannah and her sisters,conv_53140,HOLLY,LEE,f,f,3,15,0,0.0,0,Yeah. Get a garter belt...  Get a garter belt and flirt. Where are the antihistamines?
m380,hannah and her sisters,conv_53141,HOLLY,LEE,f,f,3,3,2,0.6667,1,Dad... Oh... Dad!
m380,hannah and her sisters,conv_53142,HOLLY,LEE,f,f,2,6,0,0.0,0,Hi. ...which I did not get.
m380,hannah and her sisters,conv_53143,HOLLY,LEE,f,f,2,8,0,0.0,0,Thanks.  But guess who was there auditioning? April?
m380,hannah and her sisters,conv_53144,HOLLY,LEE,f,f,2,18,0,0.0,0,"Yeah, well, she and an architect are now a very definite item, which I still cannot believe. Hmm."
m380,hannah and her sisters,conv_53145,HOLLY,LEE,f,f,2,20,0,0.0,0,"Oh, please!  We all came to have lunch, didn't we? Yeah, okay, right.  Forget it.  What's to eat?"
m380,hannah and her sisters,conv_53146,HOLLY,LEE,f,f,2,18,0,0.0,0,"Boy...Holly...Holly. I just want a salad.  You really think I'm a loser, don't you?"
m380,hannah and her sisters,conv_53147,HOLLY,LEE,f,f,2,31,0,0.0,0,"Why are you so upset? You know, you've been picking on her ever since she came in here. Now just leave her alone for a while!  I'm just suffocating."
m383,heathers,conv_53343,BETTY,VERONICA,f,f,2,5,0,0.0,0,Sorry Veronica. Betty Finn. Gosh.....
m383,heathers,conv_53344,BETTY,VERONICA,f,f,2,38,0,0.0,0,"I'm really sorry I couldn't make it to your birthday party last month. That's okay. Your Mom said you had a big date. Heck, I'd probably skip my own birthday party for a date."
m383,heathers,conv_53345,BETTY,VERONICA,f,f,2,18,0,0.0,0,"Don't say that. Oh Ronnie, you have to look at what I dug up the other day."
m383,heathers,conv_53346,BETTY,VERONICA,f,f,2,13,0,0.0,0,"I don't believe it. I'm winning. Don't get cocky, girl."
m383,heathers,conv_53347,BETTY,VERONICA,f,f,2,20,0,0.0,0,"I missed you. I know I'm not as, as exciting as your other friends. That's bullshit. Just shoot."
m383,heathers,conv_53348,BETTY,VERONICA,f,f,2,7,0,0.0,0,"Ronnie, I'm still a virgin. Shoot."
m383,heathers,conv_53349,BETTY,VERONICA,f,f,2,25,0,0.0,0,"Betty, your daydreams are a lot better than my realities, believe me. I'm afraid though it's time to get your butt kicked. Ronnie!"
m383,heathers,conv_53350,BETTY,VERONICA,f,f,3,33,1,0.0303,0,"Hey, you're not settling for the two shots are you? Knock me out girl. It's the only way. It's not my style, okay? Nice guys finish last. I should know."
m383,heathers,conv_53367,HEATHER CHANDLER,VERONICA,f,f,5,83,0,0.0,0,"Veronica. Finally. Got a paper of Kurt Kelly's. I need you to forge a hot and horny but realistically low-key note in Kurt's handwriting and we'll slip it into Martha Dumptruck's lunch tray. Shit, Heather. I don't have anything against Martha Dunnstock. You don't have anything <u>for</u> her either. Come on, it'll be Very. The note'll give her shower nozzle masturbation material for weeks. I'll think about it. Don't think."
m383,heathers,conv_53368,HEATHER CHANDLER,VERONICA,f,f,2,14,0,0.0,0,Sawyer. Guess what today is? Ouch....the lunchtime poll. So what's the question?
m383,heathers,conv_53369,HEATHER CHANDLER,VERONICA,f,f,2,38,1,0.0263,0,"Hey, this question wouldn't be that bizarro thing you were babbling about over the phone last...... Shut up, it is. I told Dennis if he gave me another topic that was political, I'd spew burrito chunks."
m383,heathers,conv_53370,HEATHER CHANDLER,VERONICA,f,f,2,16,0,0.0,0,I was talking with someone! Color me impressed. I thought you grew out of Betty Finn.
m383,heathers,conv_53371,HEATHER CHANDLER,VERONICA,f,f,3,50,0,0.0,0,"If you're going to openly be a bitch.... I'm sorry, it's just why can't we talk to different kinds of people? Fuck me gently with a chainsaw. Do I look like Mother Theresa? If I did, I probably wouldn't mind talking to the Geek Squad."
m383,heathers,conv_53372,HEATHER CHANDLER,VERONICA,f,f,4,82,0,0.0,0,"Doesn't it bother you that everyone in the school thinks you're a pirahna? Like I give a shit. They all want me, as a friend or a fuck. I'm worshipped at Westerburg and I'm only a Junior. Pretend you're a missionary saving a colony of cootie victims. Whatever. I don't believe this. We're going to a party at Remington University tonight and we're brushing up our conversation skills with the scum of the school."
m383,heathers,conv_53373,HEATHER CHANDLER,VERONICA,f,f,3,39,0,0.0,0,"Just imagine somebody like your quasi-fat, goody-good friend Betty Finn doing a Crest commercial. No one would buy Crest. Don't tell me. Crest would be stained with loserness. Yeah, and who wants that on their teeth?"
m383,heathers,conv_53374,HEATHER CHANDLER,VERONICA,f,f,5,87,0,0.0,0,"You wanted to become a member of the most powerful clique in the school. If I wasn't already the head of it, I'd want the same thing. I'm sorry? What are you oozing about? That episode with the note back there was for all of us to enjoy, but you're determined to ruin my day. We made a girl want to consider suicide. What a scream. What a jest. Come on you jerk. You know you used to have a sense of humor."
m383,heathers,conv_53375,HEATHER CHANDLER,VERONICA,f,f,2,17,0,0.0,0,"Come on Heather. We want another look at today's lunch. Geez, don't listen to them."
m383,heathers,conv_53376,HEATHER CHANDLER,VERONICA,f,f,2,19,1,0.0526,0,J.D.? You seem pretty amused. I thought you were giving up on high school guys. Never say never.
m383,heathers,conv_53377,HEATHER CHANDLER,VERONICA,f,f,2,33,3,0.0909,0,Crap. So who's this Brad guy I've been set up with? Witty and urbane pre-lawyer or albino accountant? Don't worry. David says he's very so he's very.
m383,heathers,conv_53378,HEATHER CHANDLER,VERONICA,f,f,3,30,0,0.0,0,"What's your damage? Brad says you're being a real cooze. Heather, I feel awful, like I'm going to throw up. Can we jam, please? No. Hell no."
m383,heathers,conv_53379,HEATHER CHANDLER,VERONICA,f,f,2,6,0,0.0,0,You stupid cunt! You goddamn bitch!
m383,heathers,conv_53380,HEATHER CHANDLER,VERONICA,f,f,3,87,0,0.0,0,"You were nothing before you met me! You were playing Barbies with Betty Finn! You were a Brownie, you were a Bluebird, you were a Girl Scout Cookie! I got you into a Remington Party! What's my thanks? It's on the hallway carpet. I get paid in puke! Lick it up, baby. Lick. It. Up. Monday morning, you're history. I'll tell everyone about tonight. Transfer to Washington. Transfer to Jefferson. No one at Westerburg's going to let you play their reindeer games."
m383,heathers,conv_53381,HEATHER CHANDLER,VERONICA,f,f,3,36,0,0.0,0,"Veronica. And Jesse James. Quelle surprise. Hear about Veronica's affection for regurgitation? We both said a lot of things we didn't mean, last night. Did we? How the hell'd you get in here?"
m383,heathers,conv_53382,HEATHER CHANDLER,VERONICA,f,f,5,52,0,0.0,0,"Is this turnout weak or what? I had <u>at least</u> seventy more people at my funeral. Heather? Wha... Oh God Veronica, my afterlife is s-o-o boring. If I have to sing ""Kumbaya"" one more time... What are you doing here?! I made your favorite. Spaghetti. Lots of oregano."
m383,heathers,conv_53383,HEATHER CHANDLER,HEATHER MCNAMARA,f,f,2,13,0,0.0,0,"Ku-urt, let's pa-arty. Ku-urt, I ne-ed an orgasm."
m383,heathers,conv_53384,HEATHER CHANDLER,HEATHER MCNAMARA,f,f,2,9,0,0.0,0,"Grow up, Heather. Bulimia's so '86. Color me nauseous."
m383,heathers,conv_53385,HEATHER CHANDLER,HEATHER MCNAMARA,f,f,2,28,4,0.1429,1,"God, they won't expell him. They'll just suspend him for a week or something. He used a real gun. They should throw his ass in jail."
m383,heathers,conv_53386,HEATHER CHANDLER,HEATHER MCNAMARA,f,f,3,43,2,0.0465,0,"Anyway, I can say never to high school. I've got David. King David. Maybe when you hit maturity you'll understand the diff between a Remington University man like David and a Westerburg boy like Ram ""Wham-bam- thank-you-maam"" Sweeney."
m383,heathers,conv_53387,HEATHER CHANDLER,HEATHER MCNAMARA,f,f,2,32,0,0.0,0,So tonight's the night. Are you two excited? I'm giving Veronica her shot. Her first Remington Party. Blow it tonight girl and it's keggers with kids all next year.
m383,heathers,conv_53391,HEATHER DUKE,VERONICA,f,f,2,16,0,0.0,0,"Yeah, she really wants to talk to you. Okay, I'm going, I'm going. Jesus..."
m383,heathers,conv_53392,HEATHER DUKE,VERONICA,f,f,2,8,0,0.0,0,"Maybe you should see a doctor. Yeah, maybe."
m383,heathers,conv_53393,HEATHER DUKE,VERONICA,f,f,2,35,1,0.0286,0,"Yeah, you know Holden Caulfield in the Catcher in the Rye wouldn't put up with their bogus nonsense. Well, you better move Holden out of the way or he's going to get spewed."
m383,heathers,conv_53394,HEATHER DUKE,VERONICA,f,f,2,26,0,0.0,0,Don't worry. We'll work something out. Yes. Yes. We'll work something out. I swear to God. Won't we J.D.?...J.D.?
m383,heathers,conv_53395,HEATHER DUKE,VERONICA,f,f,2,3,0,0.0,0,Guess who? Heather.
m383,heathers,conv_53396,HEATHER DUKE,VERONICA,f,f,3,88,0,0.0,0,"Hi everyone, door was open. Veronica, you missed it! Pauline and Whitney James were up there doing there suicide rap when the cops come in and announce that Martha Dumptruck tried to buy the farm. She gave the ticket girl at the Colfax theatre a suicide note then bellyflopped in front of a car. Is she dead? That's the punchline. She's still alive, in stable condition. Another case of a geek trying to imitate the popular people of the school and failing miserably. Is that pate?"
m383,heathers,conv_53397,HEATHER DUKE,VERONICA,f,f,3,33,0,0.0,0,"I said I was sorry. You are out of control. Heather and Kurt were a shock, but Martha Dumptruck, get crucial! She dialed suicide hotlines in her diapers. You're not funny. Ouch!"
m383,heathers,conv_53398,HEATHER DUKE,VERONICA,f,f,3,48,0,0.0,0,"What. A. Martyr. Understand; Martha couldn't take the heat so she got out of the kitchen. Just think what a better place the world would be if every nimrod followed her cue. Just shut up and turn on the radio. Hot Probs is on. Oh shit, yeah."
m383,heathers,conv_53399,HEATHER DUKE,VERONICA,f,f,7,103,1,0.0097,0,"Veronica! Color me stoked, girl. I've gotten <u>everyone</u> to sign this petition even the one who think BigFun are tuneless Eurofags. People love me!  My God, you haven't signed! People love you but I know you. Jennifer Forbes told me the petition she signed was to put a jacuzzi in the cafeteria. And Doug Hylton... So some people need different kinds of ""convincing"" than others....  Hey, just sign the petition! Don't talk to me like that. It was J.D.'s idea! He made out the signature sheet and everything. Now will you sign it? No. Jealous much?"
m383,heathers,conv_53400,HEATHER DUKE,VERONICA,f,f,2,63,0,0.0,0,"Heather, why can't you just be a friend? Why are you such a MegaBitch? Because I can be! The same fucking cheek, goddamnit! Why are you pulling my dick? Do you think, do you really think, if Betty Finn's fairy godmother made <u>her</u> Cool, she'd still act nice and hang with her dweebette friends? No way! Uh-Uh!"
m383,heathers,conv_53401,HEATHER DUKE,VERONICA,f,f,2,10,0,0.0,0,"Veronica, you look like hell. Yeah, I just got back."
m383,heathers,conv_53402,HEATHER DUKE,VERONICA,f,f,2,14,0,0.0,0,"What are you doing? Heather, my love, there's a new sheriff in town."
m383,heathers,conv_53403,HEATHER MCNAMARA,VERONICA,f,f,2,34,0,0.0,0,"What's your damage, Heather? You ruined my... God, I'm so sure. Don't blame me, blame Heather. She told me to haul your ass into the caf pronto. Back me up, Heather."
m383,heathers,conv_53404,HEATHER MCNAMARA,VERONICA,f,f,2,25,0,0.0,0,"God, aren't they fed yet? Do they even have Thanksgiving in Africa? Oh sure, Pilgrims, Indians, tater tots; it's a real party continent."
m383,heathers,conv_53405,HEATHER MCNAMARA,VERONICA,f,f,2,19,2,0.1053,1,"God Veronica, drool much? His name's Jason Dean. He's in my American History. Give me the clipboard."
m383,heathers,conv_53406,HEATHER MCNAMARA,VERONICA,f,f,2,8,0,0.0,0,"No way, no day! Give it up girl!"
m383,heathers,conv_53407,HEATHER MCNAMARA,VERONICA,f,f,2,16,0,0.0,0,"Watch it, Heather. You could actually be digesting food. Yeah, where's your urge to purge?"
m383,heathers,conv_53408,HEATHER MCNAMARA,VERONICA,f,f,2,7,0,0.0,0,"That was seriously warped, Veronica. Uh-huh."
m383,heathers,conv_53409,HEATHER MCNAMARA,VERONICA,f,f,5,57,1,0.0175,0,"Veronica. What are you doing tonight? Mourning. Maybe watch some T.V. Why? Ram asked me out, but he wants to double with Kurt and Kurt doesn't have a date. Hea<u>ther</u>, I've got something going with J.D. Please Veronica. Put Billy the Kid on hold tonight, I'll never forget it."
m383,heathers,conv_53410,HEATHER MCNAMARA,VERONICA,f,f,2,16,0,0.0,0,Shit. So did you call people to tell them how to get to the studio tonight?
m383,heathers,conv_53411,HEATHER MCNAMARA,VERONICA,f,f,2,14,0,0.0,0,What were <u>you</u> trying to do? Sleep? Suicide is a private thing.
m383,heathers,conv_53412,HEATHER MCNAMARA,VERONICA,f,f,3,48,0,0.0,0,"You're giving your life away to become a goddamn statistic in U.S. Fucking A Today. That's got to be the least private thing I can think of. But what about Heather and Ram and Kurt? If everyone jumped off a bridge, young lady, would you?"
m383,heathers,conv_53413,HEATHER MCNAMARA,VERONICA,f,f,4,40,0,0.0,0,"Probably.... Hey now, if you were happy every day of your life, you wouldn't be a human being, you'd be a game show host. Let's knock off early. Go to the mall. Something lame like that. Sure."
m383,heathers,conv_53484,PAULINE,VERONICA,f,f,2,28,0,0.0,0,"Dear Veronica, Heather was your soulmate.....Share. Heather was cool, but cruel. The good looks and bad manners gave her power, but it could not give her happiness."
m383,heathers,conv_53485,PAULINE,VERONICA,f,f,3,44,0,0.0,0,"Everyone take their places on the stage!  Isn't this thrilling?! But Ms. Fleming, it's just not right. What, the wine? I realize you're all under 21, but it seemed like such a perfect touch.  Could we get some more light up here?"
m383,heathers,conv_53486,PAULINE,VERONICA,f,f,4,40,1,0.025,0,Veronica! J.D. told me you committed suicide last night! Where is he? Where's J.D.? We have to talk.  Whether to kill yourself is one of the most important decisions a teenager has to make. Get a job.
m384,heavenly creatures,conv_53505,HONORA,PAULINE,f,f,2,8,0,0.0,0,Hello! Well? Tell us! How'd it go?
m384,heavenly creatures,conv_53506,HONORA,PAULINE,f,f,2,20,1,0.05,0,"Got an A, Mum! glows with pride. STEVE is emptying his pockets on the bench. HONORA pats STEVE's hand."
m384,heavenly creatures,conv_53507,HONORA,PAULINE,f,f,2,13,2,0.1538,1,He's the manager! leads a young man-JOHN-into the dining room.
m384,heavenly creatures,conv_53508,HONORA,PAULINE,f,f,13,154,0,0.0,0,"I spent a wretched night. It would be wonderful if I could get tuberculosis, too. comes in with a breakfast tray: bacon and eggs, tea and toast. Come on, sit up. I'm not hungry. You've got to eat, Yvonne. You hardly touched our dinner. I'm not having you falling ill. I just want to be on my own for a while. starts to cut up a slice of bacon and offers it to Pauline. You may have forgotten that you were once a very sick little girl, but I haven't! holds up a loaded fork. Pauline reluctantly takes it. Do you think Juliet could stay here while her parents are away? Juliet's infectious . . . she'll be going to hospital. But she'll have no one to look after her! Her parents won't be going overseas now . . . they'll have to cancel their trip. Don't worry about Juliet."
m384,heavenly creatures,conv_53509,HONORA,PAULINE,f,f,2,38,0,0.0,0,"I had a nasty foreboding feeling at first, but now I realise my crime was too frightful for an ordinary lecture. From now on, you're sleeping in the house, where we can keep an eye on you."
m384,heavenly creatures,conv_53510,HONORA,PAULINE,f,f,4,63,1,0.0159,0,"If you think for one minute that your father and I will tolerate this sort of behaviour, you've got another thing coming! You're only 14!!! You're a child! What on earth's the matter with you, Yvonne? You know what can happen with boys . . . Don't you have any self-respect? sighs. Can I go now? grabs Pauline by the shoulders."
m384,heavenly creatures,conv_53511,HONORA,PAULINE,f,f,5,53,1,0.0189,0,"My God, what a disgrace you are! You shame me, you shame the family. You're nothing but a cheap little tart! Well, I guess I take after you then! whirls around and slaps Pauline on the cheek. You ran off with Dad when you were only 17! Nana Parker told me! steps back."
m384,heavenly creatures,conv_53512,HONORA,PAULINE,f,f,15,184,1,0.0054,0,My name is Gina! It's a letter from the school . . . from Miss Stewart. What does old Stew want? She says the standard of your work is slipping. At this rate she doesn't think you'll get School Certificate. Who cares! I care . . . your father cares . . . we want you to have a good education. I'm educating myself! You're failing English . . . you used to be top of the class- PAULINE I'm doing my own writing! snatches up an exercise book from a large pile. These stories are not going to get you School Certificate! You don't seriously think anyone's going to publish them? What do you know? You wouldn't know the first thing about writing. You're the most ignorant person I've ever met! is very angry. You're rude . . . rude and insolent! I don't see why I should keep a horrid child like you at school a minute longer. I don't wanna be in bloody school! All right! You go out there and get a job and you damn well pay your own way!
m384,heavenly creatures,conv_53513,HONORA,PAULINE,f,f,2,16,0,0.0,0,"I'm bloody dressing as fast as I can, for God's sake! Open this door!"
m384,heavenly creatures,conv_53514,HONORA,PAULINE,f,f,6,58,0,0.0,0,"The Hulmes will look after me. They want me to live with them! Don't be so ridiculous. You're our daughter, you belong here with us. I belong with Deborah! We're going to South Africa! You're not going anywhere. You're 15 years old!! You have to let me go! stands and walks toward the door."
m384,heavenly creatures,conv_53515,HONORA,PAULINE,f,f,2,33,0,0.0,0,"I felt thoroughly depressed and even quite seriously considered committing suicide. Life seems so much not worth the living, death such an easy way out. Love, you can still write to each other."
m384,heavenly creatures,conv_53516,HONORA,PAULINE,f,f,2,26,1,0.0385,0,"I bet he pitches a tent in the middle of their bedroom, and they have to pretend to be on some mountain! That's enough, Yvonne!"
m384,heavenly creatures,conv_53517,HONORA,PAULINE,f,f,2,10,0,0.0,0,"You have it. Oh, no. I'm watching my figure."
m384,heavenly creatures,conv_53518,HONORA,PAULINE,f,f,2,11,0,0.0,0,"Look, Mother! looks down at the ground in front of her."
m384,heavenly creatures,conv_53519,HONORA,JULIET,f,f,4,66,1,0.0152,0,"And so, in a blazing fury, Charles runs Lancelot Trelawney through with his sword . . . leaving Deborah free to accept Charles's proposal of marriage! and HERBERT exchange a glance. HONORA smiles at Juliet. I've heard your mother on 3YA. The Woman's Session has lots of lively debate. Well, actually, Mummy's left that programme now . . she's far too busy with The Marriage Guidance Council."
m384,heavenly creatures,conv_53520,HONORA,JULIET,f,f,2,21,0,0.0,0,"I wouldn't want my private business being discussed with a complete stranger! Oh, no . . . Mummy's awfully good at it."
m384,heavenly creatures,conv_53521,HONORA,JULIET,f,f,4,36,0,0.0,0,"I'm so happy to see you! hurries over. It's best not to get too close. Juliet's still not a hundred percent. Hello, Juliet! We've bought you some fruit. Thank you so much!"
m384,heavenly creatures,conv_53522,HONORA,JULIET,f,f,2,20,0,0.0,0,That's coming along well! I'm the Matron's favourite patient and she's shown me her special stitch!
m384,heavenly creatures,conv_53523,HONORA,JULIET,f,f,9,105,0,0.0,0,"I'm saving them for a rainy day. gives her a sympathetic look. I know it's hard for you being in here, but it is for the good of your health. They sent me off to the Bahamas ""for the good of my health."" They sent me to the Bay of bloody Islands ""for the good of my health."" looks startled at the outburst. I'm sorry, Mrs. Rieper. I'm feeling quite fatigued. We don't want to tire you out, dear. stands and picks up her handbag. Pauline stands and Juliet grabs her hand. Can't you stay a bit longer, Paul?"
m384,heavenly creatures,conv_53524,HONORA,JULIET,f,f,4,21,0,0.0,0,"Hello! Hello, Juliet. Juliet take off her jacket. Oh-what a nice outfit! Thank you. I bought it especially, Mrs. Rieper."
m384,heavenly creatures,conv_53525,HONORA,JULIET,f,f,4,38,0,0.0,0,"is bending down, pulling a tray of sausage rolls into the oven. Both girls look at HONORA silently. turns around and Juliet presents her with a brown paper bag. Fruit. Oh! I'll pop them in a bowl."
m384,heavenly creatures,conv_53526,HONORA,JULIET,f,f,2,16,0,0.0,0,"But you're not fat, Mrs. Rieper! I put on a lot of weight over Christmas."
m384,heavenly creatures,conv_53527,JULIET,PAULINE,f,f,2,2,0,0.0,0,Mummy! Mummy!
m384,heavenly creatures,conv_53528,JULIET,PAULINE,f,f,2,10,0,0.0,0,She's terribly hurt . . . Somebody's got to help us!
m384,heavenly creatures,conv_53529,JULIET,PAULINE,f,f,3,16,0,0.0,0,"0h, God . . . I'm so sorry! It doesn't matter. Of course it matters! It's Mario!"
m384,heavenly creatures,conv_53530,JULIET,PAULINE,f,f,2,11,0,0.0,0,"I think I'm dying . . . Don't . . . please! Please, don't!"
m384,heavenly creatures,conv_53531,JULIET,PAULINE,f,f,2,23,1,0.0435,0,I wish James would do a religious picture . . . he'd be perfect as Jesus! Daddy says the Bible's a load of bunkum!
m384,heavenly creatures,conv_53532,JULIET,PAULINE,f,f,2,29,0,0.0,0,"But, we're all going to Heaven! I'm not! I'm going to the Fourth World! It's like Heaven, only better because there aren't any Christians."
m384,heavenly creatures,conv_53533,JULIET,PAULINE,f,f,2,13,0,0.0,0,James will be there . . . and Mario! Only they'll be saints. Saint Mario!
m384,heavenly creatures,conv_53534,JULIET,PAULINE,f,f,2,6,2,0.3333,1,To be known as He! He . . .
m384,heavenly creatures,conv_53535,JULIET,PAULINE,f,f,2,2,2,1.0,1,Him. Him . . .
m384,heavenly creatures,conv_53536,JULIET,PAULINE,f,f,2,2,0,0.0,0,This. This . . .
m384,heavenly creatures,conv_53537,JULIET,PAULINE,f,f,2,2,0,0.0,0,That. That . . .
m384,heavenly creatures,conv_53538,JULIET,PAULINE,f,f,2,15,2,0.1333,1,"He flings open the door and launches himself at the bed, ravishing her! God, yes!"
m384,heavenly creatures,conv_53539,JULIET,PAULINE,f,f,3,6,0,0.0,0,What? It's so beautiful! What???
m384,heavenly creatures,conv_53540,JULIET,PAULINE,f,f,3,20,1,0.05,0,"I shall call him Diello. You're such an incredible woman. I couldn't have done it without you, Charles."
m384,heavenly creatures,conv_53541,JULIET,PAULINE,f,f,4,18,0,0.0,0,You'll never guess what's happened!! What?? John has fallen in love with me! That idiot boarder?
m384,heavenly creatures,conv_53542,JULIET,PAULINE,f,f,2,15,1,0.0667,0,How do you know? Did he tell you? Well . . . no. But it's so obvious.
m384,heavenly creatures,conv_53543,JULIET,PAULINE,f,f,4,27,0,0.0,0,"I think I'm going crazy. No, you're not, Gina-it's everybody else who is bonkers! Let's go overseas . . . You mean travel by ourselves?"
m384,heavenly creatures,conv_53544,JULIET,PAULINE,f,f,4,26,0,0.0,0,"Stay still or they'll be blurry . . . Hurry up! I'm freezing! Just a couple more . . . I know, I'll lean forward and show more cleavage!"
m384,heavenly creatures,conv_53545,JULIET,PAULINE,f,f,2,20,0,0.0,0,I'm sure they'll notice things missing. They'll blame the bloody housekeeper. She nicks stuff all the times!
m384,heavenly creatures,conv_53546,JULIET,PAULINE,f,f,3,37,2,0.0541,0,This lot's got to be worth 50 quid! I can try my father's safe. I'm sure I can get the keys to his office. That's great! We'll have the fare in no time!
m384,heavenly creatures,conv_53547,JULIET,PAULINE,f,f,2,17,1,0.0588,0,I thought he was supposed to be terribly ill. That was what we were led to believe . . .
m384,heavenly creatures,conv_53548,JULIET,PAULINE,f,f,3,35,1,0.0286,0,Poor Mother was completely taken in. Do you think Bloody Bill's trying to get into her draws? Too right . . . but he doesn't have a show! Nobody gets into Mother's draws except Daddy!
m384,heavenly creatures,conv_53549,JULIET,PAULINE,f,f,2,12,1,0.0833,0,"Poor Father . . . Don't worry, Gina! Mummy and Daddy love each other."
m384,heavenly creatures,conv_53550,JULIET,PAULINE,f,f,2,15,0,0.0,0,But that's not true! I've got one. I need my sodding parents' consent.
m384,heavenly creatures,conv_53551,JULIET,PAULINE,f,f,3,13,0,0.0,0,I'm coming with you. Yes . . . I know what to do about mother.
m384,heavenly creatures,conv_53552,JULIET,PAULINE,f,f,2,2,0,0.0,0,Mummy! Mummy!
m384,heavenly creatures,conv_53553,JULIET,PAULINE,f,f,2,18,0,0.0,0,"Let's go upstairs, Deborah. I wrote the last 10 pages of my opera last night. All right, then."
m384,heavenly creatures,conv_53554,JULIET,PAULINE,f,f,4,51,0,0.0,0,It's a three-act story with a tragic end. Your mother is a rather miserable woman . . . isn't she? I thought for hours about whether Carmelita should accept Bernard's marriage proposal . . . I think she knows what's going to happen . . . she doesn't appear to bear us any grudge!
m384,heavenly creatures,conv_53555,JULIET,PAULINE,f,f,2,5,1,0.2,1,"Bye, Dad. Goodbye, Mr. Rieper."
m384,heavenly creatures,conv_53556,JULIET,PAULINE,f,f,2,15,0,0.0,0,"Isn't it beautiful! Let's go for a walk down here . . . come on, Mummy!"
m386,hero,conv_53744,GALE,JOAN,f,f,2,35,4,0.1143,1,"There's no face really, nothing to work with.  Big dots, that's all you'll get. Look at the guy!  He just saved fifty people.  Now he's going to disappear. Who is he?"
m386,hero,conv_53745,GALE,JOAN,f,f,6,41,3,0.0732,0,Is he like that in real life?  So gorgeous? He's pretty... remarkable. You didn't... get it on with him? Don't be ridiculous.  I'm a reporter. Reporters don't have hormones? Reporters... have to... rise above their hormones.
m393,hellraiser iii: hell on earth,conv_54578,JOEY,TERRI,f,f,2,12,1,0.0833,0,It was off the statue.  In the club. What happened to him?
m393,hellraiser iii: hell on earth,conv_54579,JOEY,TERRI,f,f,2,23,1,0.0435,0,"Hold on.  Hold on, please.  I need talk to you. It's nothing to do with me.  I wasn't even with him."
m393,hellraiser iii: hell on earth,conv_54580,JOEY,TERRI,f,f,2,15,0,0.0,0,"Look, lady!  I told you!  It's not my problem!  I was just there! Where?"
m393,hellraiser iii: hell on earth,conv_54581,JOEY,TERRI,f,f,2,16,0,0.0,0,Under The Underground.  Can I like GO now?! Under the Underground?  What's that? Where is ...
m393,hellraiser iii: hell on earth,conv_54582,JOEY,TERRI,f,f,3,14,0,0.0,0,"Uh-huh? Uh ... Hi!  Is this ... er ... Joanne Summerskill? Joey.  Yeah, who is this?"
m393,hellraiser iii: hell on earth,conv_54583,JOEY,TERRI,f,f,2,11,0,0.0,0,You like ... left me a card?  At the club? Right.  Right!
m393,hellraiser iii: hell on earth,conv_54584,JOEY,TERRI,f,f,3,62,1,0.0161,0,"Right ... So ... Well, what do you want? I want to talk to you.  We met ... now, listen, don't hang up, OK? ... We met at the hospital last night. Oh yeah.  Yeah.  Well ... Look, I'll make a deal with you ... My boyfriend threw me out, right?  I'll trade you. You give me couch-space.  I'll give you talk.  OK?"
m393,hellraiser iii: hell on earth,conv_54585,JOEY,TERRI,f,f,3,35,1,0.0286,0,"Yeah.  Sure.  You mean ... tonight? Of course tonight.  Is that a problem? Like, if you've got a guy there or something ... No.  No.  It's fine.  Come now.  I was having bad dreams anyway."
m393,hellraiser iii: hell on earth,conv_54586,JOEY,TERRI,f,f,2,10,0,0.0,0,I put some decaf on.  Er ... make yourself comfortable. Right.
m393,hellraiser iii: hell on earth,conv_54587,JOEY,TERRI,f,f,3,13,0,0.0,0,What? Your dream.  You said you were having a bad dream. Oh yeah ...
m393,hellraiser iii: hell on earth,conv_54588,JOEY,TERRI,f,f,11,184,7,0.038,0,"... well, I've been having it for years. It's not a nightmare or anything.  It's ... well, I know what it is. What is it? Why are you so interested? Sorry. No.  No, it's OK.  I ... It's my father. Oh, right.  Did he used to ... ? God, no!  Nothing like that.  No, he died before I was born.  He died in Vietnam.  I never knew him.  Never met him.  We don't even know the details.  I dream of battlefields.  Of searching. Of trying to find out. That's great. What? No ... I mean, it's not like great about your dad or anything.  It's just I don't dream.  Never have.  ... Maybe it'd help if I slept sometime ... Just kidding ... No, so it's always neat for me to hear about dreams.  I'm jealous.  It's like everybody has another world except me. You know what I mean? I know what you're saying but ... Never? You've never had a dream?  No, you know, you do.  You must.  What you mean is you don't remember them."
m393,hellraiser iii: hell on earth,conv_54589,JOEY,TERRI,f,f,3,26,0,0.0,0,"Great.  Thanks.  You gonna have one? I'm trying to quit. Oh, go on.  Have one.  Fuck it.  You think you're going to live forever?"
m393,hellraiser iii: hell on earth,conv_54590,JOEY,TERRI,f,f,2,19,1,0.0526,0,Sorry.  It was my father's.  It's temperamental. It's okay.  It's just someone burned me once.
m393,hellraiser iii: hell on earth,conv_54591,JOEY,TERRI,f,f,11,161,14,0.087,0,"Oh.  You wanna talk about that stuff. Yes I do.  Terri, something awful happened to that boy.  I have to find out what it was. But I don't know anything!  Really.  I just came out of the club and the kid was already in the street.  He ... Did you know him? No.  I'd seen him in there a few times before.  He was just a punk.  I'd never like danced with him or anything. Anyway, he was a thief.  He must've taken it from the statue. Taken what? The thing!  He was lying there in the street, moaning.  But he pointed at it ... 22 Wait a minute.  He was already ... wounded ... when you found him? Yeah!  That's what I'm saying!  And it was lying next to him.  And he pointed at it before he passed out and ... Wait.  Wait.  The chains.  Where did the chains come from? That's what I'm trying to tell you! ..."
m393,hellraiser iii: hell on earth,conv_54592,JOEY,TERRI,f,f,3,37,0,0.0,0,"I figured I'd make breakfast. Right ... That's ... er ... that's nice of you, Terri.  Can I ask?  Is it always this ... exploratory? Ha!  I don't know yet.  First time. Kitchen virgin, that's me."
m393,hellraiser iii: hell on earth,conv_54593,JOEY,TERRI,f,f,3,34,0,0.0,0,"I'll boil some water. I'll do it! No!  No, that's OK.  I like to.  I love boiling water.  It's a specialty of mine.  Why don't you go watch cartoons?"
m393,hellraiser iii: hell on earth,conv_54594,JOEY,TERRI,f,f,3,43,0,0.0,0,"This is great.  And it's yours?  You like own it? The bank owns it.  But I'm working on it. Jeez, I've never owned anything.  I haven't even had a room of my own since I was fifteen years old."
m393,hellraiser iii: hell on earth,conv_54595,JOEY,TERRI,f,f,2,8,2,0.25,1,How have you ... ? Guys.  Sometimes friends.  Mostly guys.
m393,hellraiser iii: hell on earth,conv_54596,JOEY,TERRI,f,f,4,63,0,0.0,0,"Wow.  Lotta books.  You read all these? No.  I buy them to impress people.  Of course I've read them. Cool.  I read a book once.  It was like all these people discovering who they used to be.  You know, like reincarnation?  It was really good.  You ever read that? I don't think so.  But it's a fascinating subject.  Did you ..."
m393,hellraiser iii: hell on earth,conv_54597,JOEY,TERRI,f,f,2,15,0,0.0,0,"... but it is good.  You know, over to the left, you can ... Who's that?"
m393,hellraiser iii: hell on earth,conv_54598,JOEY,TERRI,f,f,5,165,18,0.1091,1,"I don't know his name ...  I saw the whole story.  A wounded bird was on his roof.  I could hear its cries from here. He went straight to it.  I couldn't've. I'd be frozen between pity and fear. But he wasn't.  Its pain spoke directly to him.  He picked it up.  Nursed it. Fed it.  And it got better.  Everyday he'd watch the pigeon.  Everyday the pigeon would watch him. I saw him learn. Learn that there was one more thing he had to do to make the rescue complete. And one day, just as afternoon became evening, he leaned over, opened the cage, and walked away.  Didn't look back.  But he heard the sound of its wings. And he still sits there? Every day. Maybe he thinks it'll come back. No.  He knows it won't.  It was his final act of love and part of him knows that and part of him doesn't yet."
m393,hellraiser iii: hell on earth,conv_54599,JOEY,TERRI,f,f,6,76,3,0.0395,0,But I don't know what's going on. Maybe not.  But you know more than I do. You know something about this box. Something about a statue? Yeah.  I found it.  I knew held like it and I figured ... Woah.  Wait a minute.  Who?  The kid? No.  JP.  My last boyfriend?  He like owns the club.  You know?  You were there?  He bought the statue. That you found.  What do you mean you found it?
m393,hellraiser iii: hell on earth,conv_54600,JOEY,TERRI,f,f,4,58,2,0.0345,0,"I was downtown looking for a ... a friend.  A guy I know.  Anyway, there was this store.  Like real old?  Lotsa weird shit in there.  I saw this statue. Pillar.  Thing.  I knew he'd love it. You've seen the club. Would you know this store again? Sure.  Why? It's Saturday morning.  Let's go shopping."
m393,hellraiser iii: hell on earth,conv_54601,JOEY,TERRI,f,f,3,21,0,0.0,0,"Jesus.  Are you sure this is the street? Yeah.  Happening, isn't it? What on earth were you doing down here?"
m393,hellraiser iii: hell on earth,conv_54602,JOEY,TERRI,f,f,3,7,0,0.0,0,"Terri? Buying some drugs, alright? Oh, Terri ..."
m393,hellraiser iii: hell on earth,conv_54603,JOEY,TERRI,f,f,3,30,0,0.0,0,"For somebody else, alright?  Not for me. I don't do that shit anymore. Then you shouldn't even be around it. You know, it's ... Here!  Here!  Pull over!"
m393,hellraiser iii: hell on earth,conv_54604,JOEY,TERRI,f,f,2,10,0,0.0,0,What am I looking for? God knows.  Anything.  Contacts.  Clues.
m393,hellraiser iii: hell on earth,conv_54605,JOEY,TERRI,f,f,2,15,0,0.0,0,"Joey ... ? Help me pick 'em up, Terri.  I think the lady just made a sale."
m396,i walked with a zombie,conv_54883,ALMA,BETSY,f,f,3,30,0,0.0,0,"Good morning, miss. Thank you for waking me. I didn't want to frighten you out of your sleep, Miss.  That's why I touched you farthest from your heart."
m396,i walked with a zombie,conv_54884,ALMA,BETSY,f,f,3,55,0,0.0,0,"But I'm Miss Jessica's nurse, Alma. You don't have to do that for me. I know, miss.  But I like to do it. I like to tend for Miss Jessica and I want to tend for you.  You settle right back, now, and I'll mix you your coffee. Thank you, Alma."
m396,i walked with a zombie,conv_54885,ALMA,BETSY,f,f,5,100,0,0.0,0,"Miss Jessica used to say this is the only way for a lady to break her fast -- in bed, with a lacy cushion to bank her head up. If you'd only seen her, Miss Connell. She looked so pretty. She must have been beautiful.  What happened to her, Alma? She was very sick and then she went mindless, Miss. We'll see if we can't make her well, Alma, you and I. I do my best.  Every day I dress her just as beautifully as if she was well.  It's just like dressing a great, big doll."
m396,i walked with a zombie,conv_54886,ALMA,BETSY,f,f,3,36,0,0.0,0,"What's this? A puff-up, I call it.  But Miss Jessica always says ""brioche."" Looks like an awful lot of breakfast -- I don't know whether I'll be able to get away with it."
m396,i walked with a zombie,conv_54887,ALMA,BETSY,f,f,13,140,2,0.0143,0,"Things so bad, nobody can help -- not even Doctor Maxwell. Doctors and nurses can only do so much, Alma.  They can't cure everything. Doctors that are people can't cure everything. What do you mean -- ""doctors that are people""? There are other doctors...Yes, other doctors...Better doctors... Where? At the Houmfort. That's nonsense, Alma. They even cure nonsense, Miss Betsy.  Mama Rose was mindless.  I was at the Houmfort when the Houngan brought her mind back. You mean Mama Rose was like Mrs. Holland? No.  She was mindless but not like Miss Jessica.  But the Houngan cured her. Are you trying to tell me that the Houngan -- the voodoo priest -- could cure Mrs. Holland? Yes, Miss Betsy.  I mean that.  The Houngan will speak to the rada drums and the drums will speak to Shango and Damballa."
m396,i walked with a zombie,conv_54889,BETSY,MRS. RAND,f,f,3,12,0,0.0,0,I think you need some help. I'm afraid so. Ti-Joseph?
m396,i walked with a zombie,conv_54890,BETSY,MRS. RAND,f,f,3,56,2,0.0357,0,"I really intended going out to the Fort and meeting you long before this, Miss Connell.  I'm Mrs. Rand -- Wesley's mother. Oh, Mrs. Rand -- Come, come, don't tell me how sorry you are that I should meet you this way.  I'm even a little glad that Wesley's difficulty brought us together."
m396,i walked with a zombie,conv_54891,BETSY,MRS. RAND,f,f,2,97,4,0.0412,0,"Believe me, Mrs. Rand, he doesn't do this often. This is the first time I've seen him -- Nonsense, child!  I know Wesley's been drinking too much lately.  I know a great deal more about what goes on at Fort Holland than you'd think.  I know all about you -- that you're a nice girl, competent and kind to Jessica.  The Fort needs a girl like you.  But now we've got to get you back there.  I'll walk you back and stay over night.  It'll be a nice change for me."
m396,i walked with a zombie,conv_54892,BETSY,MRS. RAND,f,f,2,42,4,0.0952,0,"Thank you, Mrs. Rand.  I think you're every bit as nice as Wes says you are. So -- he says I'm nice.  He's a nice boy, too, Miss Connell, a very nice boy.  But I'm worried about his drinking."
m396,i walked with a zombie,conv_54893,BETSY,MRS. RAND,f,f,4,37,2,0.0541,0,I'd love to. Use your influence with Paul.  Ask him to take that whiskey decanter off the dinner table. I've no influence with Mr. Holland. Try it -- you may have more influence than you think.
m396,i walked with a zombie,conv_54894,BETSY,MRS. RAND,f,f,9,151,3,0.0199,0,"Some of this native nonsense. The Houngan has his prescription and Dr. Maxwell and I have ours. You've never said anything about voodoo before, Mrs. Rand. Haven't I?  I suppose I take it for granted. It's just part of everyday life here. You don't believe in it? A missionary's widow?  It isn't very likely, is it? I don't mean believe, like believing in a religion.  I mean, do you believe it has power?  Do you think it could heal a sick person? Frankly, my dear, I didn't expect anything like this from a nice level-headed girl.  What are you driving at? I heard the servants talking about someone called Mama Rose. They said she had been ""mindless""... Her son drowned.  She brooded until her mind was affected. All the Houngan did was coax her out of it with a little practical psychology."
m396,i walked with a zombie,conv_54895,BETSY,MRS. RAND,f,f,6,81,2,0.0247,0,"Mrs. Rand. Wait. Don't draw any conclusions. Let me explain. But, Mrs. Rand -- I knew you'd come. And I knew I'd have to come up here and talk to you. I couldn't let you go back without any word. I came to tell you again -- Jessica cannot be cured. But how did you get here? What are you doing here? I asked you to let me explain. It's a long story.  And not an easy one --"
m396,i walked with a zombie,conv_54896,BETSY,MRS. RAND,f,f,3,157,3,0.0191,0,"-- and when my husband died I felt helpless. They disobeyed me -- things went from bad to worse. All my husband's dreams of good health, good sanitation, good morals for these sweet and gentle people seemed to die with him.  Then, almost accidentally, I discovered the secret of how to deal with them. There was a girl with a baby -- again and again I begged her to boil the drinking water. She never would. Then I told her the god, Shango, would be pleased and kill the evil spirits in the water if she boiled it. She boiled the water from then on. But you didn't have to come up here. Perhaps not.  But I did come here and I found it was so simple to let the gods speak through me. Once started, it seemed such an easy way to do good.  I should have known there was no easy way to do good, Betsy."
m396,i walked with a zombie,conv_54897,BETSY,MRS. RAND,f,f,2,21,1,0.0476,0,"Why, Betsy -- we can't lose you. You mean too much to us here. That's sweet of you, Mrs. Rand."
m396,i walked with a zombie,conv_54898,BETSY,MRS. RAND,f,f,3,42,2,0.0476,0,"Mrs. Rand... You must, Betsy. They'll have to believe you. Mrs. Rand was at the Houmfort that night.  But there's nothing wrong with that.  She's gone there for years -- trying to take care of those people,  to help them."
m400,i still know what you did last summer,conv_55359,JULIE,KARLA,f,f,2,14,0,0.0,0,I thought you were out of town! What are you doing in my closet?
m400,i still know what you did last summer,conv_55360,JULIE,KARLA,f,f,3,29,0,0.0,0,"I thought you were out of town! What are you doing in my closet? i just wanted your black pants, but I'm not ready to die for them!"
m400,i still know what you did last summer,conv_55361,JULIE,KARLA,f,f,2,22,0,0.0,0,"That was heart attack time, Karla. No. When I put these skinny pants on my body...Now, that's heart attack time."
m400,i still know what you did last summer,conv_55362,JULIE,KARLA,f,f,4,60,6,0.1,1,"I'm not going anywhere. I'm fat, ugly, and depressed. Yeah, right -- whatever. I think I just really hurt Ray's feelings. Listen to me, Julie. Ray's a great guy, nothing against old Ray, but he's so...Ray. I mean, he lives in Southport. Will's a nice guy, too, and he lives right down the street."
m400,i still know what you did last summer,conv_55363,JULIE,KARLA,f,f,2,10,1,0.1,1,There's nothing between Will and me. Yet. Nothing yet.
m400,i still know what you did last summer,conv_55364,JULIE,KARLA,f,f,4,26,0,0.0,0,"Say yes. No. No means yes. Tyrell, I appreciate it, but have you seen my people dance? We make the mouth face, we move the fingers --"
m400,i still know what you did last summer,conv_55365,JULIE,KARLA,f,f,2,38,3,0.0789,0,"Karla! Did you tell him I'd be here? Nope. I told him that you absolutely, positively would not be here at this bar between ten o'clock and eleven o'clock tonight. And then he came anyway."
m400,i still know what you did last summer,conv_55366,JULIE,KARLA,f,f,2,26,0,0.0,0,"That could break the machine. Julie, people who end up making rules like that end up beating their kids with wire hangers. It's a fact."
m400,i still know what you did last summer,conv_55367,JULIE,KARLA,f,f,4,33,1,0.0303,0,"The number's unlisted... Would you relax? We've been dating three months. He ain't stalking your butt. Okay, okay. You're right. I know it, and it feels good.  Hi, Ty."
m400,i still know what you did last summer,conv_55368,JULIE,KARLA,f,f,2,17,1,0.0588,0,"You gotta sell his butt on the Bahamas? Ray, come on. I want us to be together."
m400,i still know what you did last summer,conv_55369,JULIE,KARLA,f,f,7,65,9,0.1385,1,"He's not coming. I thought he was just... Julie, you left four messages... Four. But, he said he'd try. He said he'd try. Try is like maybe. Try is nothing! He does work hard. Work hard, huh? He's breaking your heart just because he can.  And I don't want to have to say I told you so... Then, don't."
m400,i still know what you did last summer,conv_55370,JULIE,KARLA,f,f,2,16,1,0.0625,0,"Oh! Hey, sorry...  He's my friend, too. And that ticket is not going to waste."
m400,i still know what you did last summer,conv_55371,JULIE,KARLA,f,f,2,15,2,0.1333,1,"I'm the King of the World. No, I'm the King of the World."
m400,i still know what you did last summer,conv_55372,JULIE,KARLA,f,f,2,37,1,0.027,0,"Remind me to study real hard so someday this is normal and all that back there is somethin' I do for a weekend once every ten years. I will, and you remind me of the same thing."
m400,i still know what you did last summer,conv_55373,JULIE,KARLA,f,f,2,8,0,0.0,0,Hello? Hello? Where is everyone? I'll ask --
m400,i still know what you did last summer,conv_55374,JULIE,KARLA,f,f,3,15,0,0.0,0,Their stuff in there...  ...and ours in here. Karla! You promised. I also promised Tyrell.
m400,i still know what you did last summer,conv_55375,JULIE,KARLA,f,f,3,33,5,0.1515,1,"Am I bad? I mean, he's really great, and he's cute -- He's cute...And he's got a crush on you...  But... I miss Ray...I tried to call him."
m400,i still know what you did last summer,conv_55376,JULIE,KARLA,f,f,3,12,0,0.0,0,"Karaoke -- perfect. Don't even think about it. Okay, I won't."
m400,i still know what you did last summer,conv_55377,JULIE,KARLA,f,f,5,9,0,0.0,0,No way. Yes. No. Yes. Not me...no way...
m400,i still know what you did last summer,conv_55378,JULIE,KARLA,f,f,2,19,2,0.1053,1,"Think about this, Julie. What did you actually see? The dockhand guy. Hanging by his neck from up there."
m400,i still know what you did last summer,conv_55379,JULIE,KARLA,f,f,2,7,0,0.0,0,You get any sleep at all? Some.
m400,i still know what you did last summer,conv_55380,JULIE,KARLA,f,f,2,47,2,0.0426,0,"It's okay...He doesn't believe me. That's his right. I'm starting to think I'm crazy, too. Hey, slow down, turn off the little motor up in there...What do you say we go to the gym and work off a little stress?"
m400,i still know what you did last summer,conv_55381,JULIE,KARLA,f,f,2,17,1,0.0588,0,Nice move. I'll be givin' your fisherman some of that and see how he likes it.
m400,i still know what you did last summer,conv_55382,JULIE,KARLA,f,f,2,19,0,0.0,0,"Cancer in a box. No, this is the safe sun.  It's better than a day at the beach."
m400,i still know what you did last summer,conv_55383,JULIE,KARLA,f,f,2,3,0,0.0,0,Karla! Just kidding.
m400,i still know what you did last summer,conv_55384,JULIE,KARLA,f,f,2,33,1,0.0303,0,I'm not crazy...I'm not crazy. He's here...  We've got to get to the radio and call for help. I think we can classify this as an emergency situation.
m400,i still know what you did last summer,conv_55385,JULIE,KARLA,f,f,2,22,2,0.0909,0,"Oh, stop it! He's dead. You killed him. Now, get over it. We gotta think here. They never found the body."
m400,i still know what you did last summer,conv_55386,JULIE,KARLA,f,f,2,14,2,0.1429,1,Julie... Only he wasn't dead. He killed Barry and Helen last July Fourth.
m400,i still know what you did last summer,conv_55387,JULIE,KARLA,f,f,2,13,3,0.2308,1,"Let him go. I believe him. Come on, Julie. You saw his room."
m400,i still know what you did last summer,conv_55388,JULIE,KARLA,f,f,2,19,0,0.0,0,"What do you mean? Rio isn't the capital of Brazil. It was the wrong answer. Sorry, we lose."
m400,i still know what you did last summer,conv_55389,JULIE,KARLA,f,f,2,30,0,0.0,0,"I know I don't want to stay in here. We'll be better off in the open. If we stick together, maybe we can kill this creep for good."
m400,i still know what you did last summer,conv_55390,JULIE,KARLA,f,f,2,8,0,0.0,0,"Be careful, Julie. I've got to see."
m400,i still know what you did last summer,conv_55391,JULIE,KARLA,f,f,2,19,0,0.0,0,"Julie, the boats are gone, the phones are down. There's no way off this place. Then, we fight --"
m400,i still know what you did last summer,conv_55392,JULIE,KARLA,f,f,3,43,0,0.0,0,"I'm your best friend...You could have told me the truth about what happened. I would've understood. Karla, I just wanted the whole thing to be over. I didn't want to involve anybody else. It's too late for that."
m400,i still know what you did last summer,conv_55393,JULIE,KARLA,f,f,2,11,0,0.0,0,There's no way to lock it. What do we do?
m400,i still know what you did last summer,conv_55394,JULIE,KARLA,f,f,2,10,0,0.0,0,"I don't know... Come on, you can make it."
m400,i still know what you did last summer,conv_55395,JULIE,KARLA,f,f,2,8,0,0.0,0,Julie? I'm right here. Grab my hand.
m400,i still know what you did last summer,conv_55396,JULIE,KARLA,f,f,3,10,0,0.0,0,"I'm holding your hand! No, you're not. ...Nancy?"
m400,i still know what you did last summer,conv_55397,JULIE,KARLA,f,f,3,12,1,0.0833,0,"Oh, god, it's you -- You're okay. Thank god. Is he?"
m401,isle of the dead,conv_55523,CATHY,THEA,f,f,2,31,3,0.0968,0,"The young man, Mr. Davis, seems to be some kind of an unofficial observer  a correspondent of some sort  And the soldier -- He looked at me so strangely -- who is he?"
m401,isle of the dead,conv_55524,CATHY,THEA,f,f,2,10,1,0.1,1,You are fortunate in your father. Thea is an orphan.
m401,isle of the dead,conv_55525,CATHY,THEA,f,f,4,50,7,0.14,1,"Cathy - how does it feel to have a father? What an odd question! I mean, does one love a father because he is good and kind -or just because he is one's father? Why, I love my father because - because I do. Of course, he's nice to me."
m401,isle of the dead,conv_55526,CATHY,THEA,f,f,4,50,5,0.1,1,"Thea -- you're hiding something. Why do you suddenly speak of your father? You told me once you had never seen him -- didn't know him -- I do not know him, but I have seen him. What is it -- what are you talking about? You have forgotten my last name?"
m401,isle of the dead,conv_55527,CATHY,THEA,f,f,2,10,0,0.0,0,"I have forgotten it, dear. My last name is Pherides."
m401,isle of the dead,conv_55528,CATHY,THEA,f,f,3,35,4,0.1143,1,"Thea, your choice is a very simple one. Either you want to claim him as your father, or you do not. But one must love a father. The General  you don't even know him."
m401,isle of the dead,conv_55529,CATHY,THEA,f,f,2,44,3,0.0682,0,"Come, Thea, if you're going to claim him as your father you've got to make up your mind. They'll be leaving any minute. I don't know. As a child. I longed for a father and now - I don't know "
m401,isle of the dead,conv_55530,CATHY,THEA,f,f,3,38,5,0.1316,1,I felt he did not like me. That should decide it or you -- I will let him go. He is dead to me as he is to all my mother's people. I turn my hand against him.
m401,isle of the dead,conv_55531,CATHY,THEA,f,f,3,35,0,0.0,0,"You should sleep, Cathy. Lie down and close your eyes. Try to forget everything. When I close my eyes, I see Miss Wollsten. I can't think of anything else. She is dead  at peace."
m401,isle of the dead,conv_55532,CATHY,THEA,f,f,3,38,0,0.0,0,"Suppose, she isn't dead. Suppose it was a cataleptic attack? It was, the plague We quarreled. She never dared get angry or frightened -- but I said things to her -- it was an attack, I know it was."
m403,jaws 2,conv_55899,BROOKE,JACKIE,f,f,3,11,0,0.0,0,Is that me? That's you. I've never been supercargo.
m403,jaws 2,conv_55900,BROOKE,JACKIE,f,f,3,29,2,0.069,0,"The lighthouse is a make-out spot. Now I really want to see it. You going to fool around with Mike?  Well, I'm not doing anything with him."
m403,jaws 2,conv_55901,BROOKE,JACKIE,f,f,2,14,0,0.0,0,"I told you, remember? Oh, yeah.  So why aren't they doing it now?"
m403,jaws 2,conv_55902,BROOKE,JACKIE,f,f,2,10,0,0.0,0,What's wrong? Tide doesn't turn for three hours.
m403,jaws 2,conv_55903,BROOKE,JACKIE,f,f,2,8,0,0.0,0,It killed her.  It ate her. Shh.  Shhh....
m403,jaws 2,conv_55904,BROOKE,JACKIE,f,f,2,12,0,0.0,0,"We're going to die. It's all right, we're okay."
m405,jaws: the revenge,conv_56098,CARLA,THEA,f,f,2,10,0,0.0,0,You'll spoil her. That's what grandmas are for.
m405,jaws: the revenge,conv_56099,CARLA,THEA,f,f,3,19,3,0.1579,1,Thea.... Sometimes my father puts me in his lap and lets me steer the Jeep. Don't bother Hoagie....
m405,jaws: the revenge,conv_56100,CARLA,THEA,f,f,2,13,0,0.0,0,"It has its virtues.  It hasn't fallen down yet.... Watch me, Grandma...."
m405,jaws: the revenge,conv_56101,CARLA,THEA,f,f,3,13,0,0.0,0,"Come on, sweetheart.... But you always let me.... Not today.  Come on, Thea...."
m405,jaws: the revenge,conv_56102,CARLA,THEA,f,f,3,22,0,0.0,0,"Daddy, why can't I...? Did you hear what I said?  Come inside.... I don't want to.  I want to swing...."
m405,jaws: the revenge,conv_56103,CARLA,THEA,f,f,2,19,2,0.1053,1,You're welcome.  I was the one who cried. Was Uncle Sean ever bad?  Did you ever spank him?
m405,jaws: the revenge,conv_56104,CARLA,THEA,f,f,2,19,0,0.0,0,"Only children are my favorites. That means you, MaGee.... My tea set.  I got my tea set.  Thank you...."
m405,jaws: the revenge,conv_56105,CARLA,THEA,f,f,2,9,0,0.0,0,"Can I make sandwiches...? Yes, you can make sandwiches...."
m405,jaws: the revenge,conv_56106,CARLA,THEA,f,f,3,18,0,0.0,0,"You said it wasn't polite to interrupt people.... Yes, I did. It's time for tea, Grandma."
m405,jaws: the revenge,conv_56128,CARLA,ELLEN,f,f,2,16,0,0.0,0,No cooking while you're here...No washing dishes...No cleaning.... I'm not on vacation....
m405,jaws: the revenge,conv_56129,CARLA,ELLEN,f,f,2,9,0,0.0,0,It'll grow on you. I like it.  Really....
m405,jaws: the revenge,conv_56130,CARLA,ELLEN,f,f,9,103,3,0.0291,0,"I could use a half-dozen more arms ...I've only got two weeks to get this thing finished.... Do you and Michael ever talk about his work...?  About spending so much time working in the water? Usually it's all he talks about...You mustn't worry.... I can't help it.... I used to worry...But you know what happens, you find out that scuba diving's safer than climbing into the bathtub.... I shouldn't interfere...  My mother-in-law is so neat she puts paper under the cuckoo clock.... Henny Youngman.... You caught me.... You're not interfering, Ellen...."
m405,jaws: the revenge,conv_56131,CARLA,ELLEN,f,f,2,14,0,0.0,0,You want to try your hand at something...? I'd be afraid of losing....
m405,jaws: the revenge,conv_56132,CARLA,ELLEN,f,f,2,13,1,0.0769,0,At least he doesn't have a beard.... Do you enjoy dealing blackjack?
m405,jaws: the revenge,conv_56133,CARLA,ELLEN,f,f,2,9,1,0.1111,1,All he did was kiss me.... It's beginning....
m405,jaws: the revenge,conv_56134,CARLA,ELLEN,f,f,3,32,1,0.0312,0,Beginning of what? Whatever happens next..... I always thought when I grew up I'd know what to do about things like this...I don't even know if he's serious....
m405,jaws: the revenge,conv_56135,CARLA,ELLEN,f,f,4,89,5,0.0562,0,"Give it some time, Ellen...See what happens. Part of me wanted to go off with him, the rest of me couldn't...I don't know why he wants me.... Maybe he's got good taste...I don't think he's spent much time with a woman like you.... I don't know what he thinks...I don't know what I think...I don't even know why I'm talking about it...  It's silly...I'm getting too old for this sort of thing...."
m405,jaws: the revenge,conv_56136,CARLA,ELLEN,f,f,3,26,0,0.0,0,We will...We'll have a lot of time together.  What are you going to do now? We'll be there.... You make sure they come?
m405,jaws: the revenge,conv_56153,ELLEN,THEA,f,f,2,7,0,0.0,0,In a minute.... What's going on?
m405,jaws: the revenge,conv_56154,ELLEN,THEA,f,f,3,18,0,0.0,0,Yes! You can stay in my room. I'd like that.  I need to be away from here.
m405,jaws: the revenge,conv_56155,ELLEN,THEA,f,f,2,9,0,0.0,0,Can I ride one sometime...? It's too dangerous....
m405,jaws: the revenge,conv_56156,ELLEN,THEA,f,f,2,10,0,0.0,0,I never.... Where's the lady who brings the soda?
m405,jaws: the revenge,conv_56157,ELLEN,THEA,f,f,2,7,0,0.0,0,I like Grandma's cooking.... Thank you....
m405,jaws: the revenge,conv_56158,ELLEN,THEA,f,f,2,9,0,0.0,0,"No, no...It's too dangerous.... Mommy lets me...."
m405,jaws: the revenge,conv_56159,ELLEN,THEA,f,f,2,12,1,0.0833,0,Your father was six then.  Just like you.... I'm still five....
m405,jaws: the revenge,conv_56160,ELLEN,THEA,f,f,2,24,0,0.0,0,We have to dig it deep so the water will go all the way around...So we can swim to it.... You're silly....
m405,jaws: the revenge,conv_56161,ELLEN,THEA,f,f,2,9,0,0.0,0,"You're coming, aren't you...? Who's coming?"
m405,jaws: the revenge,conv_56162,ELLEN,THEA,f,f,2,22,0,0.0,0,No one.  Nothing.  We've got to get this finished before the tide comes in. It's not nice to be evasive.
m405,jaws: the revenge,conv_56163,ELLEN,THEA,f,f,2,21,0,0.0,0,What's it cost to take a ride on that plane...? The water's coming in...The water's coming in....
m405,jaws: the revenge,conv_56164,ELLEN,THEA,f,f,2,6,0,0.0,0,I almost forgot.... I didn't.
m405,jaws: the revenge,conv_56165,ELLEN,THEA,f,f,2,16,0,0.0,0,I put everything in my room.  My Teddy bear is joining us. Thanks for the consultation....
m405,jaws: the revenge,conv_56166,ELLEN,THEA,f,f,2,12,0,0.0,0,"I'll be in to read you a story. Good night, Daddy...."
m405,jaws: the revenge,conv_56167,ELLEN,THEA,f,f,2,11,0,0.0,0,"I will.  I'll miss you, Grandma. I'll miss you...."
m408,jerry maguire,conv_56535,DOROTHY,LAUREL,f,f,2,6,0,0.0,0,"What about medical? Of course, medical! _ 42."
m408,jerry maguire,conv_56536,DOROTHY,LAUREL,f,f,4,41,2,0.0488,0,"You are a single mother.  You have given up the right to be frivolous. If you'd read what he wrote, you would have left with him too. You know how much those Well Child exams cost -- Of course I know --"
m408,jerry maguire,conv_56537,DOROTHY,LAUREL,f,f,2,11,2,0.1818,1,Wait. Where is he? He's in the living room asleep.
m408,jerry maguire,conv_56538,DOROTHY,LAUREL,f,f,2,8,1,0.125,1,He's coming over. At eleven at night? _ 70.
m408,jerry maguire,conv_56539,DOROTHY,LAUREL,f,f,3,97,7,0.0722,0,"He just lost his best client.  He called from the plane.  I invited the guy over. Dotty -- this is not ""guy."". This is a ""syndrome.""  It's called Early Midlife, About-To-Marry, Hanging Onto The-Bottom-Rung Dear- God-Don't-Let-Me-Be-Alone, I'll- Call-My-Newly Long-suffering- Assistant-Without Medical-For- Company Syndrome.  And if, knowing all that, you still allow him to come over, more power to you. Honey, he's engaged.  And for the first time in my professional life, I'm a part of something I believe in."
m408,jerry maguire,conv_56540,DOROTHY,LAUREL,f,f,5,57,1,0.0175,0,"I heard. No kidding.  I looked over and saw the shadow of two curious shoes in the doorway of the kitchen. This guy would go home with a gardening tool right now if it showed interest.  Wait.  Use the frosted glasses. Thank you. Look, here's some of that chicken with salsa too, I warmed it up -- _ 74."
m408,jerry maguire,conv_56541,DOROTHY,LAUREL,f,f,3,49,2,0.0408,0,That's the girl I love. But you just gotta hear me out on one thing.  You're very responsible with Ray and you know it's not right for a little boy to hear some strange man's voice in the house. As opposed to twenty angry women?
m408,jerry maguire,conv_56542,DOROTHY,LAUREL,f,f,3,71,0,0.0,0,"I've got a 24 hour a day reminder of Roger, for the rest of my life. I have had three lovers in four years, all boring, all achingly self-sufficient all friends of yours I might add, and all of them running a distant second to a warm bath.  Look at me, Laurel, look at me.  I'm the oldest 26 year old in the world!  How do I look? Good. Thanks."
m408,jerry maguire,conv_56543,DOROTHY,LAUREL,f,f,2,31,4,0.129,1,"Forgot your keys -- That's the first time I ever saw him kiss a man, like a dad, wasn't that just... thrilling?  I mean, he must have been needing that."
m408,jerry maguire,conv_56544,DOROTHY,LAUREL,f,f,2,15,0,0.0,0,"No no.  Don't cry at the beginning of the date. Oh, knock it off! _ 89."
m408,jerry maguire,conv_56545,DOROTHY,LAUREL,f,f,2,7,0,0.0,0,First you gotta tell me something. No--
m408,jerry maguire,conv_56546,DOROTHY,LAUREL,f,f,3,48,3,0.0625,0,"Because I'm worried that you're putting your faith in this guy who, because of the way things are going, may not have an emotional marble in his head. Please, if I start talking -- Guys are just different people when they're hanging onto the bottom rung."
m408,jerry maguire,conv_56547,DOROTHY,LAUREL,f,f,2,76,9,0.1184,1,"Easy, hon, I was just looking for fun details -- Oh, well, why didn't you say so? And oh, I don't know if you're interested in this detail, but I was just about to tell you that I love him.  I love him, and I don't care what you think.  I love him for the guy he wants to be, and I love him for the guy he almost is. I love him."
m415,klute,conv_57251,ARLYN,BREE,f,f,3,42,2,0.0476,0,"Bree -- honey - please, we're waiting for someone. Arlyn, he just wanted to ask some questions -- something you could help us about. Can't you see I'm strung out?  Please, we're waiting for it -- he's got to have it!"
m415,klute,conv_57252,ARLYN,BREE,f,f,5,47,4,0.0851,0,"Honey, a couple of years ago, with Jane and Frankie? -- Jane sent me a Dumper -- Please, if he sees you, he won't come! Arlyn, just tell me, did Jane have a dumper, one of her regular Johns? What about him? Yes. Did he come around often?"
m415,klute,conv_57253,BREE,TRINA,f,f,5,96,5,0.0521,0,"Trina this is Klute. I told you about him. Oh yes Mr. Klute -- won't you both join me?  And how do you like our fair city? There's so much here don't you think? The museums and the books and the foreign films -- Bree, have you seen the Godard film? Uh uh. Oh you've got to. He does such fun things with imagery. And I've been reading The Fall --  -- The Fall by Ahlbair Camoo -- it's the same thing, you know the imagery -- Trina honey, he just wants to find Arlyn Page."
m415,klute,conv_57254,BREE,TRINA,f,f,3,89,0,0.0,0,"Why? She's a junkie. She was with you after she left Frank. Well she's not now.  I did everything for Arlyn. I loved Arlyn I took her right into my apartment, my own sweet apartment on First. But she wouldn't stay off it -- the junk -- and I wept and I pleaded and I held her in my arms - and she started taking things, my things, and selling them for horse. My clothes. We could've had everything together, everything -- and then the bitch sold my mink!"
m419,the silence of the lambs,conv_57777,ARDELIA,CLARICE,f,f,3,18,0,0.0,0,"Damn, Clarice, how'd you make me? Never cock. Just squeeze. I love it when you talk dirty."
m419,the silence of the lambs,conv_57778,ARDELIA,CLARICE,f,f,2,12,1,0.0833,0,"What'd I do? Stay cool. Just remember to call him ""God."""
m419,the silence of the lambs,conv_57779,ARDELIA,CLARICE,f,f,2,8,0,0.0,0,"Phone call, Clarice. It's God. Thanks, Ardelia."
m419,the silence of the lambs,conv_57780,ARDELIA,CLARICE,f,f,2,26,1,0.0385,0,"You missed Fourth Amendment law. Unlawful seizure, real juicy stuff. Where were you all afternoon? Pleading with a crazy man, with come all over my face."
m419,the silence of the lambs,conv_57781,ARDELIA,CLARICE,f,f,3,30,1,0.0333,0,"Boy, is that smart... Why does she keep repeating the name? Somebody's coaching her... They're trying to make him see Catherine as a person - not just an object."
m419,the silence of the lambs,conv_57782,ARDELIA,CLARICE,f,f,3,23,2,0.087,0,No. He won't come after me. Why not? It would be rude. And he wouldn't get to ask any more questions...
m419,the silence of the lambs,conv_57783,ARDELIA,CLARICE,f,f,4,87,5,0.0575,0,"Clarice - you did the best anybody could have for Catherine Martin. You stuck your neck out for her and you got your butt kicked for her and you tried. It's not your fault it ended this way. The worst part - the thing that's making me crazy - is that Bill is right in front of me. Only I can't see him...  Lecter said, everything I need to catch him is right here, in these pages... Lecter said a lot of things. He's here, Ardelia."
m419,the silence of the lambs,conv_57784,ARDELIA,CLARICE,f,f,6,64,1,0.0156,0,"""Desperately random."" What does he mean? Not random at all, maybe. Like there's some pattern here...? But there is no pattern. There's no connection at all among these places, or the computers would've nailed it! They're even found in random order. Well, except for the one girl. What girl? The one that was weighted down. Where is she...? Fred something."
m419,the silence of the lambs,conv_57785,ARDELIA,CLARICE,f,f,3,32,2,0.0625,0,"Fredrica Bimmel, from Belvedere, Ohio. The first girl taken, but the third body found... Why? 'Cause she didn't drift. He weighted her down. But why? He didn't weight the others."
m419,the silence of the lambs,conv_57786,ARDELIA,CLARICE,f,f,3,8,1,0.125,1,"""- every day."" Hot damn, Clarice. He knew her...!"
m419,the silence of the lambs,conv_57787,ARDELIA,CLARICE,f,f,2,7,0,0.0,0,Agent Starling! Telephone! Agent Mapp! Thank you!
m419,the silence of the lambs,conv_57791,CATHERINE,CLARICE,f,f,9,108,2,0.0185,0,"FBI, Catherine, you're safe. Safe, SHIT, he's got a gun! Getmeout. GET ME OUT! You're all right! Where is he? Get me out! I'll get you out! Just be quiet so I can hear. Shut that dog up.  Is there a ladder? Is there a rope? I don't know! Get me out!! Catherine. Listen to me. I have to find a rope. I have to leave this room, just for a minute, but - NOOOOO! You fucking bitch don't you LEAVE ME down here, DON'T YOU - YOU Shut UP!  The other officers will be here any minute! you're perfectly safe now!"
m419,the silence of the lambs,conv_57838,CLARICE,STACY,f,f,7,136,2,0.0147,0,"They said she was just rags, like somebody - Stacy, did Fredrica ever mention a man named Jamie Gumb? Or John Grant?  Do you think she could've had a friend you didn't know about? No way. She had a guy, I'da known, believe me. Sewing was her life, she was really great at it. Poor Freddie. Did you ever work with her? Oh sure, me'n Pam Malavesi used to help her do alterations for old Mrs. Lippman. Lots of people worked for her, she had the business from all these retail stores? But she was like, totally old, it was more'n she could handle. Where does Mrs. Lippman live? I'd like to talk to her. She died. She went to Florida to retire, like two years ago? She dies own there."
m419,the silence of the lambs,conv_57839,CLARICE,STACY,f,f,5,62,0,0.0,0,"Is that a pretty good job, FBI agent? I think so. You get to travel around and stuff? I mean, better places then this? Sometimes you do. Freddie was so happy for me when I got this job. This - toaster giveaways, and Barry Manilow on the speakers all day - she thought this was really hot shit. What did she know, big dummy..."
m423,lone star,conv_58253,ATHENA,PRISCILLA,f,f,4,29,1,0.0345,0,Did you know he was going to be there last night? If I had I wouldn't have gone in. And you and Private Graves-- We were just dancing--
m423,lone star,conv_58254,ATHENA,PRISCILLA,f,f,2,30,0,0.0,0,"We're not running a dating service here. I know that, Sergeant. We were just dancing. There was a bunch of us there. Shadow just come down looking for trouble."
m423,lone star,conv_58255,ATHENA,PRISCILLA,f,f,8,60,0,0.0,0,"Private Johnson! Sergeant? Report to Dr. Innis at the clinic. I'm feeling okay-- I'm very happy to hear that, Private. Now you go put some pee-pee in a cup for Dr. Innis and I'll be feeling okay, too. You're testing me? You and one hundred nineteen other fortunate individuals. Put it in gear. Yes, Sergeant."
m423,lone star,conv_58361,MARISOL,PILAR,f,f,13,127,3,0.0236,0,"Steve called for you. Steve? Steve. Board of Education Steve who likes you? He goes for us hot-blooded Mexican girls, I can tell. Spanish, please. My mother would have a heart attack. Your mother's family is Spanish? Sure, they go back to Cortez. When he rode by, they were squatting in a hut cooking hamsters for dinner. You got to be interested in somebody. All you do is work. All my mother does is work. That's how you get to be Spanish. How 'bout the Sheriff? The Sheriff. The old-high-school-heartthrob Sheriff. I thought you were crazy about each other. He's available, you're available-- I'm unmarried. I'm not available. You told me one time it was true love."
m423,lone star,conv_58362,MERCEDES,PILAR,f,f,11,169,1,0.0059,0,"These ones coming up are getting stupider every year. Maybe you're just getting less patient. If they're going to survive here, they have to know how to work, Elalco! Adelante! Los clientes esperan! Well, you hire illegals-- Nobody is illegal in my cafe! They've got green cards, they've got relatives who were born here--if they only had a little common sense I'd be very happy. If you spent a little more time training them-- Did you come here to tell me how to run my business? No. I was wondering if you'd like to take a trip down south with us. Maybe see where you grew up-- Why would I want to go there? Oh, come on--you must be curious how it's changed. Amado is into this big Tejano roots thing and I've never been further than Ciudad Leon-- You want to see Mexicans, open your eyes and look around you. We're up to our ears in them."
m423,lone star,conv_58363,MERCEDES,PILAR,f,f,5,30,3,0.1,1,"Mami, how old were you when my father-- He was killed. Right. When he was killed. A little older than Paloma is now. How come you never got married again?"
m423,lone star,conv_58364,MERCEDES,PILAR,f,f,13,130,5,0.0385,0,"There must have been somebody. I was too busy. Nobody's too busy. Maybe now. It was different back then. I had this place, I was doing all the shopping, all the cooking. What do I need some chulo with grease under his nails to drink up the profit? Thank you. I don't mean Fernando. Mami, the first time I brought him home, those were your exact words-- ""some chulo with grease under his nails."" I never said that. You made it pretty damn clear you thought he was nobody. I felt that you could do better for yourself-- What? Become a nun? You didn't want me going out with Anglos-- I never said that. It was just that boy-- ""That boy""--Mami, say his name for chrissakes!"
m423,lone star,conv_58366,MOLLY,PILAR,f,f,4,23,5,0.2174,1,"Pilar, is uhm--is Amado okay? Okay? He's not here? No. Is he sick? He's going to wish he was dead."
m423,lone star,conv_58367,MOLLY,PILAR,f,f,3,46,0,0.0,0,"I don't think you can take it personally-- I'd like to see them spend a day pulling 14-year-olds off of each other--I should get combat pay-- I have new respect for some of my kids, meeting the parents they've been dealt--"
m423,lone star,conv_58372,PALOMA,PILAR,f,f,4,25,0,0.0,0,Not if you have half a brain in your head. Of course you can. What? It doesn't have anything to do with being smart.
m423,lone star,conv_58373,PALOMA,PILAR,f,f,4,10,0,0.0,0,Mom? Yeah? You gonna stay out here? For a while.
m423,lone star,conv_58374,PALOMA,PILAR,f,f,2,9,0,0.0,0,What's she singing about? What do you think?
m423,lone star,conv_58375,PALOMA,PILAR,f,f,4,19,0,0.0,0,She finally got in-- It's Saturday. You got in late last night. Yeah. I had uhm--school business.
m423,lone star,conv_58376,PALOMA,PILAR,f,f,8,60,0,0.0,0,"Can I get this? Nobody really wears that stuff, Paloma. I could name five girls at school who have one just like it-- Enough with the clothes-- Just 'cause you went to Catholic school and wore a uniform. I only went for my last two years. How come? Oh, my mother wanted to keep me away from away from boys."
m435,meet joe black,conv_59895,ALLISON,SUSAN,f,f,2,17,1,0.0588,0,"I'm Allison, you're 'honey'. Drew called from the AStar, they're still two minutes away."
m435,meet joe black,conv_59896,ALLISON,SUSAN,f,f,3,44,2,0.0455,0,"Hi, everybody.  Sorry to be late -- had to have dinner with my depart- ment chief -- You ate? ...I'm here, aren't I?  Wouldn't miss a loose end meeting.  What's on the table for discussion?  Party favors, flowers -- hi Dad, hi Drew --"
m435,meet joe black,conv_59897,ALLISON,SUSAN,f,f,2,15,0,0.0,0,"That's your name? And isn't it a lovely one?  So sturdy, so straight --"
m435,meet joe black,conv_59898,ALLISON,SUSAN,f,f,3,64,4,0.0625,0,"...We're never all together two nights in a row.  Maybe Christmas, Thanksgiving, that's it.  What's going on? Nothing's going on.  Maybe he doesn't want to be alone.  He's go- ing to be sixty-five in a minute -- ...I don't know, Daddy seems funny to me.  Ever since Joe showed.  It's like he dropped from the clouds..."
m435,meet joe black,conv_59899,ALLISON,SUSAN,f,f,2,9,1,0.1111,1,-- But he does seem very nice. You think so?
m435,meet joe black,conv_59900,ALLISON,SUSAN,f,f,2,8,0,0.0,0,"Look who's talking. Yeah, speak for yourself."
m435,meet joe black,conv_59901,ALLISON,SUSAN,f,f,2,10,1,0.1,1,"Dinner?  Again? Haven't you had enough of us, Dad?"
m444,moonstruck,conv_61125,LORETTA,RITA,f,f,3,15,0,0.0,0,I got things to do. Sure you do. You got all that wedding stuff. Right.
m444,moonstruck,conv_61126,LORETTA,RITA,f,f,2,16,0,0.0,0,"What's the matter? You look crazy. I got a lot on my mind, Aunt Rita."
m444,moonstruck,conv_61127,LORETTA,RITA,f,f,3,14,0,0.0,0,"Bye, Aunt Rita. Bye, bye, honey. See you tomorrow? Yeah, I'll be in."
m444,moonstruck,conv_61128,LORETTA,RITA,f,f,2,3,0,0.0,0,Hi Loretta. Hi.
m444,moonstruck,conv_61129,LORETTA,RITA,f,f,2,11,0,0.0,0,"Is there anything you want to tell us, honey? You? No."
m444,moonstruck,conv_61130,LORETTA,RITA,f,f,2,5,2,0.4,1,It's Johnny Cammareri. Johnny.
m444,moonstruck,conv_61149,LORETTA,ROSE,f,f,5,45,3,0.0667,0,"No. Good. When you love them they drive you crazy cause they know they can. But you like him? Oh yeah. He's a sweet man. I wanna have a big church wedding, Ma. And a reception. And who's gonna pay for that? Pop."
m444,moonstruck,conv_61150,LORETTA,ROSE,f,f,4,12,1,0.0833,0,Will you live here? No. Why not? Pop don't like Johnny.
m444,moonstruck,conv_61151,LORETTA,ROSE,f,f,2,14,0,0.0,0,"So we'll sell the house. I got married before, you didn't sell."
m444,moonstruck,conv_61152,LORETTA,ROSE,f,f,7,89,5,0.0562,0,"Grandma was still alive. Chiro was still home going to school. Now he's married and gone to Florida. If you and Johnny moved in, had a baby... I'm thirty-seven years old. What's thirty-seven? I had Chiro after I was thirty-seven. It ain't over till it's over. Johnny has a big apartment. We'll live there. And we'll sell the house. I'd like to stay, Ma. I love the house. But Pop don't like Johnny. No. He don't."
m444,moonstruck,conv_61153,LORETTA,ROSE,f,f,4,31,2,0.0645,0,How's the mother? She's dying. But I could still hear her big mouth. Did he tell her? Not yet. That old lady makes him sweat.  Where's that card?
m444,moonstruck,conv_61154,LORETTA,ROSE,f,f,9,60,5,0.0833,0,Hi. Where you been? I don't wanna talk about it. Just like your father. I lied to him. He thinks you came home last night. Thanks. What's the matter with you? Cosmo's cheating on me. What! How do you know? A wife knows. Then you don't know. You're just imagining it. He's too old.
m444,moonstruck,conv_61155,LORETTA,ROSE,f,f,9,45,1,0.0222,0,What the hell happened to you? Well. I don't really know where to start. Your hair's different. Everything's different. Are you drunk? No. Are you drunk? No. But I have a hangover. Where's pop? Upstairs. Johnny Cammareri showed up last night.
m444,moonstruck,conv_61156,LORETTA,ROSE,f,f,8,76,7,0.0921,0,What? He's in Sicily! No more he's not. He's with his dying mother! She recovered. WHAT!! She was dying! It was a miracle. A miracle? This is modern times! There ain't supposed to be miracles any more! I guess it ain't modern times in Sicily. He came right from the airport. He wanted to talk to you. You got a love bite on your neck. He's coming back this morning.
m444,moonstruck,conv_61157,LORETTA,ROSE,f,f,3,17,2,0.1176,1,"Do you love him, Loretta? Yeah, Ma, I love him awful. Oh God, that's too bad."
m448,mulholland dr.,conv_61556,BETTY,COCO,f,f,5,93,4,0.043,0,"I guess it was your grandfather, was it ... he called me to check in, said you were on your way and for you to call when you get in. Nice man... farmer I hear. Yes, he is. He raises corn. Damn lot of corn raised in Hollywood these days too. Well, I ... You don't have to tell me. It's written all over that pretty face of yours.. You came here to be an actress. I just hope you'll remember there's never been a great poem called ""tits and ass."""
m448,mulholland dr.,conv_61557,BETTY,COCO,f,f,4,56,0,0.0,0,"I... You probably don't remember her, but Louise Bonner lives right over there in number 29. When she isn't drunk she runs a damn good acting class. Have many famous actors and actresses lived here? I was meaning to ask you that. Honey, all the great ones came through here at one time or another."
m448,mulholland dr.,conv_61558,BETTY,COCO,f,f,2,18,0,0.0,0,"I guess I've come to quite a place. Sweetheart, you don't know the half of it."
m448,mulholland dr.,conv_61559,BETTY,COCO,f,f,3,59,1,0.0169,0,"No, I don't. That's good. They're allowed, but I don't like 'em...for obvious reasons. One man used to live here that had a prize fighting kangaroo. You wouldn't believe what that kangaroo did to this courtyard ... let's see your Aunt's apartment ... it's a good one. I can hardly wait, Coco."
m448,mulholland dr.,conv_61560,BETTY,COCO,f,f,6,107,0,0.0,0,"It's unbelievable! I told ya. Wow! Now I guess you and your Aunt have an understanding. So here's the key and you need anything, just give a holler.  Everybody in this building's pretty much okay with me or they wouldn't be here. If you want, later I'll introduce you around. No hard feelings if you don't, and don't forget the rooftop garden. It's just up the stairs we passed. It's open to all the tenants. You can see the Hollywood sign from there. Oh Coco thank you. Thank you so much. You got it! See you later honey."
m448,mulholland dr.,conv_61561,BETTY,COCO,f,f,5,81,0,0.0,0,"Your Aunt called me. I was afraid of that. She wants to know who's staying in her apartment. It's just for a night or two, until she finds her own place. I tried to explain that to Aunt Ruth, but the connection was bad and her plane was leaving and she got it all mixed up. I kept telling her it was my friend and she kept saying she didn't know any Ritas ... Sweetie, look at me straight."
m448,mulholland dr.,conv_61562,BETTY,COCO,f,f,3,34,0,0.0,0,Coco...she's very nice. We went to school together. So I guess your Grandpa and Grandma know her. Not really. I met her in junior college and she was from this other town.
m448,mulholland dr.,conv_61563,BETTY,COCO,f,f,2,41,0,0.0,0,"You're really something Coco...thank you. Don't make me out to be a sucker. Louise Bonner says there's trouble in there. You remember last night. Sometimes she's wrong, but if there is trouble - get rid of it."
m448,mulholland dr.,conv_61564,BETTY,COCO,f,f,7,109,6,0.055,0,"Sorry to trouble you, Coco. It's all right gorgeous. Something wrong? No, no. I'm on my way to my audition. Before I go I wanted to ask you if you could remember the man's name ... Aunt Ruthie's friend who helped put this together. It completely went out of my mind. His name's Wally Brown .... great guy. Been in the business since forever. Thanks Coco. It'd be so embarrassing Naw! He wouldn't have cared. Just give him a good performance and he'll be happy and I've got a feeling you'll do just that. Thanks Coco. I'll let you know."
m448,mulholland dr.,conv_61565,BETTY,COCO,f,f,3,15,0,0.0,0,"Get going. You don't want to be late. Right. See ya. Good luck, honey!"
m448,mulholland dr.,conv_61581,BETTY,RITA,f,f,6,150,0,0.0,0,"No ..........I. I...I mean......I...it's none of my business. She has pretty red hair... she is very kind I think. She sure is. She's letting me stay here while she's working on a movie that's being made in Canada, but I guess you know that.  I couldn't afford a place like this in a million years. Unless of course I'm discovered and become a movie star. Of course, I'd rather be known as a great actress than a movie star, but sometimes people end up being both and that is, I guess you'd say, sort of why I came here. I'm sorry, I'm just so excited to be here..I mean I just came here from Iowa and now I'm in this dream place. You can imagine how I feel. I think I've been hurt. Oh..."
m448,mulholland dr.,conv_61582,BETTY,RITA,f,f,6,44,0,0.0,0,"No. But, this could be serious. No...I need to sleep. If you have a concussion you shouldn't sleep. It will be okay if I sleep. I need to lie down and sleep. All right, but...I'm going to check on you."
m448,mulholland dr.,conv_61583,BETTY,RITA,f,f,2,22,0,0.0,0,What is it Rita? I'm...I'm... oh no... I thought when I woke up... I thought sleep would do it ...
m448,mulholland dr.,conv_61584,BETTY,RITA,f,f,4,35,0,0.0,0,What's wrong? I don't know who I am. What do you mean? You're Rita. I'm not. I don't know what my name is. I don't know who I am!!
m448,mulholland dr.,conv_61585,BETTY,RITA,f,f,5,83,0,0.0,0,"Well...  what do you think about then? I mean...  well what do you think about? What do you mean? Well ... if you don't remember anything, I mean what goes through your mind then if you don't remember anything? Nothing. I do remember the car crash... I told you... I remember the glass ... I think about that sometimes ... I remember walking here, sort of. Now I remember this place and you. That's about it. How do you remember how to talk?"
m448,mulholland dr.,conv_61586,BETTY,RITA,f,f,3,33,0,0.0,0,I don't know. You don't remember anything else? No  There is something...something there I can't tell... I can't describe it.  There are things there.... but I'm... here.
m448,mulholland dr.,conv_61587,BETTY,RITA,f,f,3,27,0,0.0,0,"The money. You don't know where it came from? Unh, unh. When you think about them... the money... the key ... does it make you remember anything?"
m448,mulholland dr.,conv_61588,BETTY,RITA,f,f,6,48,0,0.0,0,Mulholland Drive. Mulholland Drive? That's where I was going... Mulholland Drive. Maybe that's where the accident was. There must be a police report. We could call. No.... I don't... We could call anonymously from a pay phone... just to see if there was an accident.
m448,mulholland dr.,conv_61589,BETTY,RITA,f,f,4,27,0,0.0,0,Okay... but just...just to see. Just to see if there was an accident on Mulholland Drive. Okay. Come on... let's find you something to wear.
m448,mulholland dr.,conv_61590,BETTY,RITA,f,f,2,8,0,0.0,0,There's nothing? Not that I can see.
m448,mulholland dr.,conv_61591,BETTY,RITA,f,f,2,9,0,0.0,0,No. Just the coffee. We'll take our check.
m448,mulholland dr.,conv_61592,BETTY,RITA,f,f,3,13,0,0.0,0,Strange to be calling yourself. Maybe it's not me. Call the number.
m448,mulholland dr.,conv_61593,BETTY,RITA,f,f,3,37,0,0.0,0,It's not my voice ... but I know her. Maybe the voice isn't Diane Selwyn. Maybe that's your roommate or if it is Diane Selwyn she can tell you who you are. Maybe...maybe ... maybe.
m448,mulholland dr.,conv_61594,BETTY,RITA,f,f,3,33,0,0.0,0,What's wrong with that? I'm not sure about this. I know you're afraid of something. We'll be careful. Tomorrow we'll go over there and we'll find out.
m448,mulholland dr.,conv_61595,BETTY,RITA,f,f,2,14,0,0.0,0,"""You're still here?"" ""I came back. I thought that's what you wanted."""
m448,mulholland dr.,conv_61596,BETTY,RITA,f,f,5,26,1,0.0385,0,"""Really?"" ""My parents are right upstairs! They think you've left..."" ""So... surprise""... ""I can call them... I can call my dad... "" ""But you won't..."""
m448,mulholland dr.,conv_61597,BETTY,RITA,f,f,6,96,4,0.0417,0,"""You're playing a dangerous game here. If you're trying to blackmail me... it's not going to work."" ""You know what I want...it's not that difficult."" ""Get out! Get out before I call my dad ... he trusts you ... your his best friend. This will be the end of everything... "" ""What about you? What will your dad think about you?"" ""Stop! Just Stop! That's what you said from the beginning. If I tell what happened... they'll arrest you and put you in jail, so get out of here before..."" ""Before what?"""
m448,mulholland dr.,conv_61598,BETTY,RITA,f,f,2,11,0,0.0,0,"""Before I kill you."" ""Then they'd put you in jail."""
m448,mulholland dr.,conv_61599,BETTY,RITA,f,f,3,40,0,0.0,0,"Oh, no wonder I'm starving. I'm going to fix a sandwich. You want one? I'm all right. You've got to eat something. You're just nervous about going over to see if you're Diane Selwyn."
m448,mulholland dr.,conv_61600,BETTY,RITA,f,f,2,24,0,0.0,0,"Is everything all right? Is it bad for you that I'm here? Everything is A-okay, but I've gotta get that sandwich!"
m448,mulholland dr.,conv_61601,BETTY,RITA,f,f,4,34,0,0.0,0,"I hope I'm back in a couple of hours. Don't drink all the coke. Good luck! When I get back I'll have the cab waiting, so be ready to go. Okay."
m448,mulholland dr.,conv_61602,BETTY,RITA,f,f,3,72,1,0.0139,0,"Why didn't you ask him? Sol knows you! But I don't know, Sol. I never heard of Sol. I'd just get in trouble. That's why we shouldn't go see about Diane Selwyn... it's better not to get in trouble. You're not going to get in trouble. You're going to find out who you are. Finding out who you are gets you out of trouble."
m448,mulholland dr.,conv_61603,BETTY,RITA,f,f,6,30,1,0.0333,0,"Don't stop! What is it? What do you see?! Those men in front, in the car. Do you know them?! No... but... Keep going. Go around to the back."
m448,mulholland dr.,conv_61604,BETTY,RITA,f,f,3,16,0,0.0,0,I don't think... C'mon help me in. I'll open the front door. No.
m448,mulholland dr.,conv_61605,BETTY,RITA,f,f,3,24,0,0.0,0,"Rita... I know what you're doing. What ... I..HAVE... to do. I know what you have to do, but let me do it."
m448,mulholland dr.,conv_61606,BETTY,RITA,f,f,5,94,0,0.0,0,"Rita... I want you to stay here and you don't have to give me that money. But I want to. No. We shouldn't touch that money. We don't know about that money. That might be dangerous money. You have to start all over again. You look like a brand new person and you can be a brand new person... whoever you want to be. It sounds kind of nice ... being somebody brand new. Hey, let's introduce the brand new you to Hollywood. We haven't seen the roof garden yet."
m451,my girl,conv_62026,SHELLY,VADA,f,f,3,11,0,0.0,0,Is that your camper? Yes it is. That's really cool.
m451,my girl,conv_62027,SHELLY,VADA,f,f,2,4,0,0.0,0,She's shy. Oh.
m451,my girl,conv_62028,SHELLY,VADA,f,f,2,5,0,0.0,0,Who's winning? I am.
m451,my girl,conv_62029,SHELLY,VADA,f,f,2,33,0,0.0,0,"You know Vada, you shouldn't let those girls upset you. I'm not upset. I will never play with those girls. I only surround myself with people who I find intellectually stimulating."
m451,my girl,conv_62030,SHELLY,VADA,f,f,2,6,1,0.1667,1,He's allergic to everything. Chocolate?
m451,my girl,conv_62031,SHELLY,VADA,f,f,2,21,0,0.0,0,"Ooh, that's a pretty ring you're wearing. It's a mood ring, it tells what mood I'm in."
m451,my girl,conv_62032,SHELLY,VADA,f,f,2,19,0,0.0,0,"Maybe black means you're happy? I don't think so.  Shelly, how can I get thirty five dollars?"
m451,my girl,conv_62033,SHELLY,VADA,f,f,4,33,3,0.0909,0,"Shut your big fat mouth! I think you'd make a fine writer, did you ask your Dad? He won't give it to me. Well you don't know that. Ask him."
m451,my girl,conv_62034,SHELLY,VADA,f,f,3,13,0,0.0,0,"Vada? VADA?? What happened?? My ball, I lost my ball. Come on sweetie."
m451,my girl,conv_62035,SHELLY,VADA,f,f,3,16,0,0.0,0,Hi. Can we look around in your camper? Sure. I'll give you the royal tour.
m451,my girl,conv_62036,SHELLY,VADA,f,f,4,13,1,0.0769,0,"Big Ringo fan. Ohh, right. Would you like a soda? I would. Thomas?"
m451,my girl,conv_62037,SHELLY,VADA,f,f,4,16,0,0.0,0,"Did you read ALL these books? Uh huh. What are they about? Mostly love, and romance."
m451,my girl,conv_62038,SHELLY,VADA,f,f,4,30,0,0.0,0,"Are you married? No, I'm divorced. Daddy said it's bad when people get divorced. Well, sometimes married people just find out they can't live with each other."
m451,my girl,conv_62039,SHELLY,VADA,f,f,5,33,0,0.0,0,"Bye. Well Miss Vada, what d'you say we head back? Can I use your bathroom first? Sure. You don't have to wait, daddy'll be mad if you're late. Okay."
m451,my girl,conv_62040,SHELLY,VADA,f,f,8,43,0,0.0,0,"Are you going out somewhere? No. So how come you're putting lipstick on? A girl's always gotta look her best. I think lipstick looks fake, no-ones lips are that color. Have you ever tried any? No. Come here, sit down."
m451,my girl,conv_62041,SHELLY,VADA,f,f,6,109,0,0.0,0,"Shelly, do you think I'm pretty? Yes, Vada I think you're very pretty. You've got these great big sparkling eyes, the cutest little nose, an amazing mouth. The boys at school don't think I am. They'll come around. Close your eyes, I wanna bring out the gorgeous color in them. The first rule in applying eye makeup, is you can never wear enough blue eye shadow. Do you like putting makeup on people? Uh huh, i've been trying to get out to Hollywood for years to do makeup for all the stars, I haven't gotten there yet.  All right, open your eyes."
m451,my girl,conv_62042,SHELLY,VADA,f,f,2,10,0,0.0,0,"Ssshhhhh, I don't want them to see me. Aarrggh."
m451,my girl,conv_62043,SHELLY,VADA,f,f,2,10,0,0.0,0,"Hey, I thought I recognized you two, hi Vada. Hi."
m451,my girl,conv_62044,SHELLY,VADA,f,f,3,9,0,0.0,0,"Hey Shelly, like seafood? Uh huh, why? See food!"
m451,my girl,conv_62045,SHELLY,VADA,f,f,3,29,0,0.0,0,"I like my name. This is Danny and Ralph, they own the Dino Raphael salon in Detroit.  We used to be married. Are you here to take Shelly back?"
m451,my girl,conv_62046,SHELLY,VADA,f,f,3,100,0,0.0,0,"I don't think that that roller coaster agreed with your bad stomach. You know Vada you have to watch what you eat here, I remember one time I went to a carnival with my cousins David and Frank, and they both ate hot dogs, and the next day they came down with nephritis. Nephritis? It's a kidney disease, you don't get it from hot dogs. Well, I'm no doctor. All I know is, the next day they had really high fevers, and their faces got very fat. They baffled medical science, they were in a magazine."
m451,my girl,conv_62047,SHELLY,VADA,f,f,2,6,0,0.0,0,"I won, I won!!! Oh great!!"
m451,my girl,conv_62048,SHELLY,VADA,f,f,2,30,1,0.0333,0,"Vada? Would you like us to get you another goldfish? NO!, He's fine.  Fish are very resilient animals you know. Don't worry, I won't get another fish."
m451,my girl,conv_62049,SHELLY,VADA,f,f,2,2,0,0.0,0,NO! Yes!!
m451,my girl,conv_62050,SHELLY,VADA,f,f,7,37,1,0.027,0,"Daddy??!?!?! Vada, Vada, what's the matter? Where's Daddy? Well he just left, what's wrong? I'm hemorrhaging. What do you mean you're hemorrhaging? I don't want, I don't need your help...."
m451,my girl,conv_62051,SHELLY,VADA,f,f,3,23,0,0.0,0,"How old are you? I'm eleven and a half. It's okay, come on upstairs, we have to have a little talk."
m451,my girl,conv_62052,SHELLY,VADA,f,f,4,36,0,0.0,0,"My Mommy and Daddy did THAT? It's actually a very beautiful thing, and look there wouldn't have been a Vada. I think it should be outlawed. Believe me, some day, you'll feel differently."
m451,my girl,conv_62053,SHELLY,VADA,f,f,5,50,0,0.0,0,"It's okay sweetheart. I'll pay it back, besides, I don't think i'll ever go to class again. I'll tell you what, you dedicate your first book to me, and we'll forget about the whole thing. I will I promise. Okay, get in to bed."
m451,my girl,conv_62054,SHELLY,VADA,f,f,2,2,0,0.0,0,Goodnight. Goodnight.
m453,nashville,conv_62361,LINNEA,OPAL,f,f,18,166,6,0.0361,0,"Have your children been deaf since birth? Yes -- yes, they have. It was a real shock at first, especially since my daddy's a preacher, but Delbert and I have been blessed by their being here. When did you start singing? When I was little, in church. Isn't it unusual for you to be working with a black choir? Yes, it is -- Well, can you tell me why? It just is. How long have you been with them? About three years. And before? Just my church and my boys. We all had to go to school and learn hand talking. I just thank the Lord they can see. Do you ever do any writing? No, I don't. Are you a close friend of Haven's? No, mostly his wife's. She's in Paris, France, right now. My husband Delbert is real friendly with him. Delbert's in law. Does work for him. Do you like him? He's a member of our congregation."
m458,never been kissed,conv_62767,ALDYS,JOSIE,f,f,4,65,2,0.0308,0,"Guy Perkins and his amazing Lemmings. They push your car out of its space, hide it, then watch while you look for it. We've taken to chaining ours together for safety. I'm Aldys. I'm Josie. Aldys is an interesting name. When it's not yours. My mom was going through her Harlequin Romance phase. Try being named after a guitar- playing pussycat."
m458,never been kissed,conv_62768,ALDYS,JOSIE,f,f,2,32,0,0.0,0,"Never mind.  That is so awful that they hide your cars. guess. Although, what is truly awful is that with the combined intellectual effort of every kid in that room right now-"
m458,never been kissed,conv_62769,ALDYS,JOSIE,f,f,4,30,0,0.0,0,"What? Well, do you? Synecdoche uses a part to represent a whole- as in "" head of cattle"", whereas a hyperbole is simple exaggeration like ""I could eat a horse."" Nice."
m458,never been kissed,conv_62770,ALDYS,JOSIE,f,f,3,41,2,0.0488,0,How long will they watch us for? Until Guy tells them to go. Once they watched me for like two hours. I found my car the next day in the T.J. Maxx parking lot. Why do they listen to Guy?
m458,never been kissed,conv_62771,ALDYS,JOSIE,f,f,2,24,2,0.0833,0,": Because he's Guy Perkins.  Listen, you want to walk to Na- Na's and get something to eat? Yeah. Let's do that."
m458,never been kissed,conv_62772,ALDYS,JOSIE,f,f,2,25,1,0.04,0,"Yeah - isn't it amazing that those guys are our same age? I mean, they just seem so much younger, you know. Oh I know."
m458,never been kissed,conv_62773,ALDYS,JOSIE,f,f,2,37,0,0.0,0,I'm going to be so happy to get to college. I hear at Northwestern they don't make fun of you for knowing the element table. Hey--I went to Northwestern!  Once. To use the bathroom.
m458,never been kissed,conv_62774,ALDYS,JOSIE,f,f,2,20,0,0.0,0,"So what are your hopes, your dreams, what do you want to be? Professor of medieval literature. Novelist. Weekend flautist."
m458,never been kissed,conv_62775,ALDYS,JOSIE,f,f,3,15,0,0.0,0,"Just so you know, I think they recalled these cars in 1974. Thanks. Sure. No problem."
m458,never been kissed,conv_62776,ALDYS,JOSIE,f,f,5,98,1,0.0102,0,"Hey, Josie, how are you at Calculus? Petty good. How would you like to join The Denominators? The Math Team could really use a new brain. We lost our best logarithm guy last year. College? NASA.  Plus we have these really fun pizza study groups, and we go to-these all county meets. And, I mean, not that you need it, and without sounding too much like the Godfather, I think we could offer you a certain amount of protection"", if you know what I mean. We all kind of stick together and watch out for each other."
m458,never been kissed,conv_62777,ALDYS,JOSIE,f,f,4,83,0,0.0,0,"What is with this school and prom? Southglen South competes every year for best prom, and usually they win. We Denominators don't even go to prom. -But to everyone else it's huge. Aldys, don't miss your prom--it only happens once. This one has been so hyped. We're tied for most wins with Northglen North. This year's winner will determine the winner of the century. The theme is everything. So whatever Southglen picks has to be totally unique--"
m458,never been kissed,conv_62778,ALDYS,JOSIE,f,f,2,25,1,0.04,0,"What's that? That's the old drive-in. They call it ""The Court"". Now it's just a continuous party for Guy's group."
m458,never been kissed,conv_62779,ALDYS,JOSIE,f,f,3,46,0,0.0,0,"Sometimes I wonder what they talk about. Yeah, I know. I mean, what if they just stupid to hide the fact that they're actually brainiacs with super powers and they're plotting to take over the world and make my life hell until I die?"
m458,never been kissed,conv_62780,ALDYS,JOSIE,f,f,6,49,0,0.0,0,"Have you ever wanted to go to The Court? Are you kidding, Josie? It's lame. All they do is stand around and get drunk. It's lame. It is? Yes, it's lame. Yeah, it sounds lame. Why would we want to go there, and stand around? Exactly."
m458,never been kissed,conv_62781,ALDYS,JOSIE,f,f,3,24,0,0.0,0,"Hey, where's your sweatshirt?  uhh, must have forgotten- No biggie. I have an extra in my locker. I'll get it for you."
m458,never been kissed,conv_62782,ALDYS,JOSIE,f,f,3,24,1,0.0417,0,"Remember, that poet that we liked  the reading he's doing at Big Cup? I got us tickets. Right. 7:30. I'm late for lab."
m458,never been kissed,conv_62783,ALDYS,JOSIE,f,f,3,31,0,0.0,0,"What? Last night. 7:30. Big Cup. I kept calling you, but I only got your machine. I don't even know your parents line and I was really worried. Oh. I forgot."
m458,never been kissed,conv_62784,ALDYS,JOSIE,f,f,2,25,1,0.04,0,"It's romantic, what you're doing, and they want to be a part of it. Well I'm so glad that you guys are."
m458,never been kissed,conv_62793,ANITA,JOSIE,f,f,5,53,1,0.0189,0,"Guess who I did it with last night... Roger in Op/Ed. Who told! You did. Yesterday you said, and I quote, ""I have a date with Roger from Op/Ed tonight and I'm going to do it with him."" Well, that doesn't mean it was going to happen for sure."
m458,never been kissed,conv_62794,ANITA,JOSIE,f,f,2,26,0,0.0,0,"Intra office. And they're not dating. They're having sex. And what is your policy? That if you're not getting any, no one can?"
m458,never been kissed,conv_62795,ANITA,JOSIE,f,f,3,23,0,0.0,0,Okay. Remember when they took your office chair in for repairs and forgot to return it? Yeah. You stood for like a month.
m458,never been kissed,conv_62796,ANITA,JOSIE,f,f,6,65,2,0.0308,0,"Forget it. I swear to God, Jos. When is the last time you went on a real live date? I'm concentrating on my career right now. Do you own any colored underwear? Stripes? Anything?! Anita! Look. You're way under 30, you're cute, some guys find white Carter's underwear sexy  If you talk to his nose, you don't even notice the eye."
m458,never been kissed,conv_62797,ANITA,JOSIE,f,f,3,41,2,0.0488,0,"The right guy is out there. I'm just not going to kiss a whole bunch of losers to get to him. Yeah, but sometimes kissing the losers can be a fun diversion. When I finally get kissed, I'll know."
m458,never been kissed,conv_62798,ANITA,JOSIE,f,f,2,29,3,0.1034,1,"Okay. If you've never kissed a guy, we got bigger problems than the underwear. I've kissed guys. I've just never kissed a guy. Felt that thing--"
m458,never been kissed,conv_62799,ANITA,JOSIE,f,f,2,15,0,0.0,0,"My own undercover feature - ""Written by Josie Geller"". Jos - Maybe you should turn it down."
m458,never been kissed,conv_62800,ANITA,JOSIE,f,f,2,51,2,0.0392,0,"You don't think I can do it. No - It's just a lot of pressure for your first piece, that's all. I mean, it's not a half-page article, it's a major undercover piece, Jos. Look what Rigfort did to Dutton - and that guy's his cousin!"
m458,never been kissed,conv_62801,ANITA,JOSIE,f,f,3,50,1,0.02,0,"Okay, just so I'm clear here -- neither of you think I can do this. Jos, that's not what we're -- Anita, when you wanted to seduce the guy in the mailroom and you didn't think you could learn Spanish fast enough, who quizzed you on your verbs?"
m458,never been kissed,conv_62802,ANITA,JOSIE,f,f,2,17,1,0.0588,0,"Senorita Josie. And Gus - when you picked up knitting, who showed you how to hold the needles?"
m458,never been kissed,conv_62803,ANITA,JOSIE,f,f,7,87,1,0.0115,0,"So, you were a geek. Big deal. Anita, remember espadrilles? Please. That doesn't make you a nerd. Everyone wore those shoes. The girls threw them at me in the locker room. Okay. That's bad. At the end of the yeat the person who got the most direct his to my head got to toss me into the pool. Mama mia.  Just because you were a nerd once doesn't mean it's going to happen again. That's why you have me for fashion consultation."
m458,never been kissed,conv_62804,ANITA,JOSIE,f,f,6,40,1,0.025,0,"Now this is cute. That is lingerie. So I was thinking about what you were saying - y'know, about really being kissed? I think Roger could be the one. What'd you feel when you kissed him? Bridgework? Very romantic."
m458,never been kissed,conv_62805,ANITA,JOSIE,f,f,2,16,0,0.0,0,"How about this? I am not letting you out of the house in that, young lady."
m458,never been kissed,conv_62806,ANITA,JOSIE,f,f,5,47,0,0.0,0,"Cuuuute! 'Nita, this is about reporting, not accessorizing. And we're going to have to do something about your hair. Anita! Jos, please try and have some fun here, okay? How many of us get to go back to high school? You're gonna have a blast!"
m458,never been kissed,conv_62807,ANITA,JOSIE,f,f,2,1,0,0.0,0,Hi!
m458,never been kissed,conv_62808,ANITA,JOSIE,f,f,4,35,1,0.0286,0,"Josie! Josie, how'd it go? Did he ream you? Yeah, but I'm okay. I've got some work to do. You need my help? No, thanks--I'm doing this on my own."
m458,never been kissed,conv_62809,ANITA,JOSIE,f,f,2,17,0,0.0,0,Wow. It's packed. It's great! They're behind you. They feel like they know you.
m458,never been kissed,conv_62817,GIBBY,JOSIE,f,f,2,23,0,0.0,0,That'll teach me to wear white after Labor Day. Umm- I don't think you're supposed to wear white jeans after 1983.
m458,never been kissed,conv_62818,GIBBY,JOSIE,f,f,2,20,0,0.0,0,"I think it's pronounced gauche. Yeah it's French. There's no accent aigue, so the e is soft."
m458,never been kissed,conv_62819,GIBBY,JOSIE,f,f,3,9,0,0.0,0,"Josie, you have totally transitioned. Transitioned? You crossed over."
m458,never been kissed,conv_62820,GIBBY,JOSIE,f,f,2,8,1,0.125,1,: Wait. Do you know any gay guys? Why?
m458,never been kissed,conv_62821,GIBBY,JOSIE,f,f,3,14,2,0.1429,1,He is totally crunching on you. Do I want to be crunched? By Guy?
m458,never been kissed,conv_62822,GIBBY,JOSIE,f,f,2,10,0,0.0,0,Hey Josie- who did Archie date Betty or Veronica? Betty.
m458,never been kissed,conv_62823,GIBBY,JOSIE,f,f,2,17,0,0.0,0,"Don't tell me... You're Medieval Barbie. Rosalind and Orlando.  From ""As You Like It""?  Shakespeare?"
m458,never been kissed,conv_62892,JOSIE,SHEILA,f,f,7,36,3,0.0833,0,Yes. What? Billy Prince is asking you to prom. Why? I don't know. The poem! I knew he liked the poem!  Billy Prince is asking me to the prom. That's what I'm saying.
m461,a nightmare on elm street 3: dream warriors,conv_63024,ELAINE,NANCY,f,f,14,148,0,0.0,0,"Mrs. Parker, was Kristen acting different? Did you notice anything strange before she made the attempt? Kristen specializes in strangeness.  I've spent thousands on psychiatirists. Did she always have nightmares? They've gotten worse since I took away her credit cards. I'm serious. Look, Miss Thompson, I don't know what you want from me. Just some answers.  There are other kids involved, its not just Kristen.  All good kids, smark kids. I'm sorry to hear that, but you're the experts on this, not me.  If I had any insights, believe me, I'd share them with you. I'm sure you would. Now if you'll excuse me, I have to get to the club. I'll need to take her things. The maid packed a suitcase.  Teresa!  Teresa? I'll get it.  Please, I don't mind. First door up the stairs."
m461,a nightmare on elm street 3: dream warriors,conv_63025,ELAINE,KRISTEN,f,f,9,93,1,0.0108,0,"Are you crazy?  You'll wake the whole neighborhood! Hi Mom. Don't ""hi Mom"" me.  What are you still doing up?  It's past one! I thought I'd wait for you. Well, I'm home now, so you can go right to sleep.  C'mon, angel. It's okay, I'm not tired.  Really. Kristen, don't start with me.  You know what your shrink said... He's full of shit. I am not going to let you get me into an argument, goddamn it.  Not tonight.  Now get in bed."
m461,a nightmare on elm street 3: dream warriors,conv_63026,ELAINE,KRISTEN,f,f,2,15,1,0.0667,0,And you don't want to keep him waiting. That's right.  I don't.
m461,a nightmare on elm street 3: dream warriors,conv_63027,ELAINE,KRISTEN,f,f,5,40,0,0.0,0,"Honey, you'll wake the whole neighborhood! Mom? What are you still doing up?  It's past one. I thought I'd wait for you. Well, I'm home now, so you can go right to sleep.  C'mon, angel."
m461,a nightmare on elm street 3: dream warriors,conv_63028,ELAINE,KRISTEN,f,f,2,7,0,0.0,0,What? I had such an awful dream.
m461,a nightmare on elm street 3: dream warriors,conv_63029,ELAINE,KRISTEN,f,f,3,23,0,0.0,0,Can we talk?  Just for a minute? Can't it wait till morning? Please Mom?  I just don't want to be alone.
m461,a nightmare on elm street 3: dream warriors,conv_63042,KRISTEN,NANCY,f,f,2,12,0,0.0,0,"You pulled me in somehow, didn't you? I -- I think so!"
m461,a nightmare on elm street 3: dream warriors,conv_63043,KRISTEN,NANCY,f,f,2,32,0,0.0,0,I used to live in this house. But...it's just a house I've dreamed about.  I dream about it all the time.  Thank you for what you did last night.
m461,a nightmare on elm street 3: dream warriors,conv_63044,KRISTEN,NANCY,f,f,4,92,4,0.0435,0,"Have you ever done that before?  Pulled someone into your dream? When I was a little girl.  Three or four. If I had a nightmare, I'd bring my Dad in. The dream would always get better.  He always used to tell me about it the next day -- he used to think they were his dreams. NANCY When did it stop? When I was still a kid.  My folks got divorced.  After a while, I thought I'd imagined the whole thing.  I guess I didn't. It's an amazing gift."
m461,a nightmare on elm street 3: dream warriors,conv_63045,KRISTEN,NANCY,f,f,2,14,4,0.2857,1,That man in my dreams.  He's real isn't he? He's real.
m461,a nightmare on elm street 3: dream warriors,conv_63046,KRISTEN,NANCY,f,f,2,8,0,0.0,0,Nancy?  Would you sit with me awhile? Sure.
m461,a nightmare on elm street 3: dream warriors,conv_63047,KRISTEN,NANCY,f,f,4,35,0,0.0,0,"You like gymnastics? I was on the team at school.  I was never very good, though. We're not always as good at things as we'd like. Yeah, but I was really not good."
m461,a nightmare on elm street 3: dream warriors,conv_63048,KRISTEN,NANCY,f,f,4,43,0,0.0,0,I haven't been able to do that since I was a little girl. You did it the other night. That was different. You never lose a gift like that.  You just forget how to use it.  How about it?  Will you try?
m461,a nightmare on elm street 3: dream warriors,conv_63049,KRISTEN,NANCY,f,f,2,7,1,0.1429,1,Freddy? He's heavy in the halls...
m461,a nightmare on elm street 3: dream warriors,conv_63050,KRISTEN,NANCY,f,f,2,13,2,0.1538,1,"Joey needs us.  I can feel him. How do we find him, Kristen?"
m461,a nightmare on elm street 3: dream warriors,conv_63051,KRISTEN,NANCY,f,f,2,7,0,0.0,0,What's that? I don't know.
m461,a nightmare on elm street 3: dream warriors,conv_63052,KRISTEN,NANCY,f,f,2,10,2,0.2,1,Nancy! He's too strong!  He was never this strong!
m461,a nightmare on elm street 3: dream warriors,conv_63053,KRISTEN,NANCY,f,f,3,22,0,0.0,0,"Kristen, can you pull us out? They sedated me.  We're stuck here till it wears off. Let's try this way."
m461,a nightmare on elm street 3: dream warriors,conv_63054,KRISTEN,NANCY,f,f,2,6,0,0.0,0,Are you okay? I think so.
m461,a nightmare on elm street 3: dream warriors,conv_63055,KRISTEN,NANCY,f,f,2,22,2,0.0909,0,"He's gone.  It's over.  Please don't die, Nancy.  Please. I'm so proud of you all.  Tell Neil I..."
m461,a nightmare on elm street 3: dream warriors,conv_63091,NANCY,TARYN,f,f,3,36,0,0.0,0,"I'm Taryn White.  I only came here because it was a better deal than juvie hall.  Also, I guess 'cause I'm going through some very stange shit. Your dreams? Hey, everybody has bad dreams."
m461,a nightmare on elm street 3: dream warriors,conv_63092,NANCY,TARYN,f,f,2,45,8,0.1778,1,"Who is he? Freddy Krueger.  He was a child murderer before he died.  After he died, he became ...something worse.  Six years ago Freddy killed my friends. He almost killed me.  I thought I got rid of him -- but I guess he was too strong."
m461,a nightmare on elm street 3: dream warriors,conv_63093,NANCY,TARYN,f,f,2,15,0,0.0,0,"What'd you do, take the scenic route? Sshhh.  No time for that.  Come on."
m461,a nightmare on elm street 3: dream warriors,conv_63094,NANCY,TARYN,f,f,3,18,0,0.0,0,"Okay, straight talk only in here. What about Kristen? We can't get to her.  I've tried."
m462,notting hill,conv_63117,ANNA,BELLA,f,f,2,10,0,0.0,0,Hi. Hi.  Good Lord -- you're the spitting image of...
m462,notting hill,conv_63118,ANNA,BELLA,f,f,2,19,0,0.0,0,"I wonder if you could tell me where the...? Oh, it's just down the corridor on the right."
m462,notting hill,conv_63119,ANNA,BELLA,f,f,3,14,0,0.0,0,What do you think of the guinea fowl? I'm a vegetarian. Oh God.
m462,notting hill,conv_63120,ANNA,BELLA,f,f,2,21,1,0.0476,0,Lovely to meet you. And you.  I'll wait till you've gone before I tell him you're a vegetarian.
m467,out of sight,conv_63889,ADELE,KAREN,f,f,2,19,1,0.0526,0,You were <i>both</i> in the trunk?  Together? From Glades to the turnpike.  Then I left with Glenn.
m467,out of sight,conv_63890,ADELE,KAREN,f,f,4,45,2,0.0444,0,"The FBI didn't tell you I was with them? They didn't <i>tell</i> me anything, they asked questions. But you know what I'm talking about, don't you?  About Glenn, don't you, and the second car? I know a Glenn."
m467,out of sight,conv_63891,ADELE,KAREN,f,f,2,27,0,0.0,0,"I'm getting ready to go out.  You can come in if you want, sit down for a minute.  Would you like a Diet Coke? No, thanks."
m467,out of sight,conv_63892,ADELE,KAREN,f,f,3,33,6,0.1818,1,"He didn't hurt you or anything, did he? You mean, did he try to jump me?  No, but he was kind of talkative. He gets that way when he's nervous sometimes."
m467,out of sight,conv_63893,ADELE,KAREN,f,f,12,205,25,0.122,1,"You didn't visit him in prison. He didn't want me to. Why not? I don't know.  He was different after he was sentenced, looking at thirty years.  Said it depressed him every time the younger cons called him an old timer. But you spoke to him on the phone. He'd call every once in a while. He called the day he escaped. He did?  I don't remember.  Did he say about me?  In the trunk? He said he wished the two of you could start over, live a normal life. Huh.  Problem is, Jack's idea of a normal life is robbing banks.  It's all he's ever done. Did you know that when you married him? He said he was a card player.  I could live with that.  I never knew he robbed banks till he got busted with that car that caught fire -- if you can imagine something like that happening, comes out of the bank and the car's on fire. I did go see him in jail to tell him I was filing for divorce.  He said, ""Okay.""  Jack's so easy going.  He was fun, but never what you'd call a real husband."
m467,out of sight,conv_63894,ADELE,KAREN,f,f,2,33,2,0.0606,0,"I'll say one thing for Jack, he was never ugly or mean, or drank too much. He was very considerate, lights on or off, if you know what I mean. Really.  Hm."
m467,out of sight,conv_63895,ADELE,KAREN,f,f,2,50,9,0.18,1,"Adele, sooner or later, he's gonna get caught.  I'd like to get him before he does something else, makes it worse on himself. Buddy'll take care of him.  Keep him out've trouble.  He's Jack's conscience. Always has been.  He tell you how they met?"
m467,out of sight,conv_63896,ADELE,KAREN,f,f,4,153,12,0.0784,0,"Jack came out of a bank he just robbed in Pasadena, couldn't get his stolen car to start.  Battery was dead.  He looks over, sees Buddy sitting in a burgundy Bonneville, goes up, offers him a thousand dollars for a jump. Turns out, Buddy was casing the same bank and saw the whole thing.  Buddy says, I'll take the thousand, but we're leaving in my car, not that piece of shit you come in.  They musta robbed fifty banks together. Till they got busted. That wasn't Jack's fault.  No, that was on account of Buddy, for some reason, decided to call his sister and confess to a job <u>before</u> they'd done it instead of after.  She called the FBI and they both went down, ended up at Lompoc.  I think Buddy felt kinda bad about that. Any idea where I could find Buddy?  Or Glenn?"
m467,out of sight,conv_63897,ADELE,KAREN,f,f,2,7,2,0.2857,1,Ask him his name. Who are you?
m467,out of sight,conv_63898,ADELE,KAREN,f,f,2,5,0,0.0,0,You're good. Thank you.
m467,out of sight,conv_64084,KAREN,MOSELLE,f,f,4,28,3,0.1071,1,"Moselle Miller? What do you want? I'm looking for Maurice. You find him, tell him the dog got run over and I'm out of grocery money."
m467,out of sight,conv_64085,KAREN,MOSELLE,f,f,2,15,3,0.2,1,"That's not Maurice? That's Kenneth, my brother.  He's talking on the phone."
m467,out of sight,conv_64086,KAREN,MOSELLE,f,f,2,6,0,0.0,0,You like to sit down? Thanks.
m467,out of sight,conv_64087,KAREN,MOSELLE,f,f,5,33,3,0.0909,0,"I'm looking for a friend of mine I think Maurice knows. You not with probation, one of those? No. You a lawyer? No, I'm not.  Maybe you know him. Glenn Michaels?"
m467,out of sight,conv_64088,KAREN,MOSELLE,f,f,8,72,9,0.125,1,"Glenn?  No, I don't know any Glenn. He said he stayed here last November. Here?  In this house? He said he stayed with Maurice. Well, <i>he</i> ain't even here that much.  I like to know where he goes, but at the same time I don't <i>want</i> to know, you understand? Your dog was killed? Got run over by a car. What did you call it?"
m467,out of sight,conv_64089,KAREN,MOSELLE,f,f,4,47,3,0.0638,0,"Was a she, name Tuffy. Where do you think I might find Maurice? I don't know -- the gym, the fights. I <i>know</i> he don't miss the fights.  Having some tomorrow night at the State Theater.  He use to take me. The State Theater?"
m468,pearl harbor,conv_64128,BARBARA,BETTY,f,f,3,30,0,0.0,0,Do you have trouble with your boobs in the uniform? You mean hiding them? Hide them?  On a date with pilots?  I'm talking about how you make them show!
m468,pearl harbor,conv_64129,BARBARA,BETTY,f,f,2,29,0,0.0,0,"We'll ask Evelyn.  Evelyn?  Evelyn! Ooo, she's thinking of her date!  Come on, you've been dating a pilot.  We want to know what we can expect."
m468,pearl harbor,conv_64130,BARBARA,BETTY,f,f,3,34,2,0.0588,0,"Now listen, it's hands off Billy.  I mean, you can put your hands on him if you want to, but then my hands will break yours. He was that good? No, I was."
m468,pearl harbor,conv_64131,BARBARA,BETTY,f,f,2,14,1,0.0714,0,"I wish she could forget him. You don't forget love, Honey.  Not ever."
m469,peggy sue got married,conv_64232,BETH,PEGGY,f,f,2,22,0,0.0,0,Where were you? You said you'd be back at twelve. This is my old friend Carol.. I told you about her.
m469,peggy sue got married,conv_64233,BETH,PEGGY,f,f,3,60,0,0.0,0,r was worried about you  You didn't even call. You're always on my case if I don't call.. How do you like my hair? It looks great. Don't change the subject. You know how busy Saturdays are. And I can't do the icing. I always mess up the roses. You're not being very responsible.
m469,peggy sue got married,conv_64234,BETH,PEGGY,f,f,3,55,5,0.0909,0,But I want you and Scott to understand.  Do you think he loves Janet? Maybe he's smashed too many fortune cookies. Come on Mom. Give him a break. He's missing the reunion because of you. You know he wants to go. Then we'd both have a miserable time. What do you think?
m469,peggy sue got married,conv_64235,BETH,PEGGY,f,f,4,79,2,0.0253,0,"Hey, you're a hip chick. You look like you stepped right out of Life magazine. Any time you want to borrow it again, just ask. Borrow?! This was my dress.  Maybe it's a mistake. What if I'm the only one? I don't even want to go. Everybody's just going to say...  Hi.. Where's Crazy Charlie? Mom, lots of people are separated and divorced. Not from the guy with the lowest prices in town."
m469,peggy sue got married,conv_64236,BETH,PEGGY,f,f,3,32,0,0.0,0,I feel ridiculous. Maybe I should go home and change. Why are you so nervous? What is the matter with you today? I don't know. Reunions do funny things to people.
m469,peggy sue got married,conv_64237,CAROL,PEGGY,f,f,2,3,0,0.0,0,Carol! Peggy Sue!
m469,peggy sue got married,conv_64238,CAROL,PEGGY,f,f,2,23,0,0.0,0,1 just did it for the reunion. I thought it would be fun. You're probably the only one who could carry it off.
m469,peggy sue got married,conv_64239,CAROL,PEGGY,f,f,5,73,3,0.0411,0,"Welcome to the singles scene. I don't know how you do it. I've never even dated anybody but Charlie. You just have to remember... men are like houses and trade upwards... I thought you had a pretty good marriage. We did for a long time. We just got married too young, and ended up blaming each other for missing out on things. So he started having affairs, and you got depressed."
m469,peggy sue got married,conv_64240,CAROL,PEGGY,f,f,5,98,0,0.0,0,"You should have left here years ago, like I did. It's not the place. I don't buy that.  Trapped in the same town forever. The price she would pay for her teenage lust. After you got knocked up, my mother didn't want me to talk to you. She thought it was contagious. Oh, it's not so bad. I have two wonderful kids, my own business.  Still, knowing what I know now, if I had the chance to do it all over again, I'd sure do things a lot differently. Wouldn't we all."
m469,peggy sue got married,conv_64241,CAROL,PEGGY,f,f,3,25,1,0.04,0,"Hi, Peggy. God, that Walter Getz	can still dance. Your first boyfriend. What do you think? Any sparks left? Who knows. Remember...  Whatever Walter wants..."
m469,peggy sue got married,conv_64242,CAROL,PEGGY,f,f,2,8,1,0.125,1,"The only one? Well, besides Charlie, of course."
m469,peggy sue got married,conv_64243,CAROL,PEGGY,f,f,3,19,0,0.0,0,They're waiting. Come on. I can't. It's all too much. Go on. You can do it.
m469,peggy sue got married,conv_64244,CAROL,PEGGY,f,f,3,18,0,0.0,0,"Where is it? Were taking you back to the nurse. Maddy, what did you do to your hair?"
m469,peggy sue got married,conv_64245,CAROL,PEGGY,f,f,2,18,0,0.0,0,We're going to take you home. That's okay. I'm sure I'll remember the way.
m469,peggy sue got married,conv_64246,CAROL,PEGGY,f,f,2,11,0,0.0,0,I'll call you Later. Yes. Let's stay in touch.
m469,peggy sue got married,conv_64247,CAROL,PEGGY,f,f,2,17,0,0.0,0,I don't get it. That's because you' re not a total moron like they are.
m469,peggy sue got married,conv_64248,CAROL,PEGGY,f,f,3,29,5,0.1724,1,"He is kind of cute, isn't he? Yeah. You're so lucky. He really loves you, too. He's always telling Walter how wonderful you are. He does?"
m469,peggy sue got married,conv_64249,CAROL,PEGGY,f,f,2,8,0,0.0,0,All right. What's the scoop? On what?
m469,peggy sue got married,conv_64250,CAROL,PEGGY,f,f,4,31,1,0.0323,0,"Did you memorize the whole book or only the good parts? Just what you underlined. You're kidding...? Carol, you have beautiful hair. Come on. What's with you and Michael?"
m469,peggy sue got married,conv_64251,CAROL,PEGGY,f,f,2,10,1,0.1,1,I bet Dolores told Charlie. That loudmouthed little bitch~
m469,peggy sue got married,conv_64252,CAROL,PEGGY,f,f,2,21,0,0.0,0,Okay. But let's have a girls night soon. Maybe a pajama party. Aren't we a little old for that?
m469,peggy sue got married,conv_64253,CAROL,PEGGY,f,f,7,92,5,0.0543,0,"What's the matter? It's that jerk Walter. What happened? After Charlie told Walter that he broke up with you because he wanted to play the field, Walter decided he should do the same thing. Welcome to the singles' scene. What a I going to do for the rest of my life? I don't have a boyfriend anymore. Look, Carol, maybe Walter's done you a big favor. You always said you wanted to get out of town. Go for it. And be happy, goddamnit, I'm rooting for you."
m469,peggy sue got married,conv_64254,CAROL,MADDY,f,f,2,8,2,0.25,1,Lucky lady. Hi. Michael Fitzsimmons! Is he here?
m469,peggy sue got married,conv_64255,CAROL,MADDY,f,f,2,16,1,0.0625,0,Can you believe I want to marry that dork. Why do guys do such stupid things?
m469,peggy sue got married,conv_64256,CAROL,MADDY,f,f,2,16,1,0.0625,0,Charlie really has a great voice. Maybe they'll be the next Dion and the Belmonts.
m469,peggy sue got married,conv_64257,CAROL,MADDY,f,f,3,45,0,0.0,0,"I hear she does more than talk with her mouth. That's disgusting! ) Oh, Maddy, grow up. It says in LOVE WITHOUT FEAR that ""the tongue kiss as a means of genital stimulation is widely practiced and has much to commend it"". Page eightysix."
m469,peggy sue got married,conv_64258,CAROL,MADDY,f,f,2,12,1,0.0833,0,Peggy Sue! You better watch out for her. She's after Charlie.
m469,peggy sue got married,conv_64259,CAROL,MADDY,f,f,2,20,0,0.0,0,Don't be silly. It's Saturday. Date night! Yeah. I've gotta go. Arthur's picking me up soon.
m469,peggy sue got married,conv_64316,ELIZABETH,PEGGY,f,f,2,32,0,0.0,0,"Fine.  ) Grandma, would you teach me how to make strudel? That's a day's work. But if that's what you want, maybe we can do it tomorrow for your birthday."
m469,peggy sue got married,conv_64317,ELIZABETH,PEGGY,f,f,3,32,0,0.0,0,"You know, Peggy Sue, your mother said you had a dream that I died. I wish she hadn't. I'm not afraid. I know exactly when I'm going to die."
m469,peggy sue got married,conv_64318,ELIZABETH,PEGGY,f,f,4,85,0,0.0,0,"If you believe it, darling, then I believe. Being young can be just as confusing as being old. The things that happened to me fifty years ago are more on my mind than what happened yesterday. But I'm remembering the future. Right now you're just browsing through time. Choose the things you'll be proud of. The things that Last. My children make me happy. I miss them so much.  Beth. Scott and Beth.  I'm going to name my daughter after you."
m469,peggy sue got married,conv_64319,ELIZABETH,PEGGY,f,f,2,40,1,0.025,0,"It was my idea, Grandma. I always wondered what went on at those lodge meetings. He won't tell me, but I've got my suspicions. And I don't want any of that. Don't keep her out late."
m469,peggy sue got married,conv_64320,MADDY,PEGGY,f,f,2,14,0,0.0,0,It was Beth's idea. I wish I had the nerve. And the figure.
m469,peggy sue got married,conv_64321,MADDY,PEGGY,f,f,2,14,1,0.0714,0,Beth's boyfriend is playing in the band. It must run in the family.
m469,peggy sue got married,conv_64322,MADDY,PEGGY,f,f,2,12,0,0.0,0,"Don't get your hopes up. Come on, where's your enthusiasm?"
m469,peggy sue got married,conv_64323,MADDY,PEGGY,f,f,2,33,1,0.0303,0,How come we're your best friends and we had to find out about you and Michael Fitzsimmons from Dolores? She's unbelievable. Who needs satellites when we've got Dolores's mouth?
m469,peggy sue got married,conv_64324,MADDY,PEGGY,f,f,2,29,5,0.1724,1,"Yeah. He's so cool and mysterious. He's very interesting. For all his pretending to be a tough guy, he's really got the soul of a poet."
m469,peggy sue got married,conv_64325,MADDY,PEGGY,f,f,3,103,7,0.068,0,"Cool it kids. He's free to see other girls, if he wants. But I always thought that you would marry Charlie, Carol would marry Walter, and I would marry Arthur. We'd all live on the same street and take our kids to the park together and have barbecues every Sunday. It'll spoil everything if you and Charlie break up. That Michael doesn't look like the barbecue type. I'm not going to marry him. I just went out with him once.  I know! Why don't we go to the movies tonight. Just us girls. It'll be fun."
m469,peggy sue got married,conv_64356,MRS. KELCHER,PEGGY,f,f,2,11,0,0.0,0,Mom! The nurse called and said you'd be coming home.
m469,peggy sue got married,conv_64357,MRS. KELCHER,PEGGY,f,f,5,22,0,0.0,0,I have a note. How do you feel? I'm excused. Why don't you go lie down for a while. Mom!
m469,peggy sue got married,conv_64358,MRS. KELCHER,PEGGY,f,f,3,20,0,0.0,0,"Chanel Number Five. That always reminds me of home. Of course, dear. You're home now. I'm home now."
m469,peggy sue got married,conv_64359,MRS. KELCHER,PEGGY,f,f,2,20,0,0.0,0,"My little baby. Don't try to grow up so fast. Oh Mom, I forgot you were ever so young."
m469,peggy sue got married,conv_64360,MRS. KELCHER,PEGGY,f,f,2,23,0,0.0,0,What happened to your hair? You have such a pretty face. Why are you always trying to cover it up? Oh. I forgot.
m469,peggy sue got married,conv_64361,MRS. KELCHER,PEGGY,f,f,2,47,1,0.0213,0,"You're looking pretty chipper this morning. I'm still here, aren't I? I may as well enjoy myself. I'm going to go to school today.  Dad, I want to apologize for yesterday. The car is a classic. Use it in the best of health."
m469,peggy sue got married,conv_64362,MRS. KELCHER,PEGGY,f,f,2,14,0,0.0,0,When did you start drinking coffee? Oh.	Ah...recently. All the kids drink it.
m469,peggy sue got married,conv_64363,MRS. KELCHER,PEGGY,f,f,5,27,2,0.0741,0,Oh yeah. Charlie. How am I going to handle him? What's the matter? Did you two have a fight?. Sort of. What about? The house payments.
m469,peggy sue got married,conv_64364,MRS. KELCHER,PEGGY,f,f,3,59,3,0.0508,0,"Who was that man? It was nobody. Ah... he's a poll, taker. I'm thinking of voting Democrat this year. But don't mention it to your father. How was school today? It was great to see everybody again. But it's so boring and regimented. Most of what they teach is useless. The worst thing was lunch."
m469,peggy sue got married,conv_64365,MRS. KELCHER,PEGGY,f,f,2,8,0,0.0,0,"Would you get that, dear? Sure, Mom.  Hello."
m469,peggy sue got married,conv_64366,MRS. KELCHER,PEGGY,f,f,2,22,0,0.0,0,"Peggy! What's the matter? Who is it? It's Grandma. I can't talk to her now.  I'm sorry, Grandma."
m469,peggy sue got married,conv_64367,MRS. KELCHER,PEGGY,f,f,8,125,4,0.032,0,"What happened to you? I had a dream that Grandma died. Well, she is getting on, but she's fine. I told her you weren't feeling well yesterday. She called to find out how you are. She did? I love her so much, and I haven't seen her in such a long time. And Grandpa Barney. Is he all, right? Yes, he's fine, too. You saw them at Easter. I'm sorry, Mom. I'll call Grandma back and apologize. That's a good girl... I hate to see you so upset.  Tell me, sweetheart. Are you having problems with Charlie? You mentioned something this morning. I'm confused about a lot of things right now. Charlie's only one of them."
m469,peggy sue got married,conv_64368,MRS. KELCHER,PEGGY,f,f,3,31,1,0.0323,0,"Is Charlie pressuring you to do things you don't think you should be doing? What do you mean? Peggy, do you know what a penis is?  Stay away from it."
m469,peggy sue got married,conv_64369,MRS. KELCHER,PEGGY,f,f,5,37,1,0.027,0,"Charlie's downstairs. Why aren't you ready? For what? Maddy's party. I don't feel very festive. You accepted an invitation, Maddy's one of your best friends, and I baked the Rice Krispie squares."
m469,peggy sue got married,conv_64370,MRS. KELCHER,PEGGY,f,f,2,13,0,0.0,0,Where have you been? I went for a drive. Up in the hills.
m469,peggy sue got married,conv_64371,MRS. KELCHER,PEGGY,f,f,2,9,0,0.0,0,"I'm not the maid! Way to go, Mom!"
m469,peggy sue got married,conv_64372,MRS. KELCHER,PEGGY,f,f,2,17,0,0.0,0,Would they go over my girdle or under? Instead of a girdle. And light as a feather.
m469,peggy sue got married,conv_64373,MRS. KELCHER,PEGGY,f,f,2,19,0,0.0,0,Isn't that awfully forward? We've got to move fast. This is an idea whose time has come.
m469,peggy sue got married,conv_64374,MRS. KELCHER,PEGGY,f,f,2,57,0,0.0,0,"You know, dear, I think the pantyhose is a wonderful idea, but the next time you come up with something, please don't stay out all night. Just tell us. We'll believe you. Mom, how about a machine that's like your blender, only it slices vegetables, kneads dough, chops meat and even make fresh pasta?"
m469,peggy sue got married,conv_64375,MRS. KELCHER,PEGGY,f,f,5,87,5,0.0575,0,"No, just a friend of mine. I don't think he Likes JellO. What does Charlie think about that? You know Mom, it's okay to have male friends. Besides, it's over with me and Charlie. What? When did it happen? Your dad and I always expected you two to get married. Yeah, I know Peggy Sue gets married. Case closed. Period. Mom, if you could live your life over again, would you do the same thing? Get married and settle down after high school?"
m469,peggy sue got married,conv_64376,MRS. KELCHER,PEGGY,f,f,2,34,3,0.0882,0,"Sheerotards. Catchy name, isn't it? Like leotards. He's a liar! He has no such thing! It's my own fault. I should have had it patented first. He's a crook, damnit."
m469,peggy sue got married,conv_64377,NANCY,PEGGY,f,f,7,84,0,0.0,0,"What are you doing? I'm just happy to see you. Come on! Mom said you were sick. You're never happy to see me. I'm sorry about that. I really want us to be closer. I have enough unresolved relationships in my... life. Teenagers are weird. And you're the weirdest. Let's do something together.. Do you want to play Monopoly? Or Careers... Clue... Snakes and Ladders? Okay, what do you want? What dumb favor do you want me to do?"
m469,peggy sue got married,conv_64378,NANCY,PEGGY,f,f,5,50,3,0.06,0,It's unbelievable. The man never ages. Look at Kenny Rossi. Isn't he dreamy? I wish he'd break up with Arlene. She thinks she's so great. Don't eat the red ones. Why not? They're my favorite. They're bad for you. They cause...red lips.
m469,peggy sue got married,conv_64379,NANCY,PEGGY,f,f,2,19,0,0.0,0,"And the butter. You know, you two are wonderful parents. I'm really going to try to behave myself."
m469,peggy sue got married,conv_64380,NANCY,PEGGY,f,f,2,35,0,0.0,0,"Mom, sit down for a minute. This is so nice, all of us being together again like this. Can I tell Diane that Peggy Sue got drunk or is that a deep family secret?  Well?"
m469,peggy sue got married,conv_64381,NANCY,PEGGY,f,f,2,18,2,0.1111,1,"You think this'll cheer Dad up? Of course, he'll love it. You're a terrific artist."
m469,peggy sue got married,conv_64382,PEGGY,ROSALIE,f,f,2,6,0,0.0,0,I remember that dress. Rosalie Testa!
m469,peggy sue got married,conv_64383,PEGGY,ROSALIE,f,f,2,26,0,0.0,0,"I remember when you got that locket, too. You were so excited I think you showed it to the whole school. You have an incredible memory."
m469,peggy sue got married,conv_64384,PEGGY,ROSALIE,f,f,9,124,0,0.0,0,"What's up? I think you should give up diving. It's dangerous. Don't be silly, I'm the best in the county. I know you are, but you have to stop. I couldn't tell you before, I didn't know if I should. But you have to stop before you hurt yourself. I spend three hours a day practicing. I have trainers, I know what I'm doing. But accidents can happen. Not to me they don't. I'm going to win the State, then the. Nationals, and then I'm going to the Olympics. Rosalie, please, listen to me! You have to stop. You're sick. You should go to the nurse. I'm going to tell Miss Dennis."
m471,philadelphia,conv_64566,ANTHEA,BELINDA,f,f,2,38,3,0.0789,0,"He was losing weight. He looked kind of tired sometimes. But he was working so hard... Still, I felt something was wrong.  And I can't believe <u>they're</u> saying they didn't notice anything. Objection."
m471,philadelphia,conv_64567,ANTHEA,BELINDA,f,f,5,26,0,0.0,0,Miss Burton? Do you still work at Wyant Wheeler? Yes. Were you recently promoted? Yes. I'm now in charge of the paralegal department. Thank you.
m479,pretty woman,conv_65397,BRIDGET,VIVIAN,f,f,6,89,0,0.0,0,"Georgia. No wonder.  For starts, you should know that hot pants are <u>horrid</u>, even when you do have the legs to carry them off.  What are your plans while you're in town? Well... I might be going out to dinner. You'll want a cocktail dress then.  Turn.  You have a beautiful figure.  A little too out in the open but simply lovely.  Size six? Do you need shoes? I dunno.  Do thigh high, leather boots go with a cocktail dress? Philip!  We'll need shoes!"
m479,pretty woman,conv_65398,BRIDGET,VIVIAN,f,f,3,15,3,0.2,1,"Your uncle will like this. He's not really my uncle. They never are, dear."
m479,pretty woman,conv_65517,KIT,VIVIAN,f,f,2,16,0,0.0,0,"You spent it on drugs, didn't you? Hi, Viv.  Carlos, you know my roommate, Viv."
m479,pretty woman,conv_65518,KIT,VIVIAN,f,f,2,11,0,0.0,0,Carlos had some great rock. I bet.  That was our rent!
m479,pretty woman,conv_65519,KIT,VIVIAN,f,f,2,32,0,0.0,0,"We worked for that money.  We were gonna put together enough to get out of that dump we live in, get off this street. Viv... don't be stupid.  We're whores."
m479,pretty woman,conv_65520,KIT,VIVIAN,f,f,6,70,0,0.0,0,"I just saw somebody pulled out of a dumpster.  I wonder how much she made tonight? Don't be mad at me.  I'll pay you back.  I promise. I thought you were giving up that drug shit. I will.  I'm trying.  Meanwhile I got some crack left, you wanna get high? No, let's go to work.  Okay? Okay.  I'm sorry I said your dream was stupid."
m479,pretty woman,conv_65521,KIT,VIVIAN,f,f,3,22,0,0.0,0,Looks slow tonight. Maybe we should get a pimp. Carlos likes you and -- Forget it.  We work for it.  We keep it.
m479,pretty woman,conv_65522,KIT,VIVIAN,f,f,4,46,1,0.0217,0,"I can't handle this tonight. I'm going home. That crack is burning a hole in your pocket.  There isn't even milk in the fridge.  The rent's due.  Now come on -- Hey, hey -- There's a rent. He's not gonna want us."
m479,pretty woman,conv_65523,KIT,VIVIAN,f,f,5,86,4,0.0465,0,"'Lo. Kit!  Where've you been? I was asleep.  You woke me.  You okay? Kit, listen, the guy last night, the one in the Ferrari, I'm at this hotel, the Regent Beverly Wilshire, it's this absolutely unbelievable place and he's hired me for a whole week and Kit, listen, he's paying me three thousand bucks!  We can get out of the apartment.  We can get out of this town.  We can do anything!  Kit?  Hey, you there? Why'd he want you?"
m479,pretty woman,conv_65524,KIT,VIVIAN,f,f,8,117,4,0.0342,0,"He... he just does. I'm sorry, Viv'.  Carlos has been on my back.  Did you get the money up front like I taught ya'? Three hundred for last night and he gave me extra to buy some clothes.  Now listen, I'm gonna leave an envelope for you at the front desk. Give me two hundred to the scum bucket and the other hundred to that asshole landlord for part of the rent.  Spend it on drugs and I'll pull your hair out. I'm getting dressed now.  I'll be over.  Bye. Hey Kit, where do I go for the clothes?  Good stuff on <u>him</u>. In Beverly Hills? Yeah. Baby!  Rodeo Drive."
m479,pretty woman,conv_65525,KIT,VIVIAN,f,f,6,43,1,0.0233,0,"Yes, I'm glad you're clean but I've been calling and calling. Was that you? Who did you think? Carlos.  I still owe him two hundred bucks... Kit, I left that money for you days ago. Yeah.  I just got it."
m479,pretty woman,conv_65526,KIT,VIVIAN,f,f,6,67,0,0.0,0,"Kit... Everybody keeps starin' at me. Yeah... I know what you mean. What do you know?  You look <u>good</u>. All dressed up.  You clean up real nice.  You sure don't fit in down on the Boulevard, lookin' like you do.  Not that you ever did anyway. You think I fit here where they just about chew your food for you? Where do you fit?"
m479,pretty woman,conv_65527,KIT,VIVIAN,f,f,12,106,5,0.0472,0,"I kissed him, Kit.  On the mouth. Honey, you're not supposed to do that. I know.  I stopped pretending and started liking it with him for real. Oh, my god, you mean it was good? It was great. Dummy. He wants to set me up in a place, give me some money. I pray for that. All I'm doing is feeling lousy about it.  I don't know what to do.  What do I do, Kit? Go for the bucks. I don't care about bucks.  I might love this guy. Wow, are you in deep shit.  You know he'll break your heart."
m479,pretty woman,conv_65528,KIT,VIVIAN,f,f,5,67,0,0.0,0,"So whatta' you going to do in San Francisco? Get a job and probably go back to school.  Figure out what I'm gonna be. What kind of school? School, school.  Regular.  I used to get pretty good grades in school, you know. So did I.  I made it with the principal.  Study hard And get a ""B.""  Lift your dress and an ""A"" you'll see."
m479,pretty woman,conv_65529,KIT,VIVIAN,f,f,2,8,0,0.0,0,Want a pair of boots? Do I!?  Momma!
m479,pretty woman,conv_65530,KIT,VIVIAN,f,f,2,16,0,0.0,0,You sure you won't come with me? And leave all this?  Not in a million.
m479,pretty woman,conv_65531,KIT,VIVIAN,f,f,6,71,0,0.0,0,"Couple a hours. Yeah.  Well... I gotta split. Goodbye's make me crazy. Cool your jets a second.  Here's some money. No.  You took care of rent, that's enough. I want to.  For food, got it? Eat something before the wind blows you away. I'm gonna pay you back next time I see ya, babe.  Just wait, I'm gonna do something real nice for you some day."
m479,pretty woman,conv_65545,SALESWOMAN,VIVIAN,f,f,2,9,0,0.0,0,"May I help you? I'm just looking, thanks."
m479,pretty woman,conv_65546,SALESWOMAN,VIVIAN,f,f,3,11,0,0.0,0,Are you looking for something in particular? Yes.  Something... conservative. Yes...
m479,pretty woman,conv_65547,SALESWOMAN,VIVIAN,f,f,4,34,0,0.0,0,You have beautiful things.  How much is this? I don't think it would fit you. I didn't ask if it would fit. I asked how much it was. It's very expensive.
m479,pretty woman,conv_65548,SALESWOMAN,VIVIAN,f,f,4,31,0,0.0,0,What is with you? Excuse me? I'm going to spend <u>money</u>. I don't think we have anything for you here.  You're obviously in the wrong place.
m479,pretty woman,conv_65549,SALESWOMAN,VIVIAN,f,f,2,9,0,0.0,0,Would you like to try it on? 'Scume me.
m479,pretty woman,conv_65550,SALESWOMAN,VIVIAN,f,f,4,17,0,0.0,0,"Yes? Do you remember me? No, I'm sorry, I don't. I was in here yesterday."
m482,psycho,conv_65827,CAROLINE,MARY,f,f,4,85,5,0.0588,0,"Isn't Mr. Lowery back from lunch? He's lunching with the man who's buying the Harris Street property, you know, that oil lease man...  so that's why he's late.  You getting a headache? It'll pass. Headaches are like resolutions... you forget them soon as they stop hurting. You got aspirins? I have something... not aspirins, but  my mother's doctor gave these to me the day of my wedding.  Teddy was furious when he found out I'd taken tranquilizers!"
m482,psycho,conv_65828,CAROLINE,MARY,f,f,2,41,0,0.0,0,"Were there any calls? Teddy called.  Me... And my mother called to see if Teddy called. Oh, and your sister called to say she's going to Tucson to do some buying and she'll be gone the whole weekend and..."
m482,psycho,conv_65829,CAROLINE,MARY,f,f,2,21,0,0.0,0,Aren't you going to take the pills?  They'll knock that headache out. I don't need pills... just sleep.
m484,vampyr,conv_65960,THE DRAWING-ROOM,THE SICK-ROOM,f,f,7,277,18,0.065,0,"By the time we return there, all the preparations for the blood transfusion are completed. Joseph returns from the room where Gisèle is. He has evidently succeeded in calming her. He goes and sits in the chair where Nikolas sat. He rests his head in his hand. He sees the open diary and begins reading it. The blood transfusion is now in progress. The only words are curt orders like: 'Now! - Quickly! - That's enough! - Give it to me! - Sit still!' etc. Joseph is reading the diary, which arouses his interest more and more. It is as if he finds a connection between what he reads and the fearful events that have taken place around him. An extract from the diary is shown. The blood transfusion continues. Marc has positioned himself outside the circle of light from the lamp, so that he can see Nikolas in bright light, while he himself sits in the dark. Nikolas watches Léone's face anxiously and closely during her struggle with death. Life slowly seems to return to her, and her breathing becomes more peaceful. She opens her eyes and looks at the people round her, but she is much too enfeebled to speak, and closes her eyes again. Marc keeps a close watch on Nikolas, who grows paler and paler. His eyes swivel slowly from Nikolas to the patient and back to Nikolas again. Another fragment of the diary is shown [having to do with vampires]. The blood transfusion is completed. While Marc himself is looking after the patient, the nurse leads Nikolas into an adjoining room, where she makes him sit down and prepares his bandage. The doctor stands bending over Léone."
m493,romeo and juliet,conv_66828,JULIET,NURSE,f,f,2,17,0,0.0,0,"I bade her come. God forbid! Juliet! Juliet! Juliet! Madam, I am here. What is your will?"
m493,romeo and juliet,conv_66829,JULIET,NURSE,f,f,6,104,1,0.0096,0,"Juliet! Three words, dear Romeo, and good night indeed. If that thy bent of love be honourable, Thy purpose marriage, send me word to-morrow, By one that I'll procure to come to thee, Where and what time thou wilt perform the rite; And all my fortunes at thy foot I'll lay And follow thee my lord throughout the world. [Within] Juliet! I uh, by and by I come--But if thou mean'st not well, I do beseech thee-- [Within] Juliet! By and by, I come: -- To cease thy strief, and leave me to my grief: To-morrow will I send."
m493,romeo and juliet,conv_66830,JULIET,NURSE,f,f,16,278,11,0.0396,0,"O honey nurse, what news? Nurse? I am a-weary, give me leave awhile: Fie, how my bones ache! what a jaunt have I! I would thou hadst my bones, and I thy news: I pray thee, speak. What haste? can you not stay awhile? Do you not see that I am out of breath? How art thou out of breath, when thou hast breath To say to me that thou art out of breath? Is the news good, or bad? answer to that; Well, you have made a simple choice; you know not how to choose a man: Romeo! no, not he; though his face be better than any man's, yet his leg excels all men's; and for a hand, and a foot, and a body, But all this did I know before. What says he of our marriage? what of that? Lord, how my head aches! what a head have I! O, my back! Other' other side,--O, my back. I' faith, I am sorry that thou art not well. Sweet, sweet, sweet nurse, tell me, what says my love? Your love says, like an honest gentleman, and a courteous, and a kind, and a handsome, and, I warrant, a virtuous,--Where is your mother? Where is my mother! How oddly thou repliest! Your love says, like an honest gentleman, Where is your mother?' O lady dear! Are you so hot? Henceforward do your messages yourself. Here's such a coil! Come, what says Romeo? Have you got leave to go to confession to-day? I have. Then hie you hence to Father Laurence' cell; There stays a husband to make you a wife"
m493,romeo and juliet,conv_66831,JULIET,NURSE,f,f,6,102,5,0.049,0,"Faith, here it is. I think it best you marry with this Paris. O, he's a lovely gentleman. I think you are happy in this second match, for it excels your first; or if it did not, your first is dead--or 'twere as good he were as living here and you no use to him. Speakest thou from thy heart? And from my soul too. Else beshrew them both. Amen What? Well, thou hast comforted me marvelous much. Go in and tell my lady I am gone, having displeased my father to Father Lawrence to make confession and be absolved."
m493,romeo and juliet,conv_66839,LADY CAPULET,NURSE,f,f,9,181,11,0.0608,0,"Nurse, give leave awhile, We must talk in secret. Nurse, come back again; I have remember'd me, thou's hear our counsel. Nurse, Thou know'st my daughter's of a pretty age. Thou wast the prettiest babe that e'er I nursed. By my count, I was your mother much upon these years, You are now a maid. Thus then in brief: The valiant Paris seeks you for his love. A man, young lady! Lady, such a man As all the world- -why, he's a man of wax. Verona's summer hath not such a flower. Nay, he's a flower; in faith, a very flower. This night you shall behold him at our feast; Read o'er the volume of young Paris' face, And find delight writ there with beauty's pen; This precious book of love, this unbound lover, To beautify him, only lacks a cover: So shall you share all that he doth possess, By having him, making yourself no less. Nay, bigger; women grow by men. Speak briefly, can you like of Paris' love?"
m493,romeo and juliet,conv_66840,LADY CAPULET,NURSE,f,f,2,14,0,0.0,0,"Go! We follow thee. Juliet, Blah! Go, girl, seek happy nights to happy days."
m499,sleepless in seattle,conv_67589,ANNIE,BECKY,f,f,3,11,0,0.0,0,You should write something about this. About what? Whatever it is.
m499,sleepless in seattle,conv_67590,ANNIE,BECKY,f,f,2,21,0,0.0,0,"It's not true, but it feels true. There's practically a whole book about how that statistic is not true --"
m499,sleepless in seattle,conv_67591,ANNIE,BECKY,f,f,4,17,0,0.0,0,What was that about up there? What was what? What's with you? Nothing's with me.
m499,sleepless in seattle,conv_67592,ANNIE,BECKY,f,f,6,62,5,0.0806,0,"""Sleepless in Seattle""? That's what she called him on the show.  Because he can't sleep. And now 2,000 women want his number.  The guy could be a crackhead, a psychopath, a flasher, a junkie, a transvestite, a chain-saw murderer, or someone really sick, like Rick. Actually, he sounded nice. Oh? Oh, really? Now we're getting down to it. Not."
m499,sleepless in seattle,conv_67593,ANNIE,BECKY,f,f,6,78,1,0.0128,0,"You're a basket case. They knew it.  Time, distance, nothing could separate them. Because they knew.  It was right.  It was real.  It was... ... movie.  That's your problem.  You don't want to be in love.  You want to be in love in a movie.  Read it to me. ""Dear Sleepless and Son..."" It sounds like the name of a mattress store -- ""I am not the sort of person who listens to call-in radio shows"" --"
m499,sleepless in seattle,conv_67594,ANNIE,BECKY,f,f,10,153,5,0.0327,0,"And this woman is a writer! That's what everyone writes at the beginning of letters to strangers. I know that.  You think I don't know that? ""I know that's a dumb way to begin, but it's the only way I can think of to convey what happened to me the other night when I heard the two of you on the radio.  On the other hand, maybe I'm just losing my mind."" You are.  You're losing your mind.  What about Walter? I'm going to marry Walter.  I just have to get this out of my system. Right. I should say something in this about magic. What? I don't know.  I mean, what if I never meet him? What if this man is my destiny and I never meet him? Your destiny can be your doom. Look at me and Rick. ""I want to meet you..."""
m499,sleepless in seattle,conv_67595,ANNIE,BECKY,f,f,2,28,1,0.0357,0,"""On top of the Empire State Building at sunset on Valentine's Day."" Good.  Perfect.  I'll be in New York with Walter, I can squeeze it in."
m499,sleepless in seattle,conv_67596,ANNIE,BECKY,f,f,10,116,10,0.0862,0,"You want to hear about destiny? If my husband hadn't gone on a diet, which caused me to leave him, I would never have been on that flight to Miami, and met Rick, and ended up having sex in the bathroom of a 727 with that nob you slide that says ""vacant-occupied, vacant- occupied, vacant-occupied"" -- You never told me you left your husband because he went on a diet. He lost all the weight... there. That's impossible.  A guy can't -- Can too. No. Yes. And then you left him? He lost weight there and you left him? Plus he fell in love with a temp. Listen to this, I love this part --"
m499,sleepless in seattle,conv_67597,ANNIE,BECKY,f,f,4,33,1,0.0303,0,Men never get this movie. I know. Do you think at the end of the movie when she's in the wheelchair they can still do it? I always wondered about that too.
m499,sleepless in seattle,conv_67598,ANNIE,BECKY,f,f,4,23,0,0.0,0,"Hello. Turn on your radio! What? The kid is on.  You've got me listening to this garbage. Go on, turn it on."
m499,sleepless in seattle,conv_67599,ANNIE,BECKY,f,f,3,26,0,0.0,0,I thought I would look into doing a story about those radio shows. You'd probably have to go somewhere to really look into it. Definitely.
m499,sleepless in seattle,conv_67600,ANNIE,BECKY,f,f,2,15,1,0.0667,0,Did you talk to him? I couldn't do it.  How did I get here?
m499,sleepless in seattle,conv_67601,ANNIE,BECKY,f,f,10,55,1,0.0182,0,"You told a lie and got on a plane. That's not what I mean.  I'm going back over there tomorrow and talk to him.  I am. Okay.  Good.  Goodbye. Becky? What? Is this crazy? No.  That's the weirdest part about it. Thank you.  I love you. I love you, too. Good night."
m499,sleepless in seattle,conv_67602,ANNIE,BECKY,f,f,6,47,2,0.0426,0,"You were standing in the middle of the street? You know that dream where you're walking down the street naked and everyone is looking at you? I love that dream. That was nothing compared to this humiliation, nothing. But he saw you, right? He said hello."
m499,sleepless in seattle,conv_67603,ANNIE,BECKY,f,f,2,38,0,0.0,0,"It's a sign -- It's a sign I've watched this movie too many times.  I'm so stupid.  From the minute I listen to that stupid program on the radio, I've been a complete jerk."
m499,sleepless in seattle,conv_67604,ANNIE,BECKY,f,f,2,16,0,0.0,0,"You don't know who she was, Annie -- I saw her.  She looked just like this --"
m499,sleepless in seattle,conv_67605,ANNIE,BECKY,f,f,2,25,1,0.04,0,"This is a photo of hair. Well, it's the same woman.  And he was crazy about her.  What is this?  This is from Seattle."
m499,sleepless in seattle,conv_67606,ANNIE,BECKY,f,f,5,49,0,0.0,0,"Becky? So I mailed your letter. ""Dear Annie: Thanks for your letter.  It was great.  We're very excited about meeting you in New York on Valentine's Day and seeing if we are M.F.E.O. Sleepless in Seattle."" M.F.E.O.? Made for each other."
m499,sleepless in seattle,conv_67607,ANNIE,BECKY,f,f,4,69,4,0.058,0,"So he can't write.  Big deal. I mean, verbal ability is a highly overrated thing in a guy, and our pathetic need for it is what gets us into so much trouble. I'm going to run back to Walter's arms, if he's still have me. What about the letter? It doesn't mean anything.  It was written before I went out there.  Before the ho."
m499,sleepless in seattle,conv_67608,ANNIE,BECKY,f,f,6,83,0,0.0,0,"You're going to miss the train. No, I'm not. What are your plans in New York? We're going to the Rainbow Room and the symphony tomorrow night. I love the symphony. I hate it.  I'm so happy, Becky.  Finally I feel happy.  This is right. This is real.  Everything else is what happens when you watch too many movies and completely lose sight of what counts.  Please don't tell anyone about what happened.  ""Sleepless in Seattle"" is history."
m499,sleepless in seattle,conv_67619,ANNIE,BARBARA,f,f,2,10,1,0.1,1,Everybody! Annie has an announcement -- Walter and I are engaged!
m499,sleepless in seattle,conv_67620,ANNIE,BARBARA,f,f,2,10,0,0.0,0,It's probably just the flowers -- We'll move them --
m499,sleepless in seattle,conv_67621,ANNIE,BARBARA,f,f,7,68,5,0.0735,0,"The Historical Society wanted this and I never would give it to them -- Granny's dress.  Oh, Mom. I notice these things are back in fashion.  Oh, honey.  He's a lovely man, Annie. I know.  He's wonderful, isn't he? Are his folks nice? You'll love them.  We're going down to D.C.  tonight to be with them Christmas morning. How did it happen?"
m499,sleepless in seattle,conv_67622,ANNIE,BARBARA,f,f,7,158,6,0.038,0,"It's silly, really.  I mean, I'd seen him at the office, obviously I'd seen him, he's the associate publisher, and then one day we both ordered sandwiches from the same place, and he got my lettuce and tomato sandwich on whole wheat, which of course he was allergic to, and I got his lettuce and tomato on white. How amazing. It is, isn't it? You make millions of decisions that mean nothing and then one day you decide to order takeout and it changes your life. Destiny takes a hand. Oh, please.  Destiny's just something we've invented because we can't stand the fact that everything that happens is accidental. Then how do you explain that you both ordered exactly the same sandwich except for the bread? How many people in this world like lettuce and tomato without something else like tuna? It wasn't a sign.  It was a coincidence."
m499,sleepless in seattle,conv_67623,ANNIE,BARBARA,f,f,12,199,6,0.0302,0,"I was in Atlantic City with my family.  Cliff was a waiter. He talked me into sneaking out for a midnight walk on the Steel Pier.  I've probably told you this a million times, but I don't care.  And then he held my hand.  I was scared.  All sorts of thing were going through my head.  But after a while I forgot about them.  At one point I looked down, at our hands, and I couldn't tell which fingers were mine and which were his.  And I knew. What? You know. What? Magic.  It was magic. Magic. I knew we would be together forever, and that everything would be wonderful, just the way you feel about Walter. Walter.  It's quite a formal name, isn't it?  One of the things I truly knew was that your father and I were going to have a wonderful time ... in the sack I believe you call it -- Mom! Of course it took several years before everything worked like clockwork in that department, so don't be worried if it takes a while -- Mom, we already... Well, fine, fine.  Fiddle da dee.  And how's it working? Like... clockwork."
m499,sleepless in seattle,conv_67624,ANNIE,BARBARA,f,f,3,19,0,0.0,0,So you'll get married in a new dress. It's a sign. You don't believe in signs.
m503,say anything...,conv_68150,COREY,REBECCA,f,f,3,42,1,0.0238,0,"I wrote sixty-three songs this year.  They're all about Joe, and I'm going to play every single one of them tonight. I just saw Joe.  He's here. Well, you don't have to be so dramatic about it."
m503,say anything...,conv_68151,COREY,REBECCA,f,f,3,17,1,0.0588,0,"Why? It's too much pressure, it's not his crowd. What is wrong with this girl?"
m503,say anything...,conv_68152,COREY,REBECCA,f,f,2,28,2,0.0714,0,"Hey, I know this is a strange thing to say, but maybe Diane Court really likes Lloyd. If you were Diane Court, would you honestly fall for Lloyd?"
m505,scream 2,conv_68343,CICI,GIRL ON PHONE,f,f,3,37,3,0.0811,0,"No, they broke up again. Bailey won't stop drinking and Sarah can't take it anymore. thought he was doing AA. No, he quit - the whole God thing--he has issues. The previews for next week..."
m505,scream 2,conv_68344,CICI,GIRL ON PHONE,f,f,4,29,2,0.069,0,"That shit. He only calls you when he's drunk. Don't go over there. I won't. Don't. Think Bailey. Alright, alright...I'll call you back."
m505,scream 2,conv_68345,CICI,GIRL ON PHONE,f,f,2,24,0,0.0,0,"No, some creep asshole trying to scare me. It's hell week. Chill. The movie murders have brought out the crazies. It's nothing."
m505,scream 2,conv_68346,CICI,GIRL ON PHONE,f,f,4,9,0,0.0,0,Shit. What is it? I heard a noise. Where?
m505,scream 2,conv_68347,CICI,GIRL ON PHONE,f,f,3,20,0,0.0,0,"Kill, kill, kill, kill, hah, hah, hah, hah... Stop it... I can't believe you're alone in that house."
m505,scream 2,conv_68348,CICI,GIRL ON PHONE,f,f,2,4,0,0.0,0,Outside. That's smart.
m505,scream 2,conv_68349,CICI,GIRL ON PHONE,f,f,6,38,0,0.0,0,"Don't do that. Hang up...call... What? I can't hear you... Hang up...call... I'm losing you. ...campus security...send someone...check out...place... Okay, okay. I'll call now. I'll call you back."
m505,scream 2,conv_68354,CICI,DAWNIE,f,f,5,34,0,0.0,0,"Jesus, you scared me. What are you doing here? I live here. I thought you were going to the mixer? I had to change. Did anyone call? Just some asshole trying to scare me."
m505,scream 2,conv_68355,CICI,DAWNIE,f,f,2,25,0,0.0,0,"Tina, it's Dawnie. I'm  on my way. Cici follows her back into the living room. I'll go. I don't mind. Really."
m505,scream 2,conv_68363,DEBBIE SALT,GALE,f,f,4,32,0,0.0,0,"Look, I'm sorry about the face. Job hazard. Debbie Salt, stringer-- NEWSWEEK. Answer a few questions? Fair enough. What are you doing here? I thought you had retired from field reporting?"
m505,scream 2,conv_68364,DEBBIE SALT,GALE,f,f,5,36,0,0.0,0,"Well, you know I'm dear to the subject matter. And much richer as a result. Do I know you? You look familiar. I took your vulture seminar seminar at Berkeley last year. Good for you."
m505,scream 2,conv_68365,DEBBIE SALT,GALE,f,f,10,90,3,0.0333,0,"Hi, Gale, any leads? Tons and tons. Where is Sidney's father? Home--where he lives. And are the police sure about that? Why don't you ask them? Already did. He's the perfect suspect, don't you think? No, I don't. Parents are always responsible. It all starts in the home. Look, I know you kinda hold me up as your career template and it gives you some anal charge to challenge me but you win. Okay? I'm not interested in the scoop anymore. Excuse me."
m505,scream 2,conv_68366,DEBBIE SALT,GALE,f,f,2,22,0,0.0,0,I couldnt believe you didnt recognize me. You even interviewed me for your book. Youre all in this together?
m505,scream 2,conv_68367,DEBBIE SALT,GALE,f,f,2,40,4,0.1,1,"Jesus, youre just as whacked as your son. Where do you think he got it? Mental illness is heriditary. Who do you think incouraged him to kill your mother? He was a smart kid but children need parental guidance."
m505,scream 2,conv_68368,DEBBIE SALT,GALE,f,f,4,22,1,0.0455,0,What are you going to do? Finish what my son started. But youll never get away with it. Enter Cotton Weary.
m505,scream 2,conv_68426,GALE,SIDNEY,f,f,8,77,0,0.0,0,"Sidney. Hello. How are you? I'm okay. PEOPLE magazine won't stop calling but other than that... I'm sorry. Yeah, well...you are the definition of mixed emotions. I really should hate you... I see your movie's getting good reviews. It seems to be causing a stir. What's with the toilet paper? It's hell week. I'm pledging the Deltas. It's good to see you involved. My morn was a Delta."
m505,scream 2,conv_68427,GALE,SIDNEY,f,f,2,12,0,0.0,0,"Sid, I'll come with you. But who would operate your camera?"
m505,scream 2,conv_68428,GALE,SIDNEY,f,f,2,4,0,0.0,0,What? Oh my God.
m505,scream 2,conv_68437,HALLIE,SIDNEY,f,f,2,5,0,0.0,0,Knock yourself out. Hello?  Hello?
m505,scream 2,conv_68438,HALLIE,SIDNEY,f,f,2,22,0,0.0,0,Time to change numbers again? Nah...I think it'll die off. It's opening weekend. Let's see how it goes.
m505,scream 2,conv_68439,HALLIE,SIDNEY,f,f,5,31,1,0.0323,0,"Okay, you're sure about skipping Calculas? Please, I have the perfect excuse. What about rehearsal? Gotta. I'll cover you through rehearsal. Derek when do you get outta docu- drama?"
m505,scream 2,conv_68440,HALLIE,SIDNEY,f,f,2,5,0,0.0,0,"That was good. Yeah, right."
m505,scream 2,conv_68441,HALLIE,SIDNEY,f,f,4,31,1,0.0323,0,"Who is that guy? It's okay. Look, Hallie, I'll meet you outside. No, girletta, I don't leave your side. I've got my entourage. Take a break. Please."
m505,scream 2,conv_68442,HALLIE,SIDNEY,f,f,3,36,0,0.0,0,"We're missing the Sig Ep party. No, Hallie, not tonight. Parties and mass murderers don't go together. Trust me. No, no, I hadn't planned on going, it's just Mickey will be pissed."
m505,scream 2,conv_68443,HALLIE,SIDNEY,f,f,2,20,0,0.0,0,"It's okay to break, girl. You shatter if you have to. I'd really just like to be alone."
m505,scream 2,conv_68444,HALLIE,SIDNEY,f,f,2,19,0,0.0,0,"Can I come with her? No, Hallie, I'm not gonna take you down too. I'll be alright."
m505,scream 2,conv_68445,HALLIE,SIDNEY,f,f,2,17,1,0.0588,0,"I'm the only one who can cut him down. It's not a good idea, Hallie."
m505,scream 2,conv_68446,HALLIE,SIDNEY,f,f,2,20,0,0.0,0,"Oh, Sid, youre sounding desparate. I guess fearing death makes one anxious. You fucking freaked out movie nut psychos.."
m506,scream 3,conv_68489,BIANCA,GALE,f,f,2,27,0,0.0,0,"Can I help you? I'm Gale Weathers, author of the Woodsboro and Windsor College murders, and anchorwoman for TOTAL ENTERTAINMENT. Maybe you've heard of me?"
m506,scream 3,conv_68490,BIANCA,GALE,f,f,4,37,0,0.0,0,I don't watch TV and I hate books. Whatta you need? Does the name Maureen Prescott sound familiar to you? Nope. Well can you tell me if the woman in this picture looks familiar to you.
m506,scream 3,conv_68491,BIANCA,GALE,f,f,2,33,0,0.0,0,"Listen, I'm busy. Nobody has access to those files except studio execs. Can you please go away now? Well if you won't work for me, will you work for the president?"
m506,scream 3,conv_68492,BIANCA,GALE,f,f,3,37,0,0.0,0,"I know every face in here, respect for the unknown actor I suppose, myself included. If you're looking for Maureen Prescott -- It may be Maureen Reynolds -- Well you'll find neither. Rina Reynolds, however, You will."
m506,scream 3,conv_68493,BIANCA,GALE,f,f,2,20,0,0.0,0,"What are these movies? 'Amazombies', 'Space Psychos' 'Creatures from theSan Andreas Fault'? Horror flicks. B-Movies from Milton's heyday."
m506,scream 3,conv_68547,GALE,JENNIFER,f,f,4,148,5,0.0338,0,"You! How can I ever get any fame playing you! Dewey, what the hell is she rambling about now? What's wrong Jen, see yourself on one of those USA NETWORK winners you did and realize how badly you suck at acting? God damn you Gale Weathers! Don't you see? The killer is choosing  his victims as they die in the script! Ben Damon's character was the first one to get offed. So was his girlfriend - but she wasn't cast yet so his real girlfriend was killed - then Sarah Darling's Candy, and now me! Wait a second, whoa! Calm down! Number one there were five different versions of the script given out. Ben Damon was given a fake script because he was only being offered the role. It only had fragments of real scenes from the actual script. And what, I die in STAB 3?"
m506,scream 3,conv_68548,GALE,JENNIFER,f,f,3,80,2,0.025,0,"AND I DIE NAKED?!  UGH! This is complete bullshit. Who wrote this piece of crap? I know right. It was kinda weak. That's cause Will Kennison only wrote a rough treatment of it. The script was written by some new guy. He wrote Arlington Street. Still that was a much better movie, I saw it at the premiere last week. God, what the hell am I getting sidetracked with this shit for?! We've gotta get down to business."
m506,scream 3,conv_68549,GALE,JENNIFER,f,f,2,36,0,0.0,0,"Shit! Where the hell are Tom and Angelina? I don't know. Screw them. Look, what's important is that we stick together. No matter what. If anyone is next it's you or me Jen."
m506,scream 3,conv_68550,GALE,JENNIFER,f,f,2,9,0,0.0,0,Who's phone? Oh shit it's my cell!
m506,scream 3,conv_68551,GALE,JENNIFER,f,f,3,52,1,0.0192,0,"Listen you sick bastard, what the fuck do you want? What's your favorite scary movie Gale? I dunno but I can tell you that your's will be the home video footage of me sticking my foot up your ass! Now come out and fight like a real man you pussy!"
m506,scream 3,conv_68552,GALE,JENNIFER,f,f,2,20,3,0.15,1,God damn it you two! Run! Hurry! He's dead! No! He's not dead! He's still breathing! Look!
m506,scream 3,conv_68553,GALE,JENNIFER,f,f,9,123,0,0.0,0,"Geez. What the hell are you doing? Being Gale Weathers.  What the hell are you doing? I am Gale Weathers! Here's how I see it.  I've got no house, no movie, no gun, and I'm being stalked.  Because someone wants to kill me?  No, because someone wants to kill you. So now, starting now, I go where you go.  That way, if someone wants to kill me, I'll be with you, and since they really want to kill you, they won't kill me, they'll kill you.  Make sense? None. You know in the movies, I play you as being much smarter. And as a sane person.  For you that must be quite a stretch. That's funny."
m506,scream 3,conv_68554,GALE,JENNIFER,f,f,6,27,0,0.0,0,Ha. Maybe I should join SNL. Need to get in that building? No really? There a story in that building? Possibly. Gale Weathers would find a way.
m506,scream 3,conv_68555,GALE,JENNIFER,f,f,5,53,0,0.0,0,"Basements creep me out. Really, you know you'd make a fascinating interview. Lifestyles of the Rich and Psychotic. Look who's talking Moneybags. You got more homes than I do. Oh I wish I got that one on tape. It'd put a smile on my face everytime I'm down. Bitch."
m506,scream 3,conv_68556,GALE,JENNIFER,f,f,2,8,0,0.0,0,Nobody said she was an actor. Good twist.
m506,scream 3,conv_68557,GALE,JENNIFER,f,f,2,36,0,0.0,0,"Oh, Come on!  You have made millions off the story of her murder.  You're obsessed with HER and you're obsessed with her DAUGHTER! Settle down Beavis.  Why don't you tell us the truth?"
m506,scream 3,conv_68558,GALE,JENNIFER,f,f,4,73,7,0.0959,0,"I think Milton's the killer. I think he just went out to kill another cast member. Milton's not a killer. He's a pervert. He probably went out to buy more KY JELLY for his jack -off parties he has with his two best friends. Rob Reiner and Quentin Tarentino? Do you get any of my witty humor? I mean, you did play me for three movies.  His two hands, dingus."
m506,scream 3,conv_68565,GALE,SIDNEY,f,f,2,19,0,0.0,0,"Oh my God! Sidney, you ran fast or what?  Hey. Hi, Gale. I'm glad you're all right."
m506,scream 3,conv_68566,GALE,SIDNEY,f,f,2,23,1,0.0435,0,"What'd he say? Oh, you know, the usual small talk, ""What's new, how ya been, how do you want to die?"""
m506,scream 3,conv_68567,GALE,SIDNEY,f,f,2,19,0,0.0,0,Oh my God Karen you scared the shit out of me! What are you doing here? Who's this.
m506,scream 3,conv_68568,GALE,SIDNEY,f,f,2,44,0,0.0,0,"We did some researching in the archives. Sid, something dawned on me when I wrote the book on your mother's murder. For two years of her life, 1969 up until 1971 she basically disappeared off the face of the Earth. What are you talking about?"
m506,scream 3,conv_68569,GALE,SIDNEY,f,f,5,20,3,0.15,1,Gale he's got Dewey! I know! He killed Kincaid! I know! Let's get out of here! GALE WATCHOUT!
m507,scream,conv_68715,GALE,SIDNEY,f,f,2,16,0,0.0,0,"It's okay, Tatum. She's just doing her job. Right, GALE? Yes, that's right."
m507,scream,conv_68716,GALE,SIDNEY,f,f,2,11,0,0.0,0,How's the book? It'll be out later this year.
m507,scream,conv_68717,GALE,SIDNEY,f,f,2,11,0,0.0,0,I'll look for it. I'll send you a copy.
m507,scream,conv_68718,GALE,SIDNEY,f,f,4,18,0,0.0,0,I'm not here to fight. Just stay back. I want to talk to you. Kenny. Camera. Now.
m507,scream,conv_68719,GALE,SIDNEY,f,f,2,7,0,0.0,0,Off the record. No cameras. Forget it.
m507,scream,conv_68720,GALE,SIDNEY,f,f,2,8,0,0.0,0,Please. You owe me. I owe you shit.
m507,scream,conv_68721,GALE,SIDNEY,f,f,5,69,2,0.029,0,You owe my mother. Your mother's murder was last year's hottest court case. Somebody was gonna write a book about it. And it had to be you with all your lies and bullshit theories. What is your problem? You got what you wanted. Cotton Weary is in jail. They're gonna gas him. A book is not gonna change that. Do you still think he's innocent?
m507,scream,conv_68722,GALE,SIDNEY,f,f,11,146,15,0.1027,1,"He was convicted in a court of law. Your testimony put him away. It doesn't matter what I think. During the trial, you did all those stories about me. You called me a liar. I think you falsely identified him. Yes. Have you talked to Cotton? Many times. Has his story changed? Not one word. He admits to having sex with your mother but that's all. He's lying. She wouldn't have touched him. He raped her, then butchered her. Her blood was all over his coat. He was drunk that night. He left his coat at your house, after your mother seduced him... I saw him leaving wearing it. But couldn't it have been someone else you saw wearing that coat? The same person who planted it in Cotton's car, framing him? The same person who really killed your mother?"
m507,scream,conv_68723,GIRL #1,GIRL #2,f,f,3,25,0,0.0,0,She was never attacked. I think she made it all up. Why would she lie about it? For attention. The girl has some serious issues.
m507,scream,conv_68724,GIRL #1,GIRL #2,f,f,3,32,0,0.0,0,What if she did it? What if Sidney killed Casey and Steve? And why would she do that? Maybe she was hot for Steve and killed them both in a jealous rage.
m507,scream,conv_68725,GIRL #1,GIRL #2,f,f,2,25,2,0.08,0,Why would Sidney want to be with Steve? She has her own bubble-butt boyfriend Billy. Maybe she's a slut just like her mom.
m507,scream,conv_68726,GIRL #1,GIRL #2,f,f,2,13,0,0.0,0,"You're evil. Please, it's common knowledge. Her mother was a trollop."
m507,scream,conv_68727,GIRL #1,GIRL #2,f,f,2,72,0,0.0,0,"Cut some slack. She watched her mom get butchered. And it fucked her up royally. Think about it. It makes perfect sense. Her mom's death leaves her distraught and hostile at a cruel and inhumane world, she's disillusioned, where's God, etc. Completely suicidal. And one day she snaps. She wants to kill herself but realizes teen suicide is out this year. And homicide is a much healthier therapeutic expression."
m507,scream,conv_68728,GIRL #1,GIRL #2,f,f,2,8,0,0.0,0,Where do you get this shit? Ricki Lake.
m507,scream,conv_68766,SIDNEY,TATUM,f,f,2,7,0,0.0,0,Do you believe this shit? What happened?
m507,scream,conv_68767,SIDNEY,TATUM,f,f,9,112,1,0.0089,0,"Oh God! You don't know? Casey Becker and Steve Forrest were killed last night. No way. And not just killed, Sid. We're talking splatter movie killed-split open end to end. Casey Becker? She sits next to me in English. Not anymore. Her parents found her hanging from a tree. Her insides on the outside. Do they know who did it? Fucking clueless -- they're interrogating the entire school. Teachers, students, staff, janitors... They think it's school-related? They don't know. Dewey said this is the worst crime they've ever seen. Even worse than...  Well it's bad. They're bringing in the feds. This is big."
m507,scream,conv_68768,SIDNEY,TATUM,f,f,2,10,1,0.1,1,Or a man's mentality. How do you gut someone?
m507,scream,conv_68769,SIDNEY,TATUM,f,f,8,61,1,0.0164,0,"You sure I can stay over? My dad won't be back til Sunday. No prob. I'll pick you up after practice. Tell your mom I said thanks. Yeah, yeah... are you okay? Uh-huh, it's just... you know, the police and reporters... it brings it all back. I'll be there by seven. I promise Thanks, Tatum. Later."
m507,scream,conv_68770,SIDNEY,TATUM,f,f,7,69,1,0.0145,0,"Practice ran late. I'm on my way. It's past seven. Don't worry. Casey and Steve didn't bite it til way after ten. I'm not worried. Good, 'cause I wanna swing by BLOCKBUSTER and get us a video. I was thinkin' Tom Cruise in ALL THE RIGHT MOVES. You know, if you pause it just right you can see his penis. Whatever. Just hurry. Bye."
m507,scream,conv_68771,SIDNEY,TATUM,f,f,2,21,1,0.0476,0,It's okay. She was supposed to pick me up. Her dad's out of town. She's staying with us.
m507,scream,conv_68772,SIDNEY,TATUM,f,f,3,22,0,0.0,0,"Just another sleepover at the Riley's. Just like old times, ain't it? No, nothing's like it used to be."
m507,scream,conv_68773,SIDNEY,TATUM,f,f,3,25,4,0.16,1,"Do you really think Billy did it? He was there, Tatum. I knew this guy was too perfect. He was destined to have a flaw."
m507,scream,conv_68774,SIDNEY,TATUM,f,f,2,10,0,0.0,0,Take a message. It's alright. I'll get it.
m507,scream,conv_68775,SIDNEY,TATUM,f,f,2,12,0,0.0,0,"Come on, Sid. Just a sec... I need to talk to someone."
m507,scream,conv_68776,SIDNEY,TATUM,f,f,2,31,2,0.0645,0,Just relax. You're at school now. No one can get you here. But if it wasn't Billy it could be anybody. He could be here at school right now.
m507,scream,conv_68777,SIDNEY,TATUM,f,f,2,20,0,0.0,0,"This is a mistake. I shouldn't be here. I want you to meet me here right after class, okay?"
m507,scream,conv_68778,SIDNEY,TATUM,f,f,3,23,3,0.1304,1,"Shit, what is he doing here? I bet he's pissed. Just ignore him. You had good reason to think what you did."
m507,scream,conv_68779,SIDNEY,TATUM,f,f,2,16,1,0.0625,0,"It was just some sick fuck having a laugh. It was him, Tatum. I know it."
m507,scream,conv_68780,SIDNEY,TATUM,f,f,3,20,0,0.0,0,"This could be good. What do you think, Sid? I don't know... Come on. Pathos has it's perks."
m507,scream,conv_68781,SIDNEY,TATUM,f,f,9,127,3,0.0236,0,"Maybe Cotton Weary is telling the truth. Maybe he was having an affair with your mom. So you think my mom was a slut too? I didn't say that, Sid. But you know there were rumors. Your dad was always out of town on business. Maybe your mom was a very unhappy woman. If they were having an affair how come that Cotton couldn't prove it in court? You can't prove a rumor. That's why it's a rumor. Created by that little tabloid twit Gale Weathers. It goes further back, Sid. There's been talk about other men. And you believe it? Well... you can only hear that Richard Gere-gerbil story so many times before you have to start believing it."
m507,scream,conv_68782,SIDNEY,TATUM,f,f,4,54,1,0.0185,0,"If I was wrong Cotton, then he's still out there. Don't go there, Sid. You're starting to sound like some Wes Carpenter flick. Don't freak yourself out -- we've got a long night ahead of us. You're right. I'm cracking up. Ignore me. Come on, let's rock."
m507,scream,conv_68783,SIDNEY,TATUM,f,f,2,18,0,0.0,0,"Hey, Sid. Just think if they make a movie about you. Who's gonna play you? Oh, god..."
m507,scream,conv_68784,SIDNEY,TATUM,f,f,2,32,4,0.125,1,Is Billy going to be there tonight? He better not be. I told Stu to keep his mouth shut. I think we can live without EVERYBODY'S ALL AMERICAN for one night.
m507,scream,conv_68785,SIDNEY,TATUM,f,f,4,73,6,0.0822,0,"Billy's right. Whenever he touches me, I just can't relax. You have a few intimacy issues as a result of your mother's untimely death. It's no big deal. You'll thaw out. But he's been so patient with me, Tatum. You know, with all the sex stuff. How many guys would put up with a girlfriend who's sexually anorexic? Billy and his penis don't deserve you."
m507,scream,conv_68786,SIDNEY,TATUM,f,f,2,35,1,0.0286,0,"What do you think about when you're having sex? With Stu, there's little time to stop and reflect. But sometimes before, to relax and get in the mood, I think about Grant Goodeve."
m507,scream,conv_68787,SIDNEY,TATUM,f,f,6,146,9,0.0616,0,"Who? Grant Goodeve -- the oldest brother on EIGHT IS ENOUGH. Remember that show? He was the one who lived off alone. He would come around every now and then with his guitar and sing ""Eight is enough to fill our lives with love..."" He had all these brain dead sisters and that idiot brother from CHARLES IN CHARGE. God, I was in love with Grant, he was so hot. The show came on every day after school right during my puberty years. Grant Goodeve was very instrumental in my maturing as a woman. How does that get you in the mood with Stu? During foreplay, I sing the theme song to myself. ""Eight is enough to fill our lives with love..."" It's a real turn on. No way. Grant wrote the song himself. I'm convinced the lyrics had a secret meaning, ""Eight is enough..."""
m507,scream,conv_68788,SIDNEY,TATUM,f,f,4,45,3,0.0667,0,"What secret meaning? Like a Satanical thing? Watch the show, Sid. His basket is bigger than the one you're pushing. TATUM! Oh, Sidney. WHAT? A guy can talk tits til he's dead but the minute you mention an eight inch weenie. Watch out."
m507,scream,conv_68789,SIDNEY,TATUM,f,f,2,20,0,0.0,0,"There's that sense of humor. I knew it still existed. Ohh, Sid, let's have some fun tonight. Deal."
m511,shakespeare in love,conv_69221,NURSE,VIOLA,f,f,6,81,3,0.037,0,"Did you like Proteus or Valentine best? Proteus for speaking, Valentine for looks. I liked the dog, for laughs. But Silvia I did not care for much. His fingers were red from fighting and he spoke like a schoolboy at lessons. Stage love will never be true love while the law of the land has our heroines played by pipsqueak boys in petticoats! Oh, when can we see another? When the Queen commands it. But at the playhouse. Nurse? Be still."
m511,shakespeare in love,conv_69222,NURSE,VIOLA,f,f,8,158,6,0.038,0,"Playhouses are not for well-born ladies. I am not so well-born. Well-monied is the same as well-born and well-married is more so. Lord Wessex was looking at you tonight. All the men at court are without poetry. If they look at me they see my father's fortune. I will have poetry in my life. And adventure. And love. Love above all. Like Valentine and Silvia? No . . . not the artful postures of love, but love that over- throws life. Unbiddable, ungovernable, like a riot in the heart, and nothing to be done, come ruin or rapture. Love like there has never been in a play.  I will have love or I will end my days as a . . . As a nurse. But I would be Valentine and Silvia too. Good Nurse, God save you and good night. I would stay asleep my whole life if I could dream myself into a company of players."
m511,shakespeare in love,conv_69223,NURSE,VIOLA,f,f,3,55,5,0.0909,0,"He sees himself in me! Romeo Montague, a young man of Verona. Verona again. A comedy of quarreling families reconciled in the discovery of Romeo to be the very same Capulet cousin stolen from the cradle and fostered to manhood by his Montague mother that was robbed of her own child by the Pirate King!"
m511,shakespeare in love,conv_69224,NURSE,VIOLA,f,f,6,76,7,0.0921,0,"Your mother, and your father From tomorrow, away in the country for three weeks! Is Master Shakespeare not handsome? He looks well enough for a mountebank. Oh, Nurse! He would give Thomas Kent the life of Viola De Lesseps's dreaming. My lady, this play will end badly. I will tell. You will not tell. As you love me and as I love you, you will bind my breast and buy me a boy's wig!"
m511,shakespeare in love,conv_69225,QUEEN,VIOLA,f,f,2,6,0,0.0,0,"Your Majesty. Stand up straight, girl."
m511,shakespeare in love,conv_69226,QUEEN,VIOLA,f,f,7,78,0,0.0,0,"I have seen you. You are the one who comes to all the plays--at Whitehall, at Richmond. Your Majesty. What do you love so much? Your Majesty Speak out! I know who I am. Do you love stories of kings and queens? Feats of arms? Or is it courtly love? I love theatre. To have stories acted for me by a company of fellows is indeed They are not acted for you, they are acted for me."
m511,shakespeare in love,conv_69227,QUEEN,VIOLA,f,f,3,10,1,0.1,1,And--? And I love poetry above all. Above Lord Wessex?
m511,shakespeare in love,conv_69228,QUEEN,VIOLA,f,f,2,28,0,0.0,0,"But playwrights teach nothing about love, they make it pretty, they make it comical, or they make it lust. They cannot make it true. Oh, but they can!"
m514,the shining,conv_69735,DOCTOR,WENDY,f,f,2,8,0,0.0,0,Shall we go into the living room? Yes.
m514,the shining,conv_69736,DOCTOR,WENDY,f,f,2,3,0,0.0,0,Please... Thank you.
m514,the shining,conv_69737,DOCTOR,WENDY,f,f,2,38,3,0.0789,0,"Mrs. Torrance, I don't think you have anything to worry about.  I'm quite sure there is nothing physically wrong with Danny. Oh, yeah.  Oh, yeah, he seems absolutely fine now, but you should have seen him."
m514,the shining,conv_69738,DOCTOR,WENDY,f,f,2,33,1,0.0303,0,"But eh what was the matter with him? Mrs. Torrance, most of the time these episodes with kids are never explained.  They are brought on by emotional factors, and they rarely occur again."
m514,the shining,conv_69739,DOCTOR,WENDY,f,f,3,31,2,0.0645,0,"Have you been in Boulder long, Mrs. Torrance? Only about three months.  Eh we're from Vermont.  My husband was teaching school there. Did the appearance of Danny's imaginary friend...?"
m514,the shining,conv_69740,DOCTOR,WENDY,f,f,3,34,2,0.0588,0,"Tony. Did Tony's first appearance happen to coincide with your arrival here? No, um let's see I guess Danny started talkin to Tony about the time we put him into nursery school."
m514,the shining,conv_69741,DOCTOR,WENDY,f,f,2,12,3,0.25,1,What sort of injury did he have? Ah he dislocated his shoulder.
m514,the shining,conv_69742,DOCTOR,WENDY,f,f,2,118,12,0.1017,1,"How did he manage to do that? Well it's just one of those things. You know... purely an accident, um. My husband had oh... been drinking, and he came home about three hours late, so he wasn't exactly in the greatest mood that night.  And well Danny had scattered some of his school papers all over the room... and my husband grabbed his arm, you know, and pulled him away from them. It's...it's just the sort of thing you do a hundred times with a child - you know, in a park or on the streets - but on this particular occasion my husband just... used too much strength and he injured Danny's arm."
m516,sister act,conv_70097,MARY LAZARUS,MARY PATRICK,f,f,2,18,1,0.0556,0,"Are you going to shoot us all, tough guy? Is it worth it?  A lot of witnesses here."
m516,sister act,conv_70098,MARY LAZARUS,MARY PATRICK,f,f,2,13,0,0.0,0,"It should be here any minute. Dress rehearsal at four, performance at 8:30.  Sharp."
m516,sister act,conv_70099,MARY LAZARUS,MARY PATRICK,f,f,2,11,0,0.0,0,We sound terrible   We need Mary Clarence. We're losing it.
m516,sister act,conv_70100,MARY LAZARUS,MARY PATRICK,f,f,2,17,0,0.0,0,Look what she did with the choir.  She made us sing beautifully. That should have tipped us.
m516,sister act,conv_70101,MARY LAZARUS,MARY PATRICK,f,f,2,15,0,0.0,0,We've got to save her! We can't leave it up to the Feds!
m516,sister act,conv_70102,MARY PATRICK,MOTHER SUPERIOR,f,f,2,21,0,0.0,0,"Yes, Mary Patrick? Reverend Mother, on behalf of the sisters, I'd like to welcome Mary Clarence to St. Katherine's."
m516,sister act,conv_70103,MARY PATRICK,MOTHER SUPERIOR,f,f,3,23,0,0.0,0,"Sister Mary Patrick? Yes? I need to see you, at once.  Girls, please excuse Sister Mary Patrick for a few moments.  Mary Clarence?"
m516,sister act,conv_70104,MARY PATRICK,MOTHER SUPERIOR,f,f,2,15,0,0.0,0,"Mary Clarence -- how is your weaving progressing? Oh, she's doing just fine, Reverend Mother -"
m516,sister act,conv_70105,MARY PATRICK,MOTHER SUPERIOR,f,f,2,29,0,0.0,0,"Bless her!  There are so many problems in this neighborhood that we could help solve.  That's why many of us became nuns.  It's marvelous, Reverend Mother. Really..."
m516,sister act,conv_70106,MARY PATRICK,MOTHER SUPERIOR,f,f,2,19,0,0.0,0,She shouldn't have come back.  She knew she was in danger. But -- why would anyone kidnap a nun?
m516,sister act,conv_70107,MARY PATRICK,MOTHER SUPERIOR,f,f,2,23,0,0.0,0,"She told us about one.  The Little Sisters of the Moonlight.  In Las Vegas. All right.  It's a beginning.  Las Vegas, Nevada."
m516,sister act,conv_70108,MARY PATRICK,MOTHER SUPERIOR,f,f,3,12,0,0.0,0,"Peace on Earth. However, we can also pray for other things. Measles."
m516,sister act,conv_70109,MARY PATRICK,MARY ROBERT,f,f,2,11,0,0.0,0,"Is this like your old convent? Which convent was that, Sister?"
m516,sister act,conv_70110,MARY PATRICK,MARY ROBERT,f,f,2,20,0,0.0,0,"Mary Clarence has a background in music. That's what Reverend Mother said. Really, Mary Clarence?  Were you a choirmistress?"
m516,sister act,conv_70111,MARY PATRICK,MARY ROBERT,f,f,2,11,0,0.0,0,We did it!  We actually sang a chord! That was exciting!
m516,sister act,conv_70112,MARY PATRICK,MARY ROBERT,f,f,3,12,4,0.3333,1,He's not like other guys. He's decent. He's kind.
m516,sister act,conv_70113,MARY PATRICK,MARY ROBERT,f,f,3,18,0,0.0,0,I'd rather sing than do anything! It's better than ice cream. It's better than springtime.
m516,sister act,conv_70114,MARY PATRICK,MARY ROBERT,f,f,2,16,0,0.0,0,"But, Reverend Mother -- everyone loves our new style. It's brought people back to the church."
m516,sister act,conv_70115,MARY PATRICK,MARY ROBERT,f,f,2,13,0,0.0,0,Ice cream! Mary Clarence -- you shouldn't have. Where did you get this?
m516,sister act,conv_70116,MARY PATRICK,MARY ROBERT,f,f,2,52,0,0.0,0,"Mary Clarence, don't be silly.  You're an example to us all.  You've taught us so much.  We're singing for the Cardinals, and then -- who knows?  Maybe the choir can travel -- to schools, and nursing homes. Maybe we can get some of the local kids to sing with us."
m516,sister act,conv_70117,MARY PATRICK,MARY ROBERT,f,f,2,12,0,0.0,0,Mary Clarence!  Sister! It's no use.  She just isn't here.
m516,sister act,conv_70118,MARY PATRICK,MARY ROBERT,f,f,2,18,0,0.0,0,We can't sing without her!  What should we do? We'll pray -- and she'll be there.
m516,sister act,conv_70119,MARY PATRICK,MARY ROBERT,f,f,2,12,1,0.0833,0,You mean -- they kidnapped her? Yes -- two men -- and they had guns.
m516,sister act,conv_70120,MARY PATRICK,MARY ROBERT,f,f,2,7,0,0.0,0,An... entertainer? She wasn't a nun?
m516,sister act,conv_70121,MARY PATRICK,MARY ROBERT,f,f,2,18,0,0.0,0,"Well, I don't care who she is.  We can't sing without her! She's our inspiration!"
m516,sister act,conv_70122,MARY PATRICK,MARY ROBERT,f,f,2,11,0,0.0,0,It's so beautiful... And what a lovely name.  Las Vegas...
m516,sister act,conv_70123,MARY PATRICK,MARY ROBERT,f,f,2,12,0,0.0,0,The Little Sisters of the Moonlight! But how do we get there?
m516,sister act,conv_70124,MARY PATRICK,MARY ROBERT,f,f,2,9,0,0.0,0,Excuse me -- has anyone seen a nun? A Benedictine.
m516,sister act,conv_70125,MARY PATRICK,MARY ROBERT,f,f,2,6,1,0.1667,1,Mary Clarence -- you're alive! Christy.
m516,sister act,conv_70126,MARY PATRICK,MARY ROBERT,f,f,2,4,0,0.0,0,Not a note. Impossible.
m516,sister act,conv_70127,MARY ROBERT,MOTHER SUPERIOR,f,f,2,20,0,0.0,0,"I don't understand.  Where is she? Her whereabouts are unknown, and we must proceed without her.  Pull yourselves together."
m516,sister act,conv_70128,MARY ROBERT,MOTHER SUPERIOR,f,f,3,35,1,0.0286,0,"Calm down.  Think clearly.  Mary Robert, do you have any idea who those men were? She said they were from her old convent. But... she was a showgirl.  She didn't have an old convent."
m516,sister act,conv_70129,MARY ROBERT,MOTHER SUPERIOR,f,f,2,8,0,0.0,0,Las Vegas -- she's here somewhere. But where?
m516,sister act,conv_70130,MARY ROBERT,MOTHER SUPERIOR,f,f,3,34,1,0.0294,0,"Reverend Mother? Yes? Since Mary Clarence came to St. Katherine's, I've been shot at, kidnapped by Mafia hit men, and I've tasted beer. Is that enough experience yet?  For final vows?"
m517,sleepy hollow,conv_70275,KATRINA,LADY VAN TASSEL,f,f,2,10,2,0.2,1,"Lay still, Ichabod.  Do not move. Doctor, he is awake."
m517,sleepy hollow,conv_70276,KATRINA,LADY VAN TASSEL,f,f,2,16,1,0.0625,0,"You... you are alive. Am I?  Or, are you and Young Masbath dead along with me?"
m517,sleepy hollow,conv_70277,KATRINA,LADY VAN TASSEL,f,f,3,55,6,0.1091,1,"He rides tonight. Father saw you die. He saw me thrown... saw the Horseman looming over me as I fled.  Things I wanted him to see.  But, as long as I govern the Horseman, he cannot harm me.  Baltus did not stay enough to see that.  He ran as a coward, unfettered by my fate."
m517,sleepy hollow,conv_70278,KATRINA,LADY VAN TASSEL,f,f,3,48,2,0.0417,0,"Imagine my surprise, finding him on a liason with a common servant.  A girl who had apparently become his secret love. No one will believe your lies, whore. This whore will see your mouth shut forever very soon.  But... I am not going to kill you.  Not me..."
m523,the wedding date,conv_70902,AMY,KAT,f,f,3,38,0,0.0,0,You know what I love about all this? Theres finally a reason for the whole world to revolve around you? Exactly! Todays my day. Tomorrow will be my day. And the day after that? My day.
m523,the wedding date,conv_70903,AMY,KAT,f,f,3,29,2,0.069,0,"Perfect. All ginny. Except its Scotch. But Im not taking your name, buster. Im a feminist!  I need icey! Mr. husband-man, get me more icey!"
m523,the wedding date,conv_70904,AMY,KAT,f,f,2,24,0,0.0,0,Did Kat tell you she dumped you because of your funky breath? Did Amy tell you she keeps her Homecoming tiara by the bed?
m523,the wedding date,conv_70905,AMY,KAT,f,f,3,31,0,0.0,0,"Christ, Amy. Oh, shut up and be happy. Its always this or that. Youre never happy, you frowny-faced Grumplestilskin. Drunk isnt the same thing as happy, Amy."
m523,the wedding date,conv_70906,AMY,KAT,f,f,2,12,0,0.0,0,Why dont you get my half sister her seventh hole? Bacardi 151.
m523,the wedding date,conv_70907,AMY,KAT,f,f,3,30,0,0.0,0,"I dont think I can go through with this. Pub Golf? The wedding.  I am so, so bad! I dont think I should be allowed to get married."
m523,the wedding date,conv_70908,AMY,KAT,f,f,3,39,0,0.0,0,"Do you want to come in for a minute? We could talk about-- When I freaked out at the pub?  That was nothing, just nerves. Dont worry about it. But I do. I will. Youre my sister."
m523,the wedding date,conv_70909,AMY,KAT,f,f,2,27,0,0.0,0,"God, Kat! Please. Dont be nice to me. I can take anything right now but you being nice to me. What? Why? What do you mean?"
m523,the wedding date,conv_70910,AMY,KAT,f,f,3,15,0,0.0,0,I should get going. Are you sure youre okay? Im fine. I promise.
m523,the wedding date,conv_70911,AMY,KAT,f,f,3,46,4,0.087,0,"We were eating and puking together in harmony until one day, Tony walked me home from school. He was my first boyfriend.  I was fourteen. So Tony Pee-Pants starts ignoring Kat. He wanted to play with me. You practically bribed him with your erector set."
m523,the wedding date,conv_70912,AMY,KAT,f,f,2,2,0,0.0,0,Hey. Hey.
m523,the wedding date,conv_70913,AMY,KAT,f,f,2,21,0,0.0,0,"You know what? Im not having this conversation right now. Sure, disappear. Weve been walking away our whole lives."
m523,the wedding date,conv_70914,AMY,KAT,f,f,2,108,0,0.0,0,"Wow. You look beautiful. Yeah. Most important day of my life. Whatever. Listen, I chose you to be my Maid of Honor for a lot of reasons: I love you, youre my favorite, and only, half-sister, blah blah blah. But the main reason I picked you is because youve been so miserable for the past few years, I knew you wouldnt outshine me.  But here it is, my big day. My big day. And something doesnt feel right. Maybe it was that pep talk you gave me last night, I dont know, but your misery just isnt working for me anymore."
m523,the wedding date,conv_70922,BUNNY,KAT,f,f,3,31,2,0.0645,0,"Wheres Nick sleeping? Why, with you. My mother has a rule about men and women sleeping in the same room without a ring in the picture. She thinks its--"
m523,the wedding date,conv_70923,BUNNY,KAT,f,f,2,10,0,0.0,0,Huh? Im not as square as my daughter thinks.
m523,the wedding date,conv_70924,BUNNY,KAT,f,f,3,42,0,0.0,0,"Moms refining her strategy for DDay. Im sure General Eisenhower never had to master the finer points of the seating chart and centerpieces.  Oh, and tomorrow afternoon you are carpooling to the country with the Fletcher-Wootens. Sir, yes, sir!"
m523,the wedding date,conv_70925,BUNNY,KAT,f,f,2,14,0,0.0,0,"Id be happy to. Youre welcome. Oh, dont be that way."
m523,the wedding date,conv_70926,BUNNY,KAT,f,f,3,30,1,0.0333,0,"I blame Tony Pee-Pants! Oh, no.  She tells this story at every major holiday. Why should this be any different?  Besides, I have to initiate Nick into the family."
m523,the wedding date,conv_70927,BUNNY,KAT,f,f,2,44,0,0.0,0,"She blames Tony Pee-Pants Pinterello for everything. The fall of the British Empire, the Cold War, the internet. It was just after we moved here. My little girls got in a fight over Tony Pee-Pants and they havent made up since."
m523,the wedding date,conv_70928,BUNNY,KAT,f,f,2,46,3,0.0652,0,"Im an American and in America, people sue. So to prevent a lawsuit, I baked a tart. And I dont bake. So Dad rang the bell and when Tony Pee-Pants opened the door, I threw the tart at him and popped his stitches."
m523,the wedding date,conv_70929,BUNNY,KAT,f,f,9,129,1,0.0078,0,"Whats going on with you two? I was pretty hard on her last night.  And now shes getting married. Theres a reason I always tell that Tony Pee-Pants story, you know. Trust me. This is bigger than Tony Pee-Pants. Before Tony, you and your sister were best friends. I couldnt split you up. If your sister ate the spinach, you ate the spinach. If you threw up--. Mom, please. Anyway, when that boy came over, it was the first time you ever did anything without her.  And Amy wasnt just jealous...she was sad and lonely. She missed you. She did? So she flirted with Tony, and you got mad and sent him away. Who did that leave?  You and Amy. Reunited."
m523,the wedding date,conv_71012,KAT,TJ,f,f,3,68,0,0.0,0,Kat Ellis! We live two hundred miles away from each other but I have to fly all the way to London to see you. You havent visited me once in D.C. Where the hell have you been? I have gynecologists that call more often. You have more than one gynecologist? Sure. Youve got to play them against each other. Otherwise they think youre easy.
m523,the wedding date,conv_71013,KAT,TJ,f,f,2,20,1,0.05,0,You didnt have to do that. I wasnt saving you from him. I was saving you from yourself.
m523,the wedding date,conv_71014,KAT,TJ,f,f,2,6,1,0.1667,1,Whats he do anyway? Therapist.
m523,the wedding date,conv_71015,KAT,TJ,f,f,2,12,1,0.0833,0,Like fifteen. Dad made me go over and apologize the next day.
m523,the wedding date,conv_71016,KAT,TJ,f,f,3,11,1,0.0909,0,"Oh, no. He told you. You knew? Im so sorry."
m533,stepmom,conv_72555,ANNABELLE,JACKIE,f,f,3,35,0,0.0,0,"...it's really not so bad Annabelle -- Red and Blue make purple. I don't care. I know you don't, but if you had, chrom- atically you <u>are</u> in the purple family."
m533,stepmom,conv_72556,ANNABELLE,JACKIE,f,f,3,47,0,0.0,0,<u>Never</u> say 'never' -- it's <u>not</u> fair to say 'always' -- and <u>no</u> name calling. Use your words. I hate when you say that. Thank you.  Those were all words.  I hate the planet Uranus.  <u>Terrible</u> name for a planet.
m533,stepmom,conv_72557,ANNABELLE,JACKIE,f,f,2,14,0,0.0,0,I hate overly ripe bananas -- they make me want to throw up. Excellent point.
m533,stepmom,conv_72558,ANNABELLE,JACKIE,f,f,8,131,0,0.0,0,I didn't say that.  Why would I say that? Well Daddy and I were thinking that sometimes people tell a story about what they wish would happen. I don't want that to happen.  Why would I want that to happen? Well you're telling your teachers and your friends -- Mass hysteria. Maybe you're upset that Rachel moved in. I'm not upset.  Why would I be upset? Look if the truth is you don't feel like talking about this right now that's fine. But don't look me in the eye with a big smile on your face and lie to me. Cause there are only so many lies you're allowed to tell before it starts showing on your face.  You wind up looking like...
m533,stepmom,conv_72559,ANNABELLE,JACKIE,f,f,2,12,1,0.0833,0,"Like who? Well, he's not president anymore, so why be petty."
m533,stepmom,conv_72560,ANNABELLE,JACKIE,f,f,5,35,1,0.0286,0,It just slipped out. It happens. What happens when he loves Rachel more than us? That will never happen. Never say never you always say that. I'll bet daddy's mad at me now.
m533,stepmom,conv_72561,ANNABELLE,JACKIE,f,f,2,27,2,0.0741,0,"I'm gonna call him. Annabelle, daddy and I will always be there. That's one time always is always.  You can call him after dinner but..."
m533,stepmom,conv_72562,ANNABELLE,JACKIE,f,f,2,22,0,0.0,0,"Lord Nelson, Napoleon's troops.  I fear for the women and the property values. I'll ride ahead.  Nelson, protect the Queen..."
m533,stepmom,conv_72563,ANNABELLE,JACKIE,f,f,2,17,0,0.0,0,Daddy was washing Rachel.  In the shower.  What did you think that was about? Sex.  Of course.
m533,stepmom,conv_72564,ANNABELLE,JACKIE,f,f,2,8,0,0.0,0,"Well, not exactly s... Why does Rachel scream?"
m533,stepmom,conv_72565,ANNABELLE,JACKIE,f,f,2,3,0,0.0,0,Scream. During sex.
m533,stepmom,conv_72566,ANNABELLE,JACKIE,f,f,2,11,0,0.0,0,How would you know sh... I live.  In the same country.
m533,stepmom,conv_72567,ANNABELLE,JACKIE,f,f,3,21,0,0.0,0,Oh God oh God Oh God oh God oh God Oh... ...why do you think? Because it feels really incredibly good.
m533,stepmom,conv_72568,ANNABELLE,JACKIE,f,f,2,15,0,0.0,0,"So why are you asking me? I like talking about it.  At least, to you."
m533,stepmom,conv_72569,ANNABELLE,JACKIE,f,f,8,90,3,0.0333,0,"Because it's quiet.  And he wants to talk.  Alise -- Once he saws you in half, it's bedtime... What are you gonna talk about? Probably you -- your brother -- school -- The solar system...The usual... Then why are you putting on mascara? I'm a little tired and it's just a pick-me-up. But you only wore mascara when you and Daddy went on romantic dates... Well Daddy and I are just friends now, and that's no reason not to wear mascara... Or blush.  You look pale."
m533,stepmom,conv_72570,ANNABELLE,JACKIE,f,f,3,63,1,0.0159,0,"Look she's upset -- No I'm not.  I don't care.  Why should I care?  I mean nobody asked me when you got divorced.  Nobody asked me if I wanted a new mother.  Nobody even asked me if I like her.  If you guys don't care about our family staying together, why sh... Daddy and I tried hard.  We really did."
m533,stepmom,conv_72571,ANNABELLE,JACKIE,f,f,3,31,0,0.0,0,But we do have a choice.  To make it better.  Instead of worse. Like how? Like seeing the good side of Rachel. So she'll see the good side of us.
m533,stepmom,conv_72572,ANNABELLE,JACKIE,f,f,2,10,0,0.0,0,That happens.  To families. I'll be there for you.
m533,stepmom,conv_72573,ANNABELLE,JACKIE,f,f,2,10,0,0.0,0,Wow.  Who's that for? Well.  It's for you.
m533,stepmom,conv_72574,ANNABELLE,JACKIE,f,f,2,25,0,0.0,0,I hope it's the right kind. Are you <u>kidding</u>?  It is <u>so</u> much better than the one Rachel showed me!
m533,stepmom,conv_72575,ANNABELLE,JACKIE,f,f,3,32,0,0.0,0,"...I mean, she knows all the music, and pop stars, and clothes and stuff. She's like still a kid, herself. Like a big sister. She knows every neat junk food place."
m533,stepmom,conv_72576,ANNABELLE,JACKIE,f,f,2,14,0,0.0,0,"Actually.  She's kind of cool, when you get to know her. I bet."
m533,stepmom,conv_72577,ANNABELLE,JACKIE,f,f,2,13,0,0.0,0,And don't tell her I told you. Secret's safe with me.
m533,stepmom,conv_72578,ANNABELLE,JACKIE,f,f,2,59,0,0.0,0,"I know how scared <u>I</u> get when <u>you're</u> sick.  So I waited to tell you.  Until it was getting smaller. I thought that was best, maybe I was wr... You lied.  If you lied <u>then</u>, maybe you're lying <u>now</u>.  I can <u>never</u> belive you <u>again</u>!"
m533,stepmom,conv_72579,ANNABELLE,JACKIE,f,f,2,31,0,0.0,0,"We make mistakes.  And we forgive each other.  Because we love each other, very m... Where's Rache?  It's <u>Thursday</u>, we get to be with <u>Rache</u>!"
m533,stepmom,conv_72580,ANNABELLE,JACKIE,f,f,2,10,0,0.0,0,I can't hear you. THEN TURN OFF THE CARTOON!
m533,stepmom,conv_72581,ANNABELLE,JACKIE,f,f,2,8,0,0.0,0,"I said... ...I'm not deaf, y'know."
m533,stepmom,conv_72582,ANNABELLE,JACKIE,f,f,2,13,1,0.0769,0,He wouldn't know.  <u>I</u> saw her in the shower! And...?
m533,stepmom,conv_72583,ANNABELLE,JACKIE,f,f,2,20,0,0.0,0,She is only the <u>Princess</u> of Cool. <u>Mommy</u> is the Queen! She is but an arriviste.
m533,stepmom,conv_72584,ANNABELLE,JACKIE,f,f,8,92,6,0.0652,0,"What's Thursd... A debate.  Man's inhumanity to woman.  He's pro women.  I'm con. Ms. Flannery is twisted. I could help with the debate. Great. Actually.  I could only help him. Every time I'm on the lunch yard, and he's with twelve of his retarded <u>dorkface</u> little adoring out-crowd <u>henchmen</u>... You don't like his friends. ...they all yell 'There goes the Virgin Queen' or the 'Ice Princess', or some <u>really</u> clever cut like that. Like it hurts my feelings."
m533,stepmom,conv_72585,ANNABELLE,JACKIE,f,f,3,13,1,0.0769,0,"You wouldn't kiss him, huh? Not with my mouth open. Good girl."
m533,stepmom,conv_72586,ANNABELLE,JACKIE,f,f,3,23,2,0.087,0,"And what do you do wh... I call him a fartface or a pervert, or something equally lame. You have to ignore him."
m533,stepmom,conv_72587,ANNABELLE,JACKIE,f,f,2,33,3,0.0909,0,"He's not even there.  You don't see him, you don't hear him, you're just too much of a woman to bother with little boys. This is a joke, right?"
m533,stepmom,conv_72588,ANNABELLE,JACKIE,f,f,2,6,0,0.0,0,"This'll work, huh? Oh, yeh."
m533,stepmom,conv_72589,ANNABELLE,JACKIE,f,f,2,9,0,0.0,0,How many devilled eggs can you eat? Maybe twenty.
m533,stepmom,conv_72590,ANNABELLE,JACKIE,f,f,3,10,0,0.0,0,Annabelle...wake up honey... Mom?  What's wrong? Nothing sweetheart.
m533,stepmom,conv_72591,ANNABELLE,JACKIE,f,f,5,118,2,0.0169,0,"Darling, I've been thinking about our little Brad problem?  And I think it's time we move to Plan B... You cannot <u>believe</u> what he said, it was the worst <u>instant</u> of my total life on <u>Earth</u>!! I know.  I know how rough life can be. And how unfair.  So here's what we do. Tomorrow, on the lunch yard, you walk <u>straight</u> <u>up</u> to that little jerk... And bring my knees up, <u>real</u> hard, yeh? No, that never solves anything.  You talk like the big girl you are.  About what you feel.  And how he's hurt you. You know?  You tell the truth."
m533,stepmom,conv_72592,ANNABELLE,JACKIE,f,f,2,13,0,0.0,0,I don't want to say goodbye. Don't. Take me with you.
m533,stepmom,conv_72593,ANNABELLE,JACKIE,f,f,3,19,0,0.0,0,Thank God.  I got to see you. Grown up. I'm not. Let me be the judge of that.
m533,stepmom,conv_72594,ANNABELLE,JACKIE,f,f,2,25,3,0.12,1,"Keep Ben's for awhile, okay?  Until he's old enough to not open them all at once. Until he's old enough to read."
m533,stepmom,conv_72595,ANNABELLE,JACKIE,f,f,5,37,0,0.0,0,Are you afraid for me?  Where I'm going. Yes. Don't be.  I'm going.  Where we all go.  Now how can that be bad. I'll miss you so much. Good.  That's very good.
m533,stepmom,conv_72596,ANNABELLE,RACHEL,f,f,4,75,3,0.04,0,You forgot to wash my purple shirt.  I told you a hundred times it was Purple Day at school today. I didn't forget.  I was up all night thinking about it and I concluded you're too special to look like everyone else.  Orange Red.  That's your color.  Few can carry it off.  Now please.  Help me find your brother. You lost Ben?! Of course not.  Does he look lost to you?  BENNNNN!!!
m533,stepmom,conv_72597,ANNABELLE,RACHEL,f,f,4,65,3,0.0462,0,"No.  I told you.  I like apple butter not butter butter. Here. Never mind.  I'll just eat my lunch. I'm almost done making it.  Alright Ben -- <u>you</u> deal with the tardy, <u>you</u> write yourself a note, your daddy <u>told</u> you he had an important case this morning and he had to leave early and we were AAAAGGGGHHHH!"
m533,stepmom,conv_72598,ANNABELLE,RACHEL,f,f,2,13,1,0.0769,0,I'm gonna beep daddy at work. He's badgering a witness.  Eat.
m533,stepmom,conv_72599,ANNABELLE,RACHEL,f,f,2,33,0,0.0,0,You swore.  You owe me a quarter.  Did you remember my egg carton?  I told you I needed my egg carton for seed planting today. Absolutely Duncan I'm on top of everything.
m533,stepmom,conv_72600,ANNABELLE,RACHEL,f,f,2,19,0,0.0,0,"I'm sorry, okay?  Let's not fi... Don't touch me!  I'm <u>allergic</u> to you!"
m533,stepmom,conv_72601,ANNABELLE,RACHEL,f,f,2,17,0,0.0,0,I don't have to listen to you!  You're not my mother. Thank God for that!
m533,stepmom,conv_72602,ANNABELLE,RACHEL,f,f,4,49,0,0.0,0,What I meant and perhaps I didn't say it well was you have a great mom.  You don't need another one.  But when you're at this house -- This is my daddy's house -- This is my house too! And this is my room so get out!
m533,stepmom,conv_72603,ANNABELLE,RACHEL,f,f,5,58,0,0.0,0,The timing was off -- I need this light. <u>Just</u> where I wanna be all Saturd... Hold lunch! But we're hungry -- and I have to pick up my costume for the pageant!  It starts at seven! It's only one o'clock...Why don't you get another Fudgesicle -- I'll be done soon -- really soon.
m533,stepmom,conv_72604,ANNABELLE,RACHEL,f,f,2,24,2,0.0833,0,Lunch time Sleeping Beauty.  Where's Ben?  Is he in the bathroom? I don't know...I feel like I'm gonna throw up.
m533,stepmom,conv_72605,ANNABELLE,RACHEL,f,f,2,20,5,0.25,1,What if he's kidnapped? He's not kidnapped he's -- he's just hiding -- he's just -- BENNNN?  GODDAMMIT!
m533,stepmom,conv_72606,ANNABELLE,RACHEL,f,f,2,16,0,0.0,0,"C'mon, these are the Bomb, I prom... Now could she just...<u>forget</u> me!"
m533,stepmom,conv_72607,ANNABELLE,RACHEL,f,f,2,27,0,0.0,0,"Your mom had to...help a friend with this...emergency?  And she called me. And we switched days.  Then, I got stuck on my shoot, and... MOMMY!"
m533,stepmom,conv_72608,ANNABELLE,RACHEL,f,f,2,23,0,0.0,0,"It's not to wear around, or any- thing, I'm <u>way</u> too young.  It's just for play. See, I..."
m533,stepmom,conv_72609,ANNABELLE,RACHEL,f,f,2,15,0,0.0,0,"She still packing for her trip? I <u>killed</u> my math quiz, A-minus."
m533,stepmom,conv_72610,ANNABELLE,RACHEL,f,f,4,67,1,0.0149,0,"You know what that creep and his frogfaced footmen are calling me <u>now</u>?  In front of the whole <u>world</u>? Frosty, the Snow Bitch!! That's so weak. Here's <u>weak</u>...Mom said she was gonna talk to the <u>teacher</u> and Brad's <u>parents</u>!!  Can you <u>believe</u> the <u>humiliation</u>??? Honey, she won't d..."
m533,stepmom,conv_72611,ANNABELLE,RACHEL,f,f,12,106,1,0.0094,0,"Annabelle, I know you miss your mother.  So why don't you say hello. Why don't you say hello? Annabelle pick up the phone. Annabelle pick up the phone. That doesn't bother me. That doesn't bother me. You think this is funny? You think this is funny? No.  I think it's ugly. You're just a <u>stepmother</u>.  So stop <u>bossing</u>, cos nobody's <u>listening</u>! June 3rd, God willing, I'll marry your Dad.  And then I <u>will</u> be your stepmom. And right now, I'm not looking forward to th... Suits me <u>fine</u>!"
m533,stepmom,conv_72612,ANNABELLE,RACHEL,f,f,2,13,0,0.0,0,"Oh, baby, I'm so sor... IT'S NOT YOUR <u>FAULT</u>!!"
m533,stepmom,conv_72613,ANNABELLE,RACHEL,f,f,2,31,1,0.0323,0,"I <u>did</u> what she said.  I <u>used</u> my words, I <u>told</u> him what I <u>felt</u>, and they... ...laughed, yeh.  They laughed real hard."
m533,stepmom,conv_72614,ANNABELLE,RACHEL,f,f,2,30,3,0.1,1,"Now is that little prick still here, because if he is, I'm gonna rip his fucking <u>heart</u> out! No, <u>his</u> mother's always on time."
m533,stepmom,conv_72615,ANNABELLE,RACHEL,f,f,2,36,0,0.0,0,"And Mom says anger never, never <u>solves</u> anything.  It makes every- thing <u>worse</u>. That's because your mother is a fine person, finer than I will ever be.  Now, just this once..."
m533,stepmom,conv_72616,ANNABELLE,RACHEL,f,f,3,29,0,0.0,0,"And you<u>don't</u> tell her.  What you're going to say. Not use my words, please! No, baby.  You're gonna use <u>my</u> words."
m533,stepmom,conv_72617,ANNABELLE,RACHEL,f,f,4,28,2,0.0714,0,"Help me here... Uh.  He thinks his nose is too big.  But it's not. Great.  Big ears, too? No.  But they stand out, a little. Like this."
m533,stepmom,conv_72618,ANNABELLE,RACHEL,f,f,4,58,3,0.0517,0,"Uh.  What is it? Oh.  It's an incredibly disgusting, and not remotely sexy thing, that they described in a movie I'd never let you go to.  But it's real.  Does he have an older brother? In high school. He'll be impressed.  The clincher is, you <u>walk</u> away, then <u>whip</u> around..."
m533,stepmom,conv_72619,ANNABELLE,RACHEL,f,f,3,72,4,0.0556,0,"The guy <u>I</u> see is in the eighth grade at <u>Prep</u> School, and he laughs his <u>ass</u> off every time we talk about you. But Rache... A <u>suitable</u> boy, will be at <u>this</u> flagpole, <u>on</u> Monday, with a <u>very</u> expensive bike, and he will be a stone FOX if I have to call an <u>escort</u> service!"
m533,stepmom,conv_72672,DR. SWEIKERT,JACKIE,f,f,2,14,0,0.0,0,"People beat it, don't they?  All the time. Every day.  More and more."
m533,stepmom,conv_72673,DR. SWEIKERT,JACKIE,f,f,2,13,0,0.0,0,"So we'll...radiate some more? At first.  Then, after awhile, some chemo."
m533,stepmom,conv_72674,DR. SWEIKERT,JACKIE,f,f,2,10,0,0.0,0,"That's necessary, huh? Let's take our best shot."
m533,stepmom,conv_72675,DR. SWEIKERT,JACKIE,f,f,2,26,3,0.1154,1,"I have to get dressed.  My ex-husband has asked me to dinner.  God knows why, he was very mysteri... Have you still never told him?"
m533,stepmom,conv_72676,DR. SWEIKERT,JACKIE,f,f,2,23,1,0.0435,0,Why would his worry?  Or my children's worry.  Or anyone's worry.  Help the sit... Sooner than later.  You really need to.
m533,stepmom,conv_72707,JACKIE,RACHEL,f,f,7,98,1,0.0102,0,"How do you hold down a job?  It's 8:10. You were supposed to be here at 7:00. She's missed her sunrise Groom'n Ride. This is Friday, her riding lesson is on Tuesdays.  I got it right here... Every Tuesday except the 3rd Tuesday of the month when it's switched to Friday except in April when she rides on Thursday.  It's not that hard.  Didn't you have a mother? Can I please have a cup of coffee? We don't have any coffee. What is this?  The Betty Ford Center? Annabelle, how's your video rep..."
m533,stepmom,conv_72708,JACKIE,RACHEL,f,f,4,40,1,0.025,0,"What happened with Annabelle?  Has nothing I said gotten through to you? Maybe you could back off just a little bit -- What did you do? Nothing.  Look, I want to talk to you about...well...Luke said to ask you..."
m533,stepmom,conv_72709,JACKIE,RACHEL,f,f,3,63,1,0.0159,0,"She's been talking about this little editing machine, it's only... ...a ridiculously <u>expensive</u> and <u>inappropriate</u> item, which her father and I have already <u>told</u> her she is <u>far</u> too young to own.  But <u>you</u> apparently want to <u>buy</u> her forgiveness, with... <u>Forgiveness?</u>  For <u>what</u>, exactly?"
m533,stepmom,conv_72710,JACKIE,RACHEL,f,f,3,35,2,0.0571,0,Luke was in the shower this morning and Annabelle sort of walked in without knocking. I'm sure that didn't upset her. Everyone in our family takes showers. I was in there in him.
m533,stepmom,conv_72711,JACKIE,RACHEL,f,f,9,179,4,0.0223,0,"Did you or Luke talk to her about it afterwards? No.  I thought it might be uncomfortable for her -- You mean for you.  A 10-year-old girl is coping with the fact that her father is never coming back to live with his family.  She sees her father naked with another woman for the first time. And you think it's best for her if every- one pretends it didn't happen?  This isn't going to work out. You're damn right.  I'm gonna sick of your imperious bullshit.  I never said I was Betty Fucking Crocker.  If every time life hits her in the face you want to have a 12 hour talk every third Friday or the month -- go ahead!  I have a life! Oh and I don't because I have a children?! The problem is you're too self-involved to ever be a mother. Maybe the problem is your <u>kids</u>.  Maybe they're spoiled, coddled <u>brats</u>! Get out! But it's not on the schedule! You got to hell!"
m533,stepmom,conv_72712,JACKIE,RACHEL,f,f,3,20,0,0.0,0,"Machines do not EAT message. Look, I... Of all the <u>cheap</u> excuses.  To break a child's heart."
m533,stepmom,conv_72713,JACKIE,RACHEL,f,f,2,11,0,0.0,0,Yeh? Think twice.  Before you <u>ever</u> pull that again.
m533,stepmom,conv_72714,JACKIE,RACHEL,f,f,2,32,0,0.0,0,Annabelle doesn't really want to talk to you right now. I'm sorry I didn't mean to break your concentration.  I thought it would be a nice moment to rememb...
m533,stepmom,conv_72715,JACKIE,RACHEL,f,f,2,29,0,0.0,0,"Jackie, if I thought for one moment... You listen carefully because I am only going to say this once.  That woman has nothing more to do with my children."
m533,stepmom,conv_72716,JACKIE,RACHEL,f,f,3,70,0,0.0,0,"I am not <u>here</u> to make it easier for you.  These are <u>my</u> children.  They don't want to <u>be</u> with you. Well, maybe they would if they thought it was okay, with y... A court <u>order</u> is gonna say that <u>woman</u> is <u>never</u> <u>alone</u> with my children!  Ever <u>again</u>!  Do you HEAR that?"
m533,stepmom,conv_72717,JACKIE,RACHEL,f,f,3,19,0,0.0,0,"...in. I'm sorry.  Look, I'm not real comfortable being here, but... I don't recall inviting you."
m533,stepmom,conv_72718,JACKIE,RACHEL,f,f,3,27,0,0.0,0,"I have a snoop. I didn't need you to take the blame for me, I'm quite... I didn't do it for you.  Believe me."
m533,stepmom,conv_72719,JACKIE,RACHEL,f,f,4,47,0,0.0,0,She already hates me.  You've seen to that. You're not terribly good at taking care of h... I need practice. Those are <u>my</u> children you're practicing on.  They deserve <u>first-</u> rate care.  Every minute.  Of every night.  And every day.
m533,stepmom,conv_72720,JACKIE,RACHEL,f,f,2,9,0,0.0,0,So why did y... I did it for her.
m533,stepmom,conv_72721,JACKIE,RACHEL,f,f,2,45,0,0.0,0,I have an appointment this after- noon.  I need someone to take them to the park. What?  And have Federal agents jump out of the bushes with court orders? How many years do you get in this state for giving second-rate care to minors?
m533,stepmom,conv_72722,JACKIE,RACHEL,f,f,3,26,0,0.0,0,"However many.  It's not enough. I'm already on thin ice.  Yesterday, I actually thought my boss was going to fire me. Fine, forget it."
m533,stepmom,conv_72723,JACKIE,RACHEL,f,f,5,60,1,0.0167,0,"Bandaids for cuts.  Bandaids for new shoe blisters.  Packet of Wash n Dri's. Kleenex.  Sugar free lollipops, potty seat covers for public restrooms... Why not just bring the whole toilet? Ben likes to be read to.  Do you know Dr. Seuss...? Not personally. Do you have a word limit you need to hit every day or can I finish?"
m533,stepmom,conv_72724,JACKIE,RACHEL,f,f,2,25,1,0.04,0,"Sorry I'm late, I got lost dropping Ben off at Kevin's. It's okay, it's twenty minutes.  The horse'll be there."
m533,stepmom,conv_72725,JACKIE,RACHEL,f,f,3,27,0,0.0,0,"I'm sorry, I just... Hey.  At least it's not an editing machine. No way.  I told her two, three years, maybe, for such an expens..."
m533,stepmom,conv_72726,JACKIE,RACHEL,f,f,7,40,0,0.0,0,What about obsessively picking her split ends? Anxiety. Last week when she chopped her Barbie's bangs all to hell -- She was angry at herself. Jackie? Yes? When I twisted hair like this it means I'm intimidated by you...
m533,stepmom,conv_72727,JACKIE,RACHEL,f,f,2,16,0,0.0,0,"You feeling all right? Not great.  Plus, I've got things on my mind.  You know."
m533,stepmom,conv_72728,JACKIE,RACHEL,f,f,2,15,0,0.0,0,...thinking of going back to Random House.  On a part-time basis. Wowie.  How wonderful!
m533,stepmom,conv_72729,JACKIE,RACHEL,f,f,2,16,0,0.0,0,"...make some trips into the city. Sometimes, overnight. Hey, any help you need, we'll cover."
m533,stepmom,conv_72730,JACKIE,RACHEL,f,f,2,22,1,0.0455,0,"Uh.  Have you told Luke and the ki... Let's...hold up for a bit.  It may not happen.  Our secret, okay?"
m533,stepmom,conv_72731,JACKIE,RACHEL,f,f,2,24,0,0.0,0,"I don't know wh... I was looking for Annabelle's book, and I found your tickets.  And the note.  From your new boss."
m533,stepmom,conv_72732,JACKIE,RACHEL,f,f,4,25,0,0.0,0,"My boss. You're not working at Random House, I talked to them. You WHAT? You're taking the kids.  And moving to San Francisco."
m533,stepmom,conv_72733,JACKIE,RACHEL,f,f,5,28,0,0.0,0,"Look, you've never liked me... Don't flatter yourself. And I know checking into your life was inexcusable... Nobody likes a snoop. But I came here to..."
m533,stepmom,conv_72734,JACKIE,RACHEL,f,f,2,32,1,0.0312,0,"Bi-coastal parenting.  Happens every day.  Luke gets the kids every other summer, every other holiday, it's not ideal, but people make it work, and... We can't live like that."
m533,stepmom,conv_72735,JACKIE,RACHEL,f,f,2,11,1,0.0909,0,Did I hear the word... Luke.  Can't live like that.
m533,stepmom,conv_72736,JACKIE,RACHEL,f,f,2,20,1,0.05,0,"Then let him talks to me.  We don't need you to solve our prob... ...it's my problem, too."
m533,stepmom,conv_72737,JACKIE,RACHEL,f,f,2,22,0,0.0,0,I got used to...thinking of them. As...my kids too. Really.  By what right?  Six months of part-time screw-ups?
m533,stepmom,conv_72738,JACKIE,RACHEL,f,f,2,25,0,0.0,0,"Life's a trade-off.  You get cancer, your hair falls out, but you <u>do</u> get to smoke dope. You're not dying."
m533,stepmom,conv_72739,JACKIE,RACHEL,f,f,4,21,0,0.0,0,"You bet you are. How the hell would you know? I don't, but... How would you know <u>anything</u>?"
m533,stepmom,conv_72740,JACKIE,RACHEL,f,f,2,37,1,0.027,0,"And cigarettes.  I smoke, too. You are <u>marrying</u> the <u>greatest</u> guy who walks this <u>earth</u>.  Who I have <u>loved</u> from my <u>heart</u> for twelve<u>years</u>!"
m533,stepmom,conv_72741,JACKIE,RACHEL,f,f,3,44,0,0.0,0,"They came out of my <u>body</u>! See, I know that. I have given them more<u>love</u> and more <u>care</u> every fifteen <u>minutes</u> of their lives, than you could manage in the next fifty <u>years</u>!"
m533,stepmom,conv_72742,JACKIE,RACHEL,f,f,2,6,0,0.0,0,"Okay, I'm undeserving. Ironic, huh?"
m533,stepmom,conv_72743,JACKIE,RACHEL,f,f,2,13,1,0.0769,0,Small world. Luke's depo ran late.  I promised I'd take notes.
m533,stepmom,conv_72744,JACKIE,RACHEL,f,f,3,26,0,0.0,0,So I have to tell you something in confidence... You're a cross-dresser. That.  And.  Annabelle is over her head.  With Brad 'The Dreamboat' Kovitsky.
m533,stepmom,conv_72745,JACKIE,RACHEL,f,f,2,17,0,0.0,0,She hasn't mentioned this. She was afraid you'd make a big deal out of it.
m533,stepmom,conv_72746,JACKIE,RACHEL,f,f,2,10,0,0.0,0,Moi? Toi.  They've been 'going out' for two weeks.
m533,stepmom,conv_72747,JACKIE,RACHEL,f,f,3,73,1,0.0137,0,"As you may know, 'going out' in the six grade doesn't mean shit.  They don't actually <u>go</u> to a movie or anywhere, they don't even eat lunch together, it's just a declaration to the world that they're... ...going out, yeh.  I had kids of my own, once. Anyway.  He walks up to her on lunch yard today.  And tells her... publicly...that they're 'breaking up.'"
m533,stepmom,conv_72748,JACKIE,RACHEL,f,f,4,64,0,0.0,0,"Oh, my God. Right.  Which is the whole <u>point</u> of this 'going out' thing, so one of them can dump the other one, and they can imitate the whole passionate adult soap opera tragedy, without ever having to actually date. She's devastated. Doesn't <u>begin</u> to describe it. I mean, you've got cancer, <u>this</u> is serious."
m533,stepmom,conv_72749,JACKIE,RACHEL,f,f,2,8,0,0.0,0,And you said...? Beats me.  Ask your mom.
m533,stepmom,conv_72750,JACKIE,RACHEL,f,f,2,20,0,0.0,0,"Can I look at the pictures? It's a mess, right now.  That's my project when I get back."
m533,stepmom,conv_72751,JACKIE,RACHEL,f,f,2,10,0,0.0,0,"So.  Hopeful. It's promising, this one.  We're upbeat."
m533,stepmom,conv_72752,JACKIE,RACHEL,f,f,3,29,0,0.0,0,"I really look like shit. You look sick.  But you look... together.  Mentally tough. Yeh, that's bull.  I'm going for serene, they say some actually get there."
m533,stepmom,conv_72753,JACKIE,RACHEL,f,f,2,34,0,0.0,0,"You try to center on the big issues, y'know.  What it's all about.  What this whole trip has meant.  But then, the <u>really</u> big issues keep swamping y... Brad Kovitsky."
m533,stepmom,conv_72754,JACKIE,RACHEL,f,f,2,17,0,0.0,0,The primo stuff is great for pain. I think my 'primo shit' got left in my 'bellbottoms.'
m533,stepmom,conv_72755,JACKIE,RACHEL,f,f,3,17,1,0.0588,0,He's relentless.  A <u>major</u> asshole. And you said... What else?  Keep on keepin' on.
m533,stepmom,conv_72756,JACKIE,RACHEL,f,f,3,27,2,0.0741,0,"Eat your heart out.  Is Annabelle there? Yeh, she's...I'll get you Ben first, it's past his bedti... How's she doing with Brad?"
m533,stepmom,conv_72757,JACKIE,RACHEL,f,f,2,30,0,0.0,0,"Can I say one thing?  I mean, the <u>last</u> thing I want to do is inter- fere on the Brad thing, b... Thanks, but it's under control."
m533,stepmom,conv_72758,JACKIE,RACHEL,f,f,2,50,0,0.0,0,"Yah?  Well, even the best mom in the world, the smartest, the wisest, whatever.  Needs to know when to find a Plan B.  Cos Plan A <u>is</u> not and <u>will</u> n... It's <u>covered</u>, okay?  I appreciate your concern.  Can I talk to her?"
m533,stepmom,conv_72759,JACKIE,RACHEL,f,f,2,15,0,0.0,0,"Hon, maybe your mom would like t... ...go to the park.  In the worst way."
m533,stepmom,conv_72760,JACKIE,RACHEL,f,f,2,15,0,0.0,0,I'm thinking.  Do I know you well enough to really chew you out? No.
m533,stepmom,conv_72761,JACKIE,RACHEL,f,f,4,35,0,0.0,0,"It's just not the right time t... Do what you've worked your whole life to do? It was just a job, there'll be plenty of others. You mean, after I'm dead?"
m533,stepmom,conv_72762,JACKIE,RACHEL,f,f,4,105,1,0.0095,0,"Hey, you haven't quit on you, I'm sure as hell not gonna.  I just mean, I'm juggling a lot right n... Juggle it!  Move the darkroom into your house.  You've got that room downstairs with the treadmill Luke never uses anyway.  Don't lose your confidence.  Don't lose your edge. It's the same choice you made. Yes.  I made the choice that was right for me.  And I don't regret it.  But even for me, there were days when I felt so lost, so invis- ible.  And then I'd hate myself for the kids not being enough."
m533,stepmom,conv_72763,JACKIE,RACHEL,f,f,3,83,1,0.012,0,"I know you, huh?  The car pools, he measles, the PTA.  It's not gonna be enough for you in the long run.  You have to think long term. I just want to spend time with them when I'm not rushing or on the phone or tired or... That's motherhood.  That's the job, with or without a career. I'm telling you the biggest gift you can give them is your happiness. They <u>need</u> you to be happy."
m533,stepmom,conv_72764,JACKIE,RACHEL,f,f,2,10,0,0.0,0,My advice to you?  Don't die. Feeling the pressure?
m533,stepmom,conv_72765,JACKIE,RACHEL,f,f,3,43,3,0.0698,0,"Somehow, his blanket always looked like a cape, even the nurse said that.  He <u>loves</u> to hear that story, over and over.  How he was born a magician. And her...? Took 28 hours.  She just wasn't sure about entering this world."
m533,stepmom,conv_72766,JACKIE,RACHEL,f,f,3,36,3,0.0833,0,That thing you said before.  Pushing the guy sleeping next to you away. Because of what you gave up for motherhood... Is that what he told you? He won't discuss it.  Just calls it history.
m533,stepmom,conv_72767,JACKIE,RACHEL,f,f,2,24,1,0.0417,0,"You really didn't have to come, you know.  I'd have brought them straight t... Who in the world <u>is</u> he?"
m533,stepmom,conv_72768,JACKIE,RACHEL,f,f,2,15,2,0.1333,1,Looks nice enough to m... He looks familiar.  Did he do a Calvin Klein ad?
m533,stepmom,conv_72769,JACKIE,RACHEL,f,f,4,24,0,0.0,0,"Now we're going to have a fight, you and I. Are we. And I'm going to win. Don't be too sure."
m533,stepmom,conv_72770,JACKIE,RACHEL,f,f,4,40,0,0.0,0,"Now, 'limp dick', I know.  What. Is 'snowballing'? It doesn't matter, I didn't tell h... Because there'll be, oh, 20 or 30 mothers phoning me in the next hour or so.  And they'll b... Give 'em my number."
m533,stepmom,conv_72771,JACKIE,RACHEL,f,f,4,37,0,0.0,0,Actually.  They'll want Annabelle's mother. Is that what you're worried about? Looking bad at the PTA? You are <u>defending</u> what you did? Right down to the ground.  Let's get to it.
m533,stepmom,conv_72772,JACKIE,RACHEL,f,f,4,27,0,0.0,0,You put filth in my child's mouth. Aw. You had her <u>lie</u> about that... that fancy-boy <u>model</u>! Worked.  Like a charm.
m533,stepmom,conv_72773,JACKIE,RACHEL,f,f,2,23,0,0.0,0,"She was beaten, and bloodied, and it was going to go on, uni... So you became the hero.  And I became the schmuck."
m533,stepmom,conv_72774,JACKIE,RACHEL,f,f,5,72,0,0.0,0,"You taught my child that I am some limp dick <u>loser</u>.  Who didn't <u>care</u> about her pain. That's not wh... You think <u>I</u> didn't have some dirty words for that little putz?  You think <u>I</u> couldn't figure out some low blows? You weren't passing 'em out. Well, maybe <u>your</u> version of growing up is 'Just win, baby'."
m533,stepmom,conv_72775,JACKIE,RACHEL,f,f,3,31,0,0.0,0,"See, in that crisis, I saw an opportunity.  For some <u>real</u> growth. Oh please. Shut the fuck up.  <u>I</u> didn't go behind <u>your</u> back."
m533,stepmom,conv_72776,JACKIE,RACHEL,f,f,3,83,0,0.0,0,"Doing the <u>right</u> thing.  Knowing who you <u>are</u>, inside.  Not <u>caving</u> to peer pressure, or <u>lowering</u> yourself to that level, <u>steering</u> your <u>own</u> course... She wasn't steering her own course, she was steering <u>yours</u>. Well, that's what parenting is <u>about</u>, little girl.  They are <u>pleading</u> to know how they are supposed to do it. And you sure as hell <u>showed</u> her."
m533,stepmom,conv_72777,JACKIE,RACHEL,f,f,2,46,0,0.0,0,"And there will come <u>another</u> moment. When the stakes are <u>really</u> there. And she will look back on this.  And remember how good it felt.  How easy it was. And she'll fight back again.  God help me, what have I done."
m533,stepmom,conv_72778,JACKIE,RACHEL,f,f,2,32,0,0.0,0,You've turned her into you.  And I may not get another chance.  To turn her back. <u>That's</u> what it is.  And that's <u>all</u> it is.
m533,stepmom,conv_72779,JACKIE,RACHEL,f,f,2,9,0,0.0,0,Thanks for coming out. Neutral ground.  What's up?
m533,stepmom,conv_72780,JACKIE,RACHEL,f,f,2,7,0,0.0,0,"She likes a Stolie, no ice. Double."
m533,stepmom,conv_72781,JACKIE,RACHEL,f,f,2,18,0,0.0,0,What's this about?  Because we <u>fought</u>? Don't flatter yourself.  I always liked that line.
m533,stepmom,conv_72782,JACKIE,RACHEL,f,f,3,39,1,0.0256,0,"I love Luke, I love the children. But there is more to life than even love... No, there isn't. And I have looked down the road. At what my life will be.  And I can't handle it."
m533,stepmom,conv_72783,JACKIE,RACHEL,f,f,2,33,0,0.0,0,"I never wanted to be a mom.  Then, sharing it with you was one thing. Carrying it alone, the rest of my life... Is scary.  But you want it.  Gimme some truth here."
m533,stepmom,conv_72784,JACKIE,RACHEL,f,f,3,48,0,0.0,0,"Well, it's the Jack Kennedy Syndrome, huh?  You die young, you always look golden.  Perfect.  The memory kind of burnishes the image, and... Come on, a wuss like me?  The stiff who wouldn't help her own daughter fight back? Maybe I was wrong on that one."
m533,stepmom,conv_72785,JACKIE,RACHEL,f,f,4,51,2,0.0392,0,"You're lying. I lost him.  I was panicked. You are lying, you never lost that kid for 4 <u>seconds</u>, you could find him from a <u>coma</u>, there is no WAY! I was running around like a chicken with my head chopped off.  Doing my imitation of you."
m533,stepmom,conv_72786,JACKIE,RACHEL,f,f,2,34,3,0.0882,0,"Ben never mentioned it. He only remembers I <u>found</u> him.  My point is, telling you this story would have been the kindest, most helpful thing I could ever have done for you."
m533,stepmom,conv_72787,JACKIE,RACHEL,f,f,2,9,0,0.0,0,Why didn't I? Uh.  You hate my guts?
m533,stepmom,conv_72788,JACKIE,RACHEL,f,f,8,67,0,0.0,0,"With good reason.  They fucking worship you as it is. What do I have that you don't? Everything.  You're...the Earth Mother incarnate... You're the hip and fresh. You ride with Annabelle... You'll learn. You know every story, every wound, every memory, their whole life's <u>happiness</u> has been wrapped up in <u>you</u>, every moment... I have their past."
m533,stepmom,conv_72789,JACKIE,RACHEL,f,f,2,33,0,0.0,0,"Now Edna says you short-changed your last meds.  You can do presents and be comfortable at the same time, y'know. Just want to be a little sharper. For a few minutes."
m533,stepmom,conv_72790,JACKIE,RACHEL,f,f,2,29,0,0.0,0,"You know, there's nothing you have to say.  Because they know your heart.  You don't have t... Just sit me up.  Nice and tall. Bring Benjamin first."
m540,supergirl,conv_73540,BIANCA,SELENA,f,f,3,22,0,0.0,0,"I said stop, I didn't say run into a brick wall. What is it? The Coffer of Shadow. Look at it."
m540,supergirl,conv_73541,BIANCA,SELENA,f,f,2,15,1,0.0667,0,What does it mean? The danger. The one Nigel spoke of. It must be near .
m540,supergirl,conv_73542,BIANCA,SELENA,f,f,2,11,0,0.0,0,"Oh, fiddlesticks. What could be dangerous about a baseball game? Softball."
m540,supergirl,conv_73543,BIANCA,SELENA,f,f,3,20,0,0.0,0,It must be the girls. One of the girls. But which one? Drive on. We have already attracted enough attention.
m540,supergirl,conv_73544,BIANCA,SELENA,f,f,2,37,0,0.0,0,"We'll bide our time and keep watch. Young girls just can't keep a secret. If one of them's up to something--we'll find out. And then, like great cats---we pounce! And destroy!"
m540,supergirl,conv_73545,BIANCA,SELENA,f,f,2,16,0,0.0,0,"Bianca, try not to be so bloodthirsty when you're at the wheel. OK? Sorry, mistress."
m540,supergirl,conv_73546,BIANCA,SELENA,f,f,3,15,2,0.1333,1,Is he your entertainment for tonight? He will be. In about five minutes. Have fun.
m540,supergirl,conv_73547,BIANCA,SELENA,f,f,2,18,0,0.0,0,I came as quickly as I could. What is the danger? It's what we were warned about.
m540,supergirl,conv_73548,BIANCA,SELENA,f,f,2,7,0,0.0,0,"A Storm Dragon? No, a super girl."
m540,supergirl,conv_73549,BIANCA,SELENA,f,f,5,33,0,0.0,0,"Why did she have to show up now? Eliminate her. That's easy for you to say, Bianca. You can do it. You're the most powerful woman on Earth. Am I? Still?"
m540,supergirl,conv_73550,BIANCA,SELENA,f,f,3,46,0,0.0,0,"Yes! You own the Coffer of Shadow. Nothing can withstand its power. I've been saving it. For the right moment. That moment is now! What good is a sword unless it be unsheathed? Use it, and no one will dare oppose you again. No one."
m540,supergirl,conv_73551,BIANCA,SELENA,f,f,2,28,0,0.0,0,What do I do?  I don't know her name. The Naming of Names is not necessary. Just concentrate on her face. Your Shadow will do the rest.
m540,supergirl,conv_73552,BIANCA,SELENA,f,f,2,19,0,0.0,0,"Next time, remind me to do this out in the yard. Yes, of course, it was foolish of me."
m540,supergirl,conv_73553,BIANCA,SELENA,f,f,3,17,0,0.0,0,I think I'd better keep it. Whatever you say. Yes. Whatever I say.  From now on.
m540,supergirl,conv_73554,BIANCA,SELENA,f,f,3,28,0,0.0,0,Home? No way. I'm not going to let that little hussy make a monkey out of me. Is it her that's bothering you--or your gardener?
m540,supergirl,conv_73555,BIANCA,SELENA,f,f,2,18,0,0.0,0,"Sure glad you didn't let make a monkey of you. Shut up, and get me a hacksaw."
m540,supergirl,conv_73556,BIANCA,SELENA,f,f,4,39,0,0.0,0,"I don't feel like it right now. She didn't take it from you, did she? That little girl? Ha.  Now go on, get me some tools. There's no need. I learned the Craft from my 						grandmother."
m540,supergirl,conv_73557,BIANCA,SELENA,f,f,3,20,0,0.0,0,At last. Ultimate Power. And the first thing we do is get rid of Supergirl! What do you mean we?
m540,supergirl,conv_73631,LINDA,LUCY,f,f,2,14,0,0.0,0,I can do that. No sweat. When's the rest of your stuff arriving?
m540,supergirl,conv_73632,LINDA,LUCY,f,f,2,9,0,0.0,0,There isn't any. This is all your clothes?
m540,supergirl,conv_73633,LINDA,LUCY,f,f,7,78,0,0.0,0,"I have money to buy more, but I haven't had a chance since... Since what?? Did you have a fire at your house or something? I'd rather not talk about it. You're not...an orphan are you? My cousin Clark is my only relative on Earth. Oh wow, I should've known. Me and my big mouth. Listen, you can borrow any of my clothes you want. Any time. Thank you. You're very kind."
m540,supergirl,conv_73634,LINDA,LUCY,f,f,2,8,0,0.0,0,She did that deliberately. She's a beast.
m540,supergirl,conv_73635,LINDA,LUCY,f,f,2,11,0,0.0,0,How'd you do that? Must've been a defective puck.
m540,supergirl,conv_73636,LINDA,LUCY,f,f,3,25,0,0.0,0,Keep an eye peeled for Myra. She's out to get you. But what for? She just hates anybody who isn't afraid of her.
m540,supergirl,conv_73637,LINDA,LUCY,f,f,2,10,0,0.0,0,Your hair looks the same. It was just a trim.
m540,supergirl,conv_73638,LINDA,LUCY,f,f,2,7,0,0.0,0,No thanks. You go on. You sure?
m540,supergirl,conv_73639,LINDA,LUCY,f,f,5,67,1,0.0149,0,"Linda babes! There's this all-night party at Eddie's... his folks are away... Oh, I don't know. I'm not signed out for an overnight. Go back, sign in, and climb out the bathroom window. McCloskey's always zonked out: she'll never hear you. It doesn't seem right. Please, as a favour to me? So I won't  be the only girl?"
m540,supergirl,conv_73640,LINDA,LUCY,f,f,2,14,2,0.1429,1,"Why is he acting so strangely? I dunno, but he's gonna get creamed."
m540,supergirl,conv_73641,LINDA,LUCY,f,f,2,8,0,0.0,0,Lucy; come back! Somebody's gotta do something!!
m540,supergirl,conv_73642,LINDA,LUCY,f,f,2,27,0,0.0,0,I'm afraid I have some bad news about your car. Mr. Danvers called. I'll get a new one with the insurance money. B.F.D.
m540,supergirl,conv_73643,LINDA,LUCY,f,f,3,44,4,0.0909,0,"Listen, I know I've been saying you ought party more, but keep your hands off this one, will yak? He's private property. I've been waiting years for him to develop. He's nice. Nice? He's cute enough to melt lead!"
m540,supergirl,conv_73644,LINDA,LUCY,f,f,3,42,0,0.0,0,"You're not gonna stay for the ice cream? I have to get back. I'm having dinner with the Danvers. Again? You're getting real tight with them. You're gonna be a straight-A student---just kidding, thanks for coming."
m540,supergirl,conv_73661,SELENA,SUPERGIRL,f,f,2,15,0,0.0,0,That was meant for me! Thank you. I'm going to close this up again.
m540,supergirl,conv_73662,SELENA,SUPERGIRL,f,f,3,23,1,0.0435,0,Who are you ? I am Selena. Give him to me. Now. Or you'll both be sorry. I don't scare that easily.
m540,supergirl,conv_73663,SELENA,SUPERGIRL,f,f,3,18,0,0.0,0,That ought to keep you out of my hair for a while. A cheap trick. Cheap but effective.
m540,supergirl,conv_73664,SELENA,SUPERGIRL,f,f,2,20,0,0.0,0,The Danvers. And two of your little friends. It's just one more crime you'll have to pay for.
m540,supergirl,conv_73665,SELENA,SUPERGIRL,f,f,2,11,0,0.0,0,"You've run out of things to throw, Selena. Not yet."
m540,supergirl,conv_73666,SELENA,SUPERGIRL,f,f,2,11,0,0.0,0,I'm free. I can never thank you enough. For what?
m540,supergirl,conv_73667,SELENA,SUPERGIRL,f,f,2,58,0,0.0,0,Ever since I found that thing I've been like a prisoner in a terrible nightmare. You have no idea how awful it is to be mean all the time. Your nightmares are over. I'm taking this back to Argo City where it won't be misused.  You could come too. It might be safer for you.
m540,supergirl,conv_73668,SELENA,SUPERGIRL,f,f,3,21,0,0.0,0,What's it like? It's the most beautiful place in the universe. Sounds O.K. to me. Let's go.
m540,supergirl,conv_73669,SELENA,SUPERGIRL,f,f,2,13,0,0.0,0,Where is inner space? It's everywhere. But water is always the door.
m540,supergirl,conv_73670,SELENA,SUPERGIRL,f,f,3,29,0,0.0,0,"They'll be grateful. If you hadn't found it, it would still be lost. Look, up ahead. Yes, I see it. Shining like a jewel. That's home."
m541,superman iii,conv_73803,LORELEI,VERA,f,f,2,20,1,0.05,0,"Ross, honey, it's time for your massage... Bubba, does this woman have the right to burst in without knocking...!"
m541,superman iii,conv_73804,LORELEI,VERA,f,f,2,33,0,0.0,0,"If you don't mind, we are trying to hold a meeting here! Why don't you hold your breath, instead? Maybe you'll turn blue. On you that'd be an improvement."
m541,superman iii,conv_73805,LORELEI,VERA,f,f,3,41,0,0.0,0,"Why stop at coffee!  A cup of coffee gets the world off to work in the morning, but what keeps the world working? Diet soda? Energy! And when they say ""Energy"" what do they mean? Nuclear? too dangerous. Solar?? Too underdeveloped."
m541,superman iii,conv_73806,LORELEI,VERA,f,f,3,20,0,0.0,0,"How would you know? Hey, I know a lot of things! So I understand from the graffiti I've seen."
m541,superman iii,conv_73807,LORELEI,VERA,f,f,2,43,3,0.0698,0,"""At a special session of the General Assembly, 178 countries voted to censure Superman. With only Columbia abstaining."" ROSS That fella's becoming a public menace. And he use to be such a sweetie pie! What's wrong with him the last two weeks?"
m541,superman iii,conv_73808,LORELEI,VERA,f,f,4,22,0,0.0,0,I can't see anything. Turn on the light. Where's the light switch? Where do you usually find a light switch?
m541,superman iii,conv_73809,LORELEI,VERA,f,f,3,21,2,0.0952,0,"Come on, will you?  We've got to get ready before he gets here. Gus? Superman. The boy you left behind."
m541,superman iii,conv_73810,LORELEI,VERA,f,f,2,20,0,0.0,0,"You! Activate circuits 29 through W7 and start Full Power Coordinates on Exterior Defensive Systems: In other words, push this red button."
m541,superman iii,conv_73811,LORELEI,VERA,f,f,3,16,2,0.125,1,"Oh, Superman! Cut the mush, Lorelei. He's after our skin! He can have mine. Anytime."
m541,superman iii,conv_73812,LORELEI,VERA,f,f,2,17,0,0.0,0,I can't! It's out of control! But how? Where's it getting the power from ???!
m543,superman iv: the quest for peace,conv_73981,LACY,LOIS,f,f,2,13,2,0.1538,1,Is he for real? One hundred percent.  And I like him that way.
m543,superman iv: the quest for peace,conv_73982,LACY,LOIS,f,f,2,45,4,0.0889,0,"I think he's kind of cute. Forget it, Princess. Clark is the world's oldest boy scout  Trustworthy, loyal, obedient, helpful... and I don't remember the rest, but he's them too. And I promise, he's not interested in anyone like you."
m543,superman iv: the quest for peace,conv_73983,LACY,LOIS,f,f,2,12,1,0.0833,0,"But all men like me, Lois. I'm very rich. . . . And  very naïve!"
m543,superman iv: the quest for peace,conv_73984,LACY,LOIS,f,f,2,13,0,0.0,0,This letter was addressed to Superman care of me. Superman gets mail here?
m543,superman iv: the quest for peace,conv_73985,LACY,LOIS,f,f,3,35,0,0.0,0,I think there's an angle. An angle? Daddy loves to whip up campaigns! People eat it up. We'll make this kid a celebrity. The whole world will be waiting for Superman's answer.
m543,superman iv: the quest for peace,conv_73986,LACY,LOIS,f,f,5,83,10,0.1205,1,"I know I'm not exactly a Girl Scout but . . . maybe if I show him I'm trying . . . he'll like me. Who? Clark. He's late again.  I can't figure him out. That's because there's nothing to figure out. Now will you please pay attention. I'm not through insulting your father. Lois, have you ever fallen for a guy and he's not like other guys . . . he's different. It's like you come from two different worlds."
m543,superman iv: the quest for peace,conv_73987,LACY,LOIS,f,f,4,32,4,0.125,1,"And your heart beats faster just thinking about him. Right . . . you want to tell him how you feel . . . But he's never there. Why, Lois, I didn't know . . . Who is he?"
m543,superman iv: the quest for peace,conv_73988,LACY,LOIS,f,f,2,8,1,0.125,1,What's he going to say? Something . . . wonderful.
m543,superman iv: the quest for peace,conv_73989,LACY,LOIS,f,f,2,7,0,0.0,0,What's that? Our other dinner guest.
m543,superman iv: the quest for peace,conv_73990,LACY,LOIS,f,f,3,25,4,0.16,1,"Where's Clark? He was getting on . . . and then this man with luggage and . . .  oh, it's a long story. It always is with Clark."
m549,the terminator,conv_74634,GINGER,SARAH,f,f,3,33,3,0.0909,0,I had him hooked.  He was just about to ask me out. I could tell. That guy's a jerk.  I did you a favor. I'll do the same for you sometime.
m549,the terminator,conv_74635,GINGER,SARAH,f,f,2,5,0,0.0,0,What do you think? Great.
m549,the terminator,conv_74636,GINGER,SARAH,f,f,5,21,0,0.0,0,"Great. You're a big help. Alright, the beige one. I hate the beige one. Don't wear the beige one."
m549,the terminator,conv_74637,GINGER,SARAH,f,f,2,10,0,0.0,0,Not lately.  Did you check messages? I thought you did.
m549,the terminator,conv_74638,GINGER,SARAH,f,f,2,22,2,0.0909,0,"That bum.  So what if he has a Porsche, he can't treat you like that...it's Friday night for crissakes."
m549,the terminator,conv_74639,GINGER,SARAH,f,f,2,19,0,0.0,0,"I'm going to a movie, kiddo. See ya'.  You and Matt have a good time. We will, kiddo."
m551,the haunting,conv_74930,MRS. DUDLEY,NELL,f,f,3,17,0,0.0,0,It's make the soup or answer the door.  Can't do both. Mrs. Dudley. So far.
m551,the haunting,conv_74931,MRS. DUDLEY,NELL,f,f,3,26,0,0.0,0,"They're so beautiful.  Aren't they? I've seen 'em.  Lot to dust. Well, I've never lived with beauty.  You must love working here."
m551,the haunting,conv_74932,MRS. DUDLEY,NELL,f,f,3,105,0,0.0,0,"It's a job.  I keep banker's hours.  I set dinner on the dining room sideboard at six.  You can serve yourselves.  Breakfast is ready at nine.  I don't wait on people.  I don't stay after dinner.  Not after it begins to get dark.  I leave before dark comes.  We live in town.  Nine miles.  So there won't be anyone around if you need help.  We couldn't even hear you, in the night. Why would we -- -- no one could.  No one lives any nearer than town.  No one will come any nearer than that.  In the night.  In the dark."
m551,the haunting,conv_74933,MRS. DUDLEY,NELL,f,f,2,18,0,0.0,0,No one could.  No one lives any nearer than town. No one will come any nearer than that.
m551,the haunting,conv_74934,NELL,THEO,f,f,8,56,0,0.0,0,"And what you're wearing, that's great, too. This?  It's from a thrift shop. What did it cost? Fifteen dollars. That'd be seventy in New York. You stole it! It's all I could afford. Wait.  You're not wearing that ironically?  This is really you? I don't know what you mean."
m551,the haunting,conv_74935,NELL,THEO,f,f,5,48,0,0.0,0,"Don't worry, I probably won't be in here much.  Light sleeper. That's why we're here. What do you do? I'm between jobs right now.  My last job... it... the person I was working for... the job ended. Over.  So... And you? That depends."
m551,the haunting,conv_74936,NELL,THEO,f,f,7,128,3,0.0234,0,"Not really. Don't tell me Boston is different from New York. Ohh, sure, you have trouble with commitment. My boyfriend thinks so, my girlfriend doesn't.  If we could all live together... but... they hate each other.  It's hard to be Miss Perversity when you're the only one at the party.  D'you know what I mean? No. A blank canvas!  I could paint your portrait, directly on you. Or maybe not.  So, you?  Husbands? Boyfriends?  Girlfriends?  Where do you live? I don't have anyone.  But I do have a little apartment of my own.  It has a little flower garden.  You can just see the ocean.  At night, when the wind comes in just right, you can hear the buoys in the harbor."
m551,the haunting,conv_74937,NELL,THEO,f,f,2,3,0,0.0,0,Jeez. I know.
m551,the haunting,conv_74938,NELL,THEO,f,f,2,12,0,0.0,0,I love this house.  I really love this house. You're okay.
m551,the haunting,conv_74939,NELL,THEO,f,f,2,32,3,0.0938,0,"A monster?  But he built this for the woman he loved, like the Taj Mahal. The Taj Mahal wasn't a palace, it was a tomb.  Why didn't he tell us?"
m551,the haunting,conv_74940,NELL,THEO,f,f,3,25,0,0.0,0,"You've been out of the world for a long time, haven't you? Yes.  I've missed it. No.  The world has missed you."
m551,the haunting,conv_74941,NELL,THEO,f,f,2,9,0,0.0,0,"Good night, Theo. You, too.  Happy tossing and turning."
m551,the haunting,conv_74942,NELL,THEO,f,f,2,21,1,0.0476,0,"If this was some sort of joke, I'm going to kill him. You know it wasn't a joke, Theo."
m551,the haunting,conv_74943,NELL,THEO,f,f,2,15,0,0.0,0,"Yes.  I feel realy rested, too. Theo? I guess.  Oh, your hair!  It looks good."
m551,the haunting,conv_74944,NELL,THEO,f,f,2,20,3,0.15,1,How could he have left without his keys? Two sets.  I don't know.  Maybe they're not even his.
m551,the haunting,conv_74945,NELL,THEO,f,f,4,16,1,0.0625,0,Watts? What's his first name? David. David?  David Watts?  Can you hear us?  David!  Daviiiiid!
m551,the haunting,conv_74946,NELL,THEO,f,f,2,38,6,0.1579,1,"David? Maybe he never came in.  If he'd come in, he would have left his bags at the door, right?  Or maybe he got here early, and went for a walk, and fell.  Maybe he's outside."
m551,the haunting,conv_74947,NELL,THEO,f,f,2,8,0,0.0,0,"Is it over? No, it's getting worse."
m551,the haunting,conv_74948,NELL,THEO,f,f,4,29,1,0.0345,0,"Theo... Did you? Maybe you did it yourself. Why? I don't know.  You've been alone for a long time, maybe you want attention.  Maybe he did it..."
m551,the haunting,conv_74949,NELL,THEO,f,f,3,33,1,0.0303,0,"That's so sad. There's hundreds of them.  This must be a record of the children who died at the mills, like Luke said. Before he painted your name over Mister Crain."
m551,the haunting,conv_74950,NELL,THEO,f,f,3,58,4,0.069,0,"Well, it wasn't me.  Mister Dudley had to clean it and he knows that he's in charge of all the messes so why would he make more work for himself and...  You said the Good Doctor was with you. I don't know what to think anymore. Just think about one thing right now: What color?"
m551,the haunting,conv_74951,NELL,THEO,f,f,3,11,0,0.0,0,I've never had a pedicure before. Well? Red.  What else?
m551,the haunting,conv_74952,NELL,THEO,f,f,2,32,0,0.0,0,"I'm sorry I was mad at you, Theo. Me too.  Although I learned one thing about you, that you don't know about yourself.  You can be a pretty decent bitch."
m551,the haunting,conv_74953,NELL,THEO,f,f,2,22,0,0.0,0,"I'll take that as a compliment.  In the city, what kind of place do you live in? I have a loft."
m551,the haunting,conv_74954,NELL,THEO,f,f,2,20,0,0.0,0,"You want to move to New York, you want to move in with me? I don't know, you know..."
m551,the haunting,conv_74955,NELL,THEO,f,f,2,73,0,0.0,0,"My place isn't like yours, Nell, it doesn't have a view of sea.  It doesn't have a view of anything. What's interesting about the way I live is what goes on inside the walls.  Living with me... My boundaries aren't very well defined, Nell.  Do you know what I mean? I'm trying.  Have you ever kept something to yourself because you were afraid it'd ruin things."
m551,the haunting,conv_74956,NELL,THEO,f,f,3,7,0,0.0,0,Are you sure? I think so. Okay.
m551,the haunting,conv_74957,NELL,THEO,f,f,2,69,8,0.1159,1,"Marrow said the same thing as last night, he <u>says</u> --  -- that he checked with Mrs. Dudley.  And he says that she told him that all the fireplaces in the West Wing connect to the main chimney.  He says that he thinks that the flue was open, and with the windstorm, he says that what probably happened was some kind of freak air current -- -- What do you think?"
m551,the haunting,conv_74958,NELL,THEO,f,f,2,48,0,0.0,0,"Then who is?  Come on, Nell.  Deep down, if you really thought it wasn't Jim, why wouldn't you be leaving right this second?  Why wouldn't you be afraid?  Really afraid. Because I don't want to ruin things.  Because home is where the heart is."
m551,the haunting,conv_74959,NELL,THEO,f,f,2,18,3,0.1667,1,"Nell, what happened? Carolyn showed me where she hid him, hid him with all the ones he killed --"
m551,the haunting,conv_74960,NELL,THEO,f,f,3,50,0,0.0,0,"This is real, I'm not making it up!  Theo, you saw it!  You were there -- the banging and last night.  You, you all saw the painting! Nell, it makes sense.  It all makes sense.  You and I, we were scaring each other, working each other up. -- but the painting!"
m551,the haunting,conv_74961,NELL,THEO,f,f,3,29,0,0.0,0,I'm going to stay with you until you fall asleep.  And then I'm going to get some brandy. I don't think I want any. I do.
m551,the haunting,conv_74962,NELL,THEO,f,f,2,25,1,0.04,0,They're all in here.  All the ones he killed.  They're just children! We have to help them! Come on!  Why are we waiting?
m551,the haunting,conv_74963,NELL,THEO,f,f,2,12,0,0.0,0,"What'd you come back for, babe? Just had to be sure."
m551,the haunting,conv_74964,NELL,THEO,f,f,2,17,0,0.0,0,"Oh, Theo.  You know I don't have an apartment. Then let's go get you one."
m555,the truman show,conv_75370,DAUGHTER,MOTHER,f,f,4,23,1,0.0435,0,What's he doing? They removed all physical trace of her but they couldn't erase the memory. The memory of who? Shhh!
m555,the truman show,conv_75371,DAUGHTER,MOTHER,f,f,3,40,5,0.125,1,"But why didn't he just follow her to Fiji? Because his mother got sick - very sick.  He couldn't leave her.  He's a kind boy, maybe too kind. I can't believe he married Meryl on the rebound."
m556,the x files,conv_75439,CASSIDY,SCULLY,f,f,3,20,0,0.0,0,Special Agent Scully -- I apologize for making you wait -- I've brought some new evidence with me -- Evidence of what?
m556,the x files,conv_75440,CASSIDY,SCULLY,f,f,6,61,0,0.0,0,"You've been back to Dallas? Yes. Are you going to let us in on what exactly you're trying to prove -- That the bombing in Dallas may have been to destroy the bodies of those firemen, so their deaths and the reason for them wouldn't have to be explained -- -- those are very serious allegations, Agent Scully -- Yes. I know."
m556,the x files,conv_75441,CASSIDY,SCULLY,f,f,2,20,0,0.0,0,And you have conclusive evidence of this? Something to tie this claim of yours to the crime -- Nothing completely conclusive --
m556,the x files,conv_75442,CASSIDY,SCULLY,f,f,3,14,1,0.0714,0,I hope to. We're working to develop this evidence -- Working with? Agent Mulder.
m556,the x files,conv_75443,CASSIDY,SCULLY,f,f,4,142,2,0.0141,0,"What is it you find incredible? Well...where would you like me to start? Antarctica is a long way from Dallas, Agent Scully. I can't very well submit a report to the Attorney General that alleges the links you've made here. Bees and corn crops do not quite fall under the rubric of domestic terrorism. No, they don't. Most of what I find in here is lacking a coherent picture of an organization with an attributable motive. I realize you're very lucky to be alive Agent Scully. The ordeal you've endured has clearly affected you -- though the holes in your account leave this panel with little choice but to delete these references from our final report to the Justice Department. Until which time hard evidence becomes available that would give us cause to pursue such an investigation."
m557,the cell,conv_75554,CATHERINE,MIRIAM,f,f,3,13,0,0.0,0,Sing a song of sixpence... A pocketful of rye... Four-and-twenty blackbirds.
m557,the cell,conv_75555,CATHERINE,MIRIAM,f,f,4,29,0,0.0,0,"Did we go sailing? Almost.  Mocky-Lock showed up. ""Mocky-Lock is the bogeyman, Mocky-Lock wants me where I am."" Mocky-Lock is a pain in the ass."
m557,the cell,conv_75556,CATHERINE,MIRIAM,f,f,2,5,1,0.2,1,He hates me. Lucien Baines?
m557,the cell,conv_75557,CATHERINE,MIRIAM,f,f,3,17,0,0.0,0,She adores you. She thinks I can bring Edward back. Someday you can.  We all believe that...
m557,the cell,conv_75558,CATHERINE,MIRIAM,f,f,3,28,0,0.0,0,We've been over this a dozen times.  No. Why not?  Just once.  A trial run.  What harm could it do? I don't want to find out.
m557,the cell,conv_75559,CATHERINE,MIRIAM,f,f,2,2,0,0.0,0,Miriam... Shush.
m557,the cell,conv_75560,CATHERINE,MIRIAM,f,f,9,120,8,0.0667,0,"He creates the obstacles, he decides which games to play. I've heard this argument before.  It's not happening. It could take years for me to get past the barriers he's created. If we reverse the feed and bring Edward into your mind, it could be devastating for him.  Imagine the shock of suddenly existing in a whole other world. I do it all the time! Yes, but, you're a willing participant. Picture Edward in a strange place, lost, frightened... I'd be there for him. And he might blame you for terrifying him.  That one moment could erase all you've accomplished.  And if that happened, the trust he has in you is gone. Okay, okay..."
m557,the cell,conv_75561,CATHERINE,MIRIAM,f,f,5,56,0,0.0,0,"You're sure?  Any more nightmares? No. Good.  We need you healthy and relaxed. You're going to eat well, meditate, exercise, and watch mindless television. Yes mother. I don't want you up all night reading Edward's case file of the nine millionth time.  Balance, dear girl, is the key. Leave the work here."
m557,the cell,conv_75562,CATHERINE,MIRIAM,f,f,2,8,0,0.0,0,Don't bring it home in this. Okay.
m557,the cell,conv_75563,CATHERINE,MIRIAM,f,f,3,34,1,0.0294,0,"Henry wants me to try this Vietnamese place he's wild about.  Want to come? I've got to feed my cat.  Besides, I want to get to bed early. That's my girl."
m557,the cell,conv_75564,CATHERINE,MIRIAM,f,f,4,18,0,0.0,0,Sing a song of sixpence. A pocketful of fucking rye.  What's wrong? Nothing. Why did we stop?
m557,the cell,conv_75565,CATHERINE,MIRIAM,f,f,4,32,1,0.0312,0,"The first... What?  Six or seven times I went in.   Remember what happened? Disorientation, nausea, migraines, hallucinations, insomnia, paranoia. Like a New Year's Day hangover. He needs to be turned over."
m557,the cell,conv_75566,CATHERINE,MIRIAM,f,f,3,30,0,0.0,0,"This isn't your responsibility. Remember that.  Don't let them use guilt as a tool.  If you want to stop, say so. I'll be fine. She said convincingly."
m557,the cell,conv_75567,CATHERINE,MIRIAM,f,f,2,15,0,0.0,0,"Catherine?  I'm about to start.  If you want me to wait, or... No.  No."
m557,the cell,conv_75568,CATHERINE,MIRIAM,f,f,2,7,0,0.0,0,Is it cold in here? What happened?
m557,the cell,conv_75569,CATHERINE,MIRIAM,f,f,3,12,0,0.0,0,...a pocketful of rye. Four and twenty blackbirds... Baked in a pie.
m557,the cell,conv_75570,CATHERINE,MIRIAM,f,f,3,16,3,0.1875,1,Damn him. What's wrong? Agent Novak.  I didn't get a chance to clear him.
m557,the cell,conv_75571,CATHERINE,MIRIAM,f,f,3,14,0,0.0,0,I refilled the Zyprexa and Atavan... I don't need them anymore... I know.
m557,the cell,conv_75572,CATHERINE,MIRIAM,f,f,4,26,0,0.0,0,I'll come by tomorrow after work.  With dinner. Thanks Miriam.  Say hi to Henry and... ...give a kiss to Edward. Give a kiss to Edward.
m567,the piano,conv_76800,AUNT MORAG,NESSIE,f,f,2,6,0,0.0,0,Watch your feet! Watch your feet!
m567,the piano,conv_76801,AUNT MORAG,NESSIE,f,f,2,7,2,0.2857,1,Careful! Watch his hand. Watch his hand
m567,the piano,conv_76802,AUNT MORAG,NESSIE,f,f,2,56,1,0.0179,0,"Well you stopped combing your hair, which is a good thing, it was looking over done.  You see these are the slits that the heads will go through, show him Nessie ... they'll be dead, the Reverend is going to use animal blood, no doubt it will be very dramatic. Tea! It will be very dramatic."
m567,the piano,conv_76803,AUNT MORAG,NESSIE,f,f,3,21,0,0.0,0,"I can't imagine a fate worse than being dumb. Turn around. To be deaf? Oh yes, dear too - TERRIBLE! AWFUL!""'"
m567,the piano,conv_76804,AUNT MORAG,NESSIE,f,f,3,22,0,0.0,0,"Ohhh, it's so dark, it's like a dank cave. Yes, like a cave. Ohh no, it makes my skin creep!"
m567,the piano,conv_76805,AUNT MORAG,NESSIE,f,f,2,49,4,0.0816,0,"We have just come from George Banes' and they have taken him over. It is no wonder he is leaving, he has got in too deep with the natives. They sit on his floor as proud as Kings, but without a shred of manners. ... without a shred of manners."
m567,the piano,conv_76812,AUNT MORAG,FLORA,f,f,3,24,1,0.0417,0,My REAL father was a famous German composer Ohh the tag is broken. .... They met when my mother was an opera singer... in Luxemburg...
m567,the piano,conv_76813,AUNT MORAG,FLORA,f,f,3,24,1,0.0417,0,"I thought she met your father in Luxemburg. Well, yes, in Austria where be conducted the Royal Orchestra. And where did they get married?"
m567,the piano,conv_76814,AUNT MORAG,FLORA,f,f,4,29,0,0.0,0,Which mountains are those dear? The Alps. Ohhh I've never been there. Mother used to sing the songs in German and her voice would echo across the valleys
m567,the piano,conv_76815,AUNT MORAG,FLORA,f,f,2,108,4,0.037,0,"One day when my mother and father were singing together in the forest, a great storm blew up out of nowhere. But so passionate was their singing that they did not notice, nor did they stop as the rain began to fall and when their voices rose for the final bars of the duet a great bolt of lightening came out of the sky and struck my father so that he lit up like a torch... And at the same moment my father was struck dead my mother was struck dumb! She- never-spoke-another-word. Ohhh ... dear. Not another word From the shock, yes it would be."
m567,the piano,conv_76816,AUNT MORAG,FLORA,f,f,2,10,0,0.0,0,"Well, that is a strong opinion. Yes, it's unholy."
m574,titanic,conv_77833,ROSE,RUTH,f,f,2,9,0,0.0,0,"My God, Rose, what's gotten into -- Excuse me."
m574,titanic,conv_77834,ROSE,RUTH,f,f,2,10,1,0.1,1,"Mother, may I introduce Jack Dawson. Charmed, I'm sure."
m574,titanic,conv_77835,ROSE,RUTH,f,f,3,55,1,0.0182,0,"Rose, this is not a game! Our situation is precarious. You know the money's gone! Of course I know it's gone. You remind me every day! Your father left us nothing but a legacy of bad debts hidden by a good name. And that name is the only card we have to play."
m574,titanic,conv_77836,ROSE,RUTH,f,f,2,26,0,0.0,0,"I don't understand you. It is a fine match with Hockley, and it will insure our survival. How can you put this on my shoulders?"
m574,titanic,conv_77837,ROSE,RUTH,f,f,3,59,0,0.0,0,"Do you want to se me working as a seamstress? Is that what you want? Do you want to see our fine things sold at an auction, our memories scattered to the winds? My God, Rose, how can you be so selfish? It's so unfair. Of course it's unfair! We're women. Our choices are never easy."
m574,titanic,conv_77838,ROSE,RUTH,f,f,2,7,0,0.0,0,"Rose, get in the boat! Goodbye, mother."
m581,traffic,conv_78651,BARBARA,CAROLINE,f,f,2,11,1,0.0909,0,"Did you meet the President? Honey, your father knows the President."
m581,traffic,conv_78652,BARBARA,CAROLINE,f,f,2,19,0,0.0,0,"Czar for life, just like a real czar. That makes mom the Czarina.  I'm a Czarette.  Like Anastasia."
m581,traffic,conv_78653,BARBARA,CAROLINE,f,f,3,21,1,0.0476,0,"None of my friends can fucking believe my dad is the actual Drug Czar. Caroline -- Sorry, but I mean, come on."
m581,traffic,conv_78654,BARBARA,CAROLINE,f,f,6,23,2,0.087,0,Did you tell Dad? Not yet. Are you going to? I don't know. Is this bad for him? What do you think?
m581,traffic,conv_78655,BARBARA,CAROLINE,f,f,3,142,10,0.0704,0,"He didn't hang around us.  He's like one of those hippie kids.  I'm not part of that group.  It was a party in all these rooms.  His girlfriend who I barely know was completely hysterical... He's blue, he's puking... We didn't want to get in trouble, but what were we supposed to do?  I mean, what would you have done if you had been us? How well do you know this boy, Seth, who was driving?  You know the police have charged him with a DUI and possession of marijuana. He's a friend.  He's also like the only one who was dealing with the situation.  He'd definitely had a few beers, but it's not like he wanted to drive.  We didn't know what else to do.  It wasn't my pot."
m581,traffic,conv_78666,CAROLINE,SOCIAL WORKER,f,f,10,36,0,0.0,0,...How old are you? Sixteen Live with your parents? Yes. Parents still together? Yes. Do you work? I volunteer.  I read to blind people. One day a week for two hours. In school? Cincinnati Country Day.
m581,traffic,conv_78667,CAROLINE,SOCIAL WORKER,f,f,8,69,0,0.0,0,Private? Yeah. How are your grades? I'm third in my class. What's that mean? I get A's.  All A's. You do?  What else you do? I'm a National Merit Finalist.  I'm on the Hi-Q team and the Math team. I'm in the Spanish Club.  I'm a Thespian.  I'm Vice-President of my class.  I'm on the volleyball team.
m582,trainspotting,conv_78773,GAIL,LIZZY,f,f,6,61,4,0.0656,0,"I read it in Cosmopolitan. It's an interesting theory. Actually it's a nightmare. I've been desperate for a shag, but watching him suffer was just too much fun. You should try it with Tommy. What, and deny myself the only pleasure I get from him? Did I tell you about my birthday? What happened? He forgot. Useless motherfucker."
m585,true lies,conv_79023,ALLISON,HELEN,f,f,5,82,8,0.0976,0,"I mean, it's not like he's saving the world or anything.  He's a sales rep for Chrissakes. Whenever I can't get to sleep I ask him to tell me about his day. Six seconds and I'm out.  But he acts like he's curing cancer or something. So I guess you didn't get away					* for the weekend after all?					* Are you kidding?  Harry had to go out of town. I'm shocked. Yeah.  You know Harry."
m585,true lies,conv_79024,ALLISON,HELEN,f,f,4,47,4,0.0851,0,"You bitch. Girlfriend, you got a man.  You				* just have to take control .  . .  set up the right mood.						* Harry only has two moods: busy...				* and asleep. Then you better do something to				* jumpstart that man's motor.  You know... wake up the sleeping giant of his passion."
m585,true lies,conv_79025,ALLISON,HELEN,f,f,2,8,2,0.25,1,Helen!  It's your mystery man. Simon?  Ohmygod.
m585,true lies,conv_79026,ALLISON,HELEN,f,f,3,30,1,0.0333,0,Can you cover me for an hour? Just an hour?  You should tell this stud to take more time. Will you shutup.  I should never have told you about him.
m585,true lies,conv_79027,DANA,HELEN,f,f,4,56,4,0.0714,0,"Where are you going? Out.  If Dad doesn't care enough about us to be here on his birthday, then why should I care? I'm going to a movie. No you're not.  You're going to stay here until your father gets home and have cake! Mom, wake up!  Dad barely knows we exist."
m585,true lies,conv_79028,DANA,HELEN,f,f,2,58,5,0.0862,0,"That's not true, honey-- It is true!  He doesn't know anything about me.  He still thinks I'm like ten years old or something.  As long as I just smile and say yes to whatever he says, like his good little fantasy daughter, he thinks everything's fine.  But it's not fine.  Nothing's fine."
m585,true lies,conv_79029,DANA,HELEN,f,f,3,17,1,0.0588,0,Dinner's in the warmer.  Tell your father I may be late. Where are you going? Out.
m585,true lies,conv_79030,DANA,HELEN,f,f,3,15,0,0.0,0,I'm done. Where are you off to young lady? I have a book report.
m585,true lies,conv_79163,HELEN,JUNO,f,f,3,23,2,0.087,0,Who's your little friend? I'm Helen Tasker.  Harry's my husband.  And you are? So now it's Tasker?  Not Renquist?
m585,true lies,conv_79164,HELEN,JUNO,f,f,3,41,4,0.0976,0,"Look, Harry's not part of this. He's just a sales rep. No, my dear, he is a federal agent.  He killed two of my colleagues the other night. No, you don't understand, we've been married for 15 years--"
m585,true lies,conv_79165,HELEN,JUNO,f,f,2,66,6,0.0909,0,"What's going on, Harry? Samir is just going to ask Harry a few questions.  See, we're not even sure which agency Harry works for.  Now, Samir is absolutely first class, but on the other hand we have Harry, here, who has managed to lie convincingly to the woman he loves for 15 years.  So it will be interesting to see how long he can resist."
m585,true lies,conv_79166,HELEN,JUNO,f,f,3,22,0,0.0,0,"Now just keep your knees together, and you'll be fine. Something you obviously have a hard time doing! Hold that thought."
m585,true lies,conv_79167,HELEN,JUNO,f,f,2,4,0,0.0,0,Like one? Fuck you.
m587,twelve monkeys,conv_79449,RAILLY,WOMAN CABBIE,f,f,6,49,0,0.0,0,"Nine thirty Might be tight. Tight?  My watch says 7:30. On your normal mornin', okay, plenty a time, but today, gotta take inta account your Army-of-the-Twelve-Monkeys factor. What?  What did you say? Twelve Monkeys, honey.  Guess you folks didn't turn on your radio this morning."
m601,what lies beneath,conv_81247,CAITLIN,CLAIRE,f,f,2,6,0,0.0,0,Do you have a scarf? Hey.
m601,what lies beneath,conv_81248,CAITLIN,CLAIRE,f,f,6,31,0,0.0,0,"Yes? It's only two hours away. I know that. I'll come back all the time. Of course you will. I'm just saying, you're going to be fine."
m601,what lies beneath,conv_81249,CAITLIN,CLAIRE,f,f,3,19,0,0.0,0,"That was very good. Mom, I'm sorry.  I wanted to tell you. But it never felt right. Why?"
m601,what lies beneath,conv_81250,CAITLIN,CLAIRE,f,f,5,44,2,0.0455,0,"Besides, Dad would have freaked. No, he wouldn't. I think playing in a band called ""Bitch"" might put a dent in the whole ""perfect family"" thing. That's not true. Yes it is.  Can we please not do that? Please?  Cause it is."
m601,what lies beneath,conv_81251,CAITLIN,CLAIRE,f,f,2,11,3,0.2727,1,He loves you very much.  He just-- I know he does.
m601,what lies beneath,conv_81252,CAITLIN,CLAIRE,f,f,2,28,0,0.0,0,Are you mad at me? Listen to me.  The one thing in life that I definitely don't regret...is the choice. I made to be your mother.
m601,what lies beneath,conv_81253,CAITLIN,CLAIRE,f,f,6,27,1,0.037,0,I miss you. So much. It got so bad your father almost had to put me away. What do you mean? I started seeing things. A ghost?
m601,what lies beneath,conv_81254,CAITLIN,CLAIRE,f,f,5,21,0,0.0,0,Did you? No.  But once I heard... What? Someone crying.  A girl.  I thought I was crazy. Then we both are.
m601,what lies beneath,conv_81269,CLAIRE,MRS. TEMPLETON,f,f,3,21,0,0.0,0,Of course.  You must be so proud. I am. Everyone's very anxious to shake hands with our newest academic celebrity.
m601,what lies beneath,conv_81270,CLAIRE,MRS. TEMPLETON,f,f,2,12,0,0.0,0,How're you holding up? Just fine.  It's a lovely party.
m601,what lies beneath,conv_81271,CLAIRE,MRS. TEMPLETON,f,f,3,22,1,0.0455,0,Norman was telling me the dream house is finally finished. Almost. Wonderful.  It's good to see you two doing so well.
m601,what lies beneath,conv_81272,CLAIRE,MRS. TEMPLETON,f,f,2,11,0,0.0,0,I'm sorry? I know how hard it can be sometimes.
m601,what lies beneath,conv_81273,CLAIRE,MRS. TEMPLETON,f,f,2,23,0,0.0,0,"Uh-huh.  What can be? Well, I don't think I've seen you since the reception at Dean Ackerman's last year."
m601,what lies beneath,conv_81274,CLAIRE,MRS. TEMPLETON,f,f,9,82,0,0.0,0,"For the Dupont Chair.  I swear.  I'm becoming the nosy old lady I used to run from at Amherst. No.  I'm just not sure what you mean. There was just...some tension.  You were upset.  I remember being concerned. At the party. Toward the end.  You remember? Ohhh yes.  No, no.  Just a little, you know...We're fine. Well, I'm glad.  Pardon my intrusiveness, but we do have to stick together you know. Who's that? The wives."
m601,what lies beneath,conv_81278,CLAIRE,MRS. FEUR,f,f,6,32,0,0.0,0,Who are you? It's Mrs...It's Claire...Spencer.  From next door.  Is everything-- You're the flower lady. Um...yes. I've seen you.  From the window. Is everything alright?
m601,what lies beneath,conv_81279,CLAIRE,MRS. FEUR,f,f,2,4,0,0.0,0,Hello? I'm not...
m601,what lies beneath,conv_81280,CLAIRE,MRS. FEUR,f,f,3,29,2,0.069,0,"He's so...it's too much...and I can't...I can't breath... Who?  Your husband? And I'm afraid.  Oh god, I'm so afraid of..."
m601,what lies beneath,conv_81281,CLAIRE,MRS. FEUR,f,f,2,14,0,0.0,0,"What?  What are you afraid of? I can't, no, no, I can't..."
m601,what lies beneath,conv_81282,CLAIRE,MRS. FEUR,f,f,2,14,0,0.0,0,Tell me.  Please. That I'll just...that one day I'll just...disappear.
m601,what lies beneath,conv_81283,CLAIRE,MRS. FEUR,f,f,7,66,0,0.0,0,Tell me.  I can help you. How?  How can you help me?  With your flowers and your perfect life... That's not...It's not like that. I've never even met you. I know.  And I'm sorry.  I've been consumed with...my daughter left...for school. This fence...it's so... I'm sorry.  It's for the flowers.  Why don't you...
m601,what lies beneath,conv_81284,CLAIRE,MRS. FEUR,f,f,2,25,1,0.04,0,Oh God.  He's back.  I'm sorry.  Please forget that I...I don't know what I'm saying.  Please... Wait!  Don't go...
m601,what lies beneath,conv_81285,CLAIRE,MRS. FEUR,f,f,5,34,0,0.0,0,I wanted to apologize. You do? For scaring you like I did.  When I thought about what that must have seemed like that day... And then you weren't there. Right.  I'm sorry.
m601,what lies beneath,conv_81286,CLAIRE,MRS. FEUR,f,f,2,8,0,0.0,0,Would you like some iced tea? Very much.
m601,what lies beneath,conv_81287,CLAIRE,MRS. FEUR,f,f,3,16,0,0.0,0,Your house is so beautiful. Thank you. And these roses.  They're much prettier up close.
m601,what lies beneath,conv_81288,CLAIRE,MRS. FEUR,f,f,3,19,0,0.0,0,No. Of what?  What were you so afraid of? You're going to think I'm crazy or something.
m601,what lies beneath,conv_81289,CLAIRE,MRS. FEUR,f,f,5,88,2,0.0227,0,"Love. What? Have you ever felt so completely consumed by a feeling for someone that you couldn't breathe?  That the time together is so passionate and consuming that you felt physical pain when they would leave? Um...sure. I couldn't catch my breath.  That's not a metaphor, that's...And I panicked.  I never dreamed anyone would hear me back there...  I tried to leave him.  Went to my mother's in Boston.  He brought my things up and pleaded with me to come home."
m601,what lies beneath,conv_81290,CLAIRE,MRS. FEUR,f,f,3,38,0,0.0,0,"You must think I'm pathetic. No.  No, I don't. I'm sorry that I frightened you like that.  But I was so touched by your concern.  I've been lonely here.  Perhaps we could be friends."
m601,what lies beneath,conv_81291,CLAIRE,MRS. FRANK,f,f,6,25,0,0.0,0,"Mrs. Frank? Yeah. I'd like to talk to you about Madison. You know where she is? No, I don't. Please leave me alone."
m601,what lies beneath,conv_81292,CLAIRE,MRS. FRANK,f,f,3,9,0,0.0,0,What's your name? Claire. She never mentioned you.
m601,what lies beneath,conv_81293,CLAIRE,MRS. FRANK,f,f,2,12,0,0.0,0,Just plain old coffee.  None of that mocha nonsense. It's fine.
m601,what lies beneath,conv_81294,CLAIRE,MRS. FRANK,f,f,5,81,3,0.037,0,You look a little old for a student. I'm not.  We...we met at a party. Sounds about right.  Never understood how a girl that wild got all A's.  Sure didn't get it from me.  They wanted to put her in a special school for the gifted when she was young.  Maddie wouldn't hear about it. She never mentioned her father. Well she wouldn't.  He left when she was twelve.  Never spoke about him after that.
m601,what lies beneath,conv_81295,CLAIRE,MRS. FRANK,f,f,3,31,0,0.0,0,Why are you here? I don't know. It's like that.  Doesn't seem real.  No note.  Nothing.  Cops say she'll be back.  I just wanna know what happened.
m601,what lies beneath,conv_81296,CLAIRE,MRS. FRANK,f,f,2,15,0,0.0,0,Full scholarships.  Princeton too.  She wanted to stay close. You must have been very proud.
m601,what lies beneath,conv_81297,CLAIRE,MRS. FRANK,f,f,2,12,0,0.0,0,They're calling me in to work. I should be going anyway.
m601,what lies beneath,conv_81298,CLAIRE,MRS. FRANK,f,f,2,10,0,0.0,0,Y'hear anything you'll let me know? Of course.
m601,what lies beneath,conv_81299,CLAIRE,MRS. FRANK,f,f,2,11,0,0.0,0,What was her major? Biology.  She wanted to be a doctor.
m601,what lies beneath,conv_81300,CLAIRE,ELENA,f,f,3,7,0,0.0,0,Wow. This is... We know each other.
m601,what lies beneath,conv_81301,CLAIRE,ELENA,f,f,9,59,5,0.0847,0,"He looked like one of the Monkees. Anyway, Claire slept with him... I didn't sleep with him. ...just so she could cut them off. He was so pissed. I came in from my room... We were suite mates. And there's this brilliant conductor in purple briefs with no bangs cursing his ass off in Finnish. Oh God..."
m601,what lies beneath,conv_81302,CLAIRE,ELENA,f,f,7,58,0,0.0,0,You should have heard her play. Stop. We both auditioned for the Philharmonic. One cello position open. Do we have to? And I kicked ass.  My best stuff.  Then I stood in the hallway and listened to her audition...and I cried. She's making this up. I'm not.  Couldn't pick up my cello for weeks.
m601,what lies beneath,conv_81303,CLAIRE,ELENA,f,f,2,18,0,0.0,0,She got it.  Turned it down. I met a dashing young grad student after a recital one night...
m601,what lies beneath,conv_81304,CLAIRE,JODY,f,f,9,76,0,0.0,0,"How you holding up? Good.  I'm good. You are? Why does everyone find that so surprising? Cause...your...only daughter just went away to school...who you were incredibly close with aaand I'd be tripping... Okay, I'm a little tender. Well good.  So you're human. And so far my day has consisted of taking pictures of my roses for the garden club. Wow.  Got here just in time.  I brought you this."
m601,what lies beneath,conv_81305,CLAIRE,JODY,f,f,8,50,0,0.0,0,"What is it? Kambucha mushroom tea... Jody-- It soothes heart-ache and promotes psychic wellness.  Sela suggested I bring-- You're discussing me with your psychic? She's not a psychic.  Just a very enlightened spirit. Thanks, but I'm fine. So you'll have some later.  Notice anything...different?"
m601,what lies beneath,conv_81306,CLAIRE,JODY,f,f,7,56,1,0.0179,0,"Oh my god.  You bought it. Yep. It's niiice. Beautiful thing, alimony.  Lose a husband, get a car.  Think it'll help me pick up dudes? Absolutely. Listen, I've gotta run.  I just thought I'd stop by and see if you want to take the boat out, say Thursday morning? You got it."
m601,what lies beneath,conv_81307,CLAIRE,JODY,f,f,2,23,1,0.0435,0,"You think he killed her? I don't know.  When you say it, it sounds crazy.  But what else could it all be?"
m601,what lies beneath,conv_81308,CLAIRE,JODY,f,f,8,25,0,0.0,0,"Know what I think? What? Seance. Jody, no... Telling you... ...no...no...no... Just bought this beautiful antique Ouija. Please.  That's all I need."
m601,what lies beneath,conv_81309,CLAIRE,JODY,f,f,4,14,1,0.0714,0,Someone's there. What? In the window.  Norman's at work. I don't...
m601,what lies beneath,conv_81310,CLAIRE,JODY,f,f,2,22,0,0.0,0,"Wow.  I'm losing it. No, you're not.  But a presence in your house is not something to be taken lightly."
m601,what lies beneath,conv_81311,CLAIRE,JODY,f,f,2,14,0,0.0,0,Sit down here. Are we hoping the ghost is going to have to pee?
m601,what lies beneath,conv_81312,CLAIRE,JODY,f,f,3,9,0,0.0,0,Place your fingers on the planchette. The planchette? This.
m601,what lies beneath,conv_81313,CLAIRE,JODY,f,f,2,19,0,0.0,0,We wish to commune with the spirit of Mrs. Feur.  What's her first name? I don't know.
m601,what lies beneath,conv_81314,CLAIRE,JODY,f,f,2,4,0,0.0,0,Nothing's happening. Shhh.
m601,what lies beneath,conv_81315,CLAIRE,JODY,f,f,2,3,0,0.0,0,Oh... M-E...
m601,what lies beneath,conv_81316,CLAIRE,JODY,f,f,2,13,0,0.0,0,Mef?  What's Mef? It's initials.  F is Feur.  It's her.
m601,what lies beneath,conv_81317,CLAIRE,JODY,f,f,2,6,0,0.0,0,"I have to go. Jody, wait."
m601,what lies beneath,conv_81318,CLAIRE,JODY,f,f,5,32,0,0.0,0,"Are you okay? I think so I'm sorry for leaving, but I mean, Jesus, Claire... It's alright. I mess around with this stuff, but I never thought anything would happen."
m601,what lies beneath,conv_81319,CLAIRE,JODY,f,f,14,124,4,0.0323,0,"Does Norman know? Jody, she's alive. What? Mrs. Feur.  She's alive.  I met her. She's really sweet. Then what was it? Nothing.  It wasn't anything.  I've been on edge lately.  Maybe since the accident. And I'd prefer, I really would, to just-- Something was there.  You saw it. Did I? Yes.  Now I talked to Sela and there's a guy, this Pakistani guy down in Hartford... Hartford? And he's the real thing.  Specializes in cases like this, like yours. No.  Jody, listen to me.  You have to listen to me.  This is not something that I can do right now.  Whatever it was, it's gone.  I need it to be gone now. But Claire-- Please."
m601,what lies beneath,conv_81320,CLAIRE,JODY,f,f,2,13,0,0.0,0,Okay.  Okay. I've got to find a bathroom.  I'll call you.
m601,what lies beneath,conv_81321,CLAIRE,JODY,f,f,4,46,2,0.0435,0,Oh God...you knew. I was down in Adamant... Adamant? Artsy little village down seven.  There's a guy there who sells my work.  I had just dropped off some paintings and as I got in my car...I saw Norman sitting at this little cafe.
m601,what lies beneath,conv_81322,CLAIRE,JODY,f,f,5,82,1,0.0122,0,"I started to walk over...but he wasn't alone.  A blond.  I only caught a glimpse. She was young.  I should have said something right away. But I didn't. Why? Partly because I didn't want to hurt you...but partly...partly because I was relieved. Relieved? I had just been left by Richard.  I was bitter and miserable and for some fucked up reason, it made me feel better that your life wasn't as perfect as it seemed."
m601,what lies beneath,conv_81323,CLAIRE,JODY,f,f,3,43,0,0.0,0,"By the time I finally got up the nerve to tell you, Stan called from the hospital and it was too late. Too late?  Jody, it was an accident. Alone?  On a two lane road?  With a ton of Valium in your system?"
m601,what lies beneath,conv_81324,CLAIRE,JODY,f,f,2,38,3,0.0789,0,I got there first.  Stan covered up the pills and I had it out with Norman.  He seemed desperate not to lose you.  He promised to handle it.  And we all let it drop away. All of us.
m601,what lies beneath,conv_81325,CLAIRE,JODY,f,f,2,6,0,0.0,0,I'm a terrible friend. No.
m601,what lies beneath,conv_81326,CLAIRE,JODY,f,f,7,87,0,0.0,0,"How could I expect you to tell me something that I wouldn't even tell myself? What are you going to do? I don't know. If she was dangerous before-- She could have hurt me if she wanted to. You don't know that.  If it's your belief that gives her form, then you've got to shut her out.  Somehow you have to break the connection. No.  She wanted me to know the truth.  Now that I do...I think she's at peace."
m601,what lies beneath,conv_81327,CLAIRE,JODY,f,f,5,42,1,0.0238,0,"Jody, she tried to kill him. I know. I can't believe this is happening. We need help.  Please let me call the medium. That could take days.  I need to do something now.  Don't you see?  She wants us dead."
m601,what lies beneath,conv_81328,CLAIRE,JODY,f,f,4,38,0,0.0,0,"Alight, alright.  Stay calm.  You opened this door.  There's got to be a way that you can close it. Like what? I have an idea.  But, I mean, I'm just making this up... What is it?"
m601,what lies beneath,conv_81329,CLAIRE,JODY,f,f,6,57,8,0.1404,1,"But he acted like he'd never heard of it. Did he say that? Jody he was lying. What if he was?  Do you think he wanted to bring that up again just when you're trying to make a new start? I guess not. He's trying to put it behind him, Claire. You should too."
m601,what lies beneath,conv_81330,CLAIRE,JODY,f,f,3,88,1,0.0114,0,"You've got a beautiful life.  And even with this, it's always been clear that he loves you.  I've come to think that's all that really matters. I don't know... Trust me, Claire.  You hear something... change the subject.  You find something... get rid of it, throw it in the lake.  You know what happened.  The rest is only details.  And no one's ever glad they got a hold of those.  If you want to put this back together...just let it go."
m606,wild things,conv_81837,GLORIA,RUBY,f,f,3,60,3,0.05,0,Gator can't see what's in front of it for shit.  They see out the sides.  That one don't even know Walter's arm's in his mouth. What if something distracts it and it snaps anyway? Then I guess Walter can kiss that arm of his goodbye.  He don't use it for no good deeds anyway.
m606,wild things,conv_81838,GLORIA,RUBY,f,f,5,55,3,0.0545,0,"You come all the way out here to watch Walter? I was wondering if I could ask you a few questions. About Suzie? Actually, I was wondering if I might ask you about Ray Duquette. He used to come around here.  He had a thing going with one of the girls over at the Glades."
m606,wild things,conv_81839,GLORIA,RUBY,f,f,4,103,4,0.0388,0,"Got sort of hung up on her, from what hear. She still work there? No.  Not after that night.  I don't know what happened.  Maybe he caught her with some john... All I know is, the next morning the girl was gone and there was a dead boy... Indian kid named Davy.  Used to live down the road there in a wrecked car. Him and Suzie were at the Glades that night.  It was right after that, Ray got Suzie busted and sent her away.  That's what there is to say about Ray Duquette. Was there ever any kind of investigation..."
m606,wild things,conv_81840,GLORIA,RUBY,f,f,5,107,7,0.0654,0,"Wasn't enough Van Ryan had to destroy the people who invested here.  He got to be old, he and his rich cronies would come down here, hunt and whore, act like assholes.  One trip he showed up with this young girl he'd picked up somewhere, gotten her pregnant then dumped her in the swamp.  That came with her. And the child... She had it, before she drank herself to death.  Wasn't exactly a love child... Suzie.  Then you're not her grandmother... Raised her like she was, but no, Walter's my only child.  He was a good boy, till the army took him."
m606,wild things,conv_81841,GLORIA,RUBY,f,f,2,17,0,0.0,0,"So Suzie and Sandra Van Ryan were half- sisters. And the other girl, Kelly.  Suzie's niece."
m606,wild things,conv_81842,GLORIA,RUBY,f,f,2,7,0,0.0,0,You okay? I'm fine.  Nice TV.
m606,wild things,conv_81843,GLORIA,KELLY,f,f,3,39,0,0.0,0,"How are you, Kelly? Would you like to take a break for a minute? I just want to get it over with.  My mom's making me do this. I just want to forget it. I know you do."
m606,wild things,conv_81844,GLORIA,KELLY,f,f,10,138,12,0.087,0,"The next thing... his hand was in my shorts... you know, from behind.  His fingers... his fingers... Take your time. They were in me.  Both places... you know. I understand. He said something like, ""Do you want it dirty7"" or something.  I tried to turn away, but he pushed me to the floor. Was there penetration?  Did he put himself inside you? Yes.  I said stop.  I screamed.  I mean that's how it sounded in my head.  He hurt me... That's okay, Kelly.  You're doing fine.  But I have to ask you something here. When you say it hurt.  Was this the first time a man was inside you? No.  I've done it a couple of times, I mean with guys I dated.  But this hurt... like, he was built... you know... He was large?"
m606,wild things,conv_81845,GLORIA,KELLY,f,f,8,130,14,0.1077,1,"Did you try to fight him? I... he had my wrists pinned behind me. I remember my hands were cold.' Then what? He kept saying, ""Let it happen, let it happen.""  Then he just stopped. You mean he withdrew... Not at first.  He was still inside but he wasn't moving or anything...  He said we had this secret.  And that now he'd be able to help me... because we were close... Something like that.  I don't know.  It's hard to remember, exactly. Try, Kelly. I know one thing he said.  It was when... when he took himself out and was standing up.  He said, ""Don't worry, I didn't come."" I can't forget that.  He said, ""No little girl can ever make me come."""
m606,wild things,conv_81879,GLORIA,SUZIE,f,f,3,10,0,0.0,0,"That bothers you? Yeah, maybe, a little. Why is that?"
m606,wild things,conv_81880,GLORIA,SUZIE,f,f,2,39,0,0.0,0,"You didn't tell me you were gonna put me on the fucking news. We need to tape the interview, Suzie. No one will see it but us.  Now when was this, that Mr. Lombardo gave you the ride?"
m606,wild things,conv_81881,GLORIA,SUZIE,f,f,9,34,3,0.0882,0,"About a year ago. He dropped Jimmy off first? Yeah. And when he arrived at your house, was anyone there? No. So you were alone. Yes. Did he come in with you? I guess."
m606,wild things,conv_81882,GLORIA,SUZIE,f,f,2,22,3,0.1364,1,At that point were you able to fight him off? No.  He stopped by himself.  Okay? That's all.  Let me go.
m606,wild things,conv_81883,GLORIA,SUZIE,f,f,3,17,2,0.1176,1,"He did say something. What was that? He said, ""No little bitch can ever make me come."""
m606,wild things,conv_81908,KELLY,SUZIE,f,f,4,109,8,0.0734,0,"Will you calm down.  Duquette's gonna come to you just like he did to me. You're gonna have to be ready for him. Yeah, but he can't push you around like he can me.  You've got family and they've got clout.  With we it's different... with me... Yeah, I've got family and they've got clout and now you have me.  Right?  And Sam.  Believe me, Suzie, this dickhead's not going to send you anywhere.  He's gonna try and rattle your cage, and that's it.  Stay strong and he can't do shit. Man, I wanna smoke a joint."
m606,wild things,conv_81909,KELLY,SUZIE,f,f,3,32,1,0.0312,0,"I can't believe you called Sam.  What's the matter with you? I'm scared, that's what.  I'm scared there's no one to trust. You can trust me."
m606,wild things,conv_81910,KELLY,SUZIE,f,f,4,31,0,0.0,0,"You're gonna fuck me over, aren't you? Oh, for Christ's sake. You are. Are you retarded, or just brain dead from whiffin' fumes out there in the swamp..."
m606,wild things,conv_81911,KELLY,SUZIE,f,f,2,12,0,0.0,0,Anybody ever tell you that stuff will rot your brain? What brain?
m606,wild things,conv_81912,KELLY,SUZIE,f,f,2,6,0,0.0,0,What are you looking at? Nothing.
m606,wild things,conv_81913,KELLY,SUZIE,f,f,2,16,0,0.0,0,I thought we were goin' to a movie. I think we just need to get wasted.
m606,wild things,conv_81914,KELLY,SUZIE,f,f,2,8,0,0.0,0,I wanna live at the beach someday. Shit.
m606,wild things,conv_81920,KELLY,SANDRA,f,f,3,8,2,0.25,1,"Is that Sam Lombardo? Hi, Mon. Sam!  Hi!"
m606,wild things,conv_81921,KELLY,SANDRA,f,f,2,11,0,0.0,0,"Which one of your ""bodyguards"" is that? Whichever one I want."
m606,wild things,conv_81922,KELLY,SANDRA,f,f,2,10,0,0.0,0,"Okay, what's the matter? You notice my new jumper?"
m606,wild things,conv_81923,KELLY,SANDRA,f,f,3,24,0,0.0,0,"My friends buy me clothes, so I don't look like trash. I would hardly say you look like trash. No thanks to you."
m606,wild things,conv_81924,KELLY,SANDRA,f,f,5,54,6,0.1111,1,"Kelly.  What is it? I miss Dad. Jesus.  Well, I do too, sometimes... No you don't. He didn't have to kill himself, Kelly. He could have gone out and gotten a job. Christ, he could've found another rich woman... He never had a problem tucking my friends when we were married."
m606,wild things,conv_81925,KELLY,SANDRA,f,f,2,7,1,0.1429,1,What? I was raped.  By Sam Lombardo.
m606,wild things,conv_81926,KELLY,SANDRA,f,f,2,6,2,0.3333,1,"He... Sam Lombardo? Yes.  God, Mom..."
m606,wild things,conv_81927,KELLY,SANDRA,f,f,5,44,0,0.0,0,"You didn't have to fly back -- from -- wherever, for me... I'm here to congratulate my friends and their children.  I'm leaving again tonight. Don't bother.  I'm taking a trip. Where, the mall? A friend of mine bought a boat."
m609,witness,conv_82300,ELAINE,RACHEL,f,f,5,14,0,0.0,0,"Everything okay? Yes, thank you very much. John said you're Amish. Yes. Oh."
m609,witness,conv_82301,ELAINE,RACHEL,f,f,4,42,2,0.0476,0,"Good morning. You didn't have to... I wanted to. you were kind to take us in last night.  Anyway, I needed something to do. I was so angry with your brother. He's so... agaanisish! Aganishish? Yeah, that sounds like John."
m609,witness,conv_82302,ELAINE,RACHEL,f,f,3,54,1,0.0185,0,Just a minute. I'll pour you some coffee. You're not carrying a bullwhip... how'd you manage to put my kids to work? I made it a contest... the one who does best gets his cereal back first.  Children like to help... they only need to be kept after a little bit.
m609,witness,conv_82303,ELAINE,RACHEL,f,f,7,95,6,0.0632,0,"What's so funny? Fred. The way he looked when you screamed at him. God, Fred... At home you'd never hear a woman scream at a man that way. No? Why not? You just wouldn't. It's not the Amish way.  But I think it would have done me good if I could have screamed at your brother last night. Listen, I don't know what's going on or how you got mixed up with him, but don't you let that self-righteous son of a bitch push you around, okay?"
m610,the wizard of oz,conv_82353,DOROTHY,GLINDA,f,f,3,27,0,0.0,0,"Are you a good witch, or a bad witch? Who, me?  Why, I'm not a witch at all.  I'm Dorothy Gale from Kansas. Oh!  Well...."
m610,the wizard of oz,conv_82354,DOROTHY,GLINDA,f,f,2,43,0,0.0,0,"Toto's my dog. Well, I'm a little muddled.  The Munchkins called me because a new witch has just dropped a house on the Wicked Witch of the East.  And there's the house, and here you are, and that's all..."
m610,the wizard of oz,conv_82355,DOROTHY,GLINDA,f,f,3,65,0,0.0,0,"The Munchkins are happy because you have freed them from the Wicked Witch of the East. Oh.  But, if you please -- what are Munchkins? The little people who live in this land -- it's Munchkinland, and you are their national heroine, my dear.  It's all right -- you may all come out and thank her. It's all right now - you may all come out."
m610,the wizard of oz,conv_82356,DOROTHY,GLINDA,f,f,2,34,0,0.0,0,I thought you said she was dead. That was her sister -- the Wicked Witch of the East. This is the Wicked Witch of the West.  And she's worse than the other one was.
m610,the wizard of oz,conv_82357,DOROTHY,GLINDA,f,f,9,202,4,0.0198,0,"Pooh -- what a smell of sulphur!  I'm afraid you've made rather a bad enemy of the Wicked Witch of the West.  The sooner you get out of Oz altogether, the safer you'll sleep, my dear. Oh, I'd give anything to get out of Oz altogether -- but which is the way back to Kansas?  I can't go the way I came. No -- that's true. The only person who might know would be the great and wonderful Wizard of Oz himself! The Wizard of Oz?  Is he good or is he wicked? Oh, very good, but very mysterious.  He lives in the Emerald City, and that's a long journey from here. Did you bring your broomstick with you? No, I'm afraid I didn't. Well, then, you'll have to walk.  The Munchkins will see you safely to the border of Munchkinland.  And remember, never let those ruby slippers off your feet for a moment, or you will be at the mercy of the Wicked Witch of the West. But, how do I start for Emerald City? It's always best to start at the beginning -- and all you do is follow the Yellow Brick Road."
m610,the wizard of oz,conv_82358,DOROTHY,GLINDA,f,f,3,31,0,0.0,0,"Oh, will you help me?  Can you help me? You don't need to be helped any longer. You've always had the power to go back to Kansas. I have?"
m610,the wizard of oz,conv_82359,DOROTHY,GLINDA,f,f,5,55,2,0.0364,0,"...Toto, too? Toto, too. Oh, now? Whenever you wish. Oh, dear -- that's too wonderful to be true! Oh, it's -- it's going to be so hard to say goodbye.  I love you all, too.  Goodbye, Tin Man.  Oh, don't cry.  You'll rust so dreadfully.  Here -- here's your oil-can. Goodbye."
m610,the wizard of oz,conv_82360,DOROTHY,GLINDA,f,f,2,8,0,0.0,0,"Are you ready now? Yes.  Say goodbye, Toto."
m610,the wizard of oz,conv_82361,DOROTHY,GLINDA,f,f,2,16,0,0.0,0,"Yes, I'm ready now. Then close your eyes, and tap your heels together three times."
m610,the wizard of oz,conv_82362,DOROTHY,GLINDA,f,f,2,46,0,0.0,0,"And think to yourself -- ""There's no place like home; there's no place like home; there's no place like home."" There's no place like home.  There's no place like home.  There's no place like home.  There's no place like home."
